src,dst,curr,next_hop
0,1,0,0
0,1,0,1
0,2,0,0
0,2,0,1
0,2,1,2
0,3,0,0
0,3,0,1
0,3,1,2
0,3,2,3
0,4,0,0
0,4,0,1
0,4,1,2
0,4,2,3
0,4,3,4
0,5,0,0
0,5,0,1
0,5,1,2
0,5,2,3
0,5,3,4
0,5,4,5
0,6,0,0
0,6,0,1
0,6,1,2
0,6,2,3
0,6,3,4
0,6,4,5
0,6,5,6
0,7,0,0
0,7,0,1
0,7,1,2
0,7,2,3
0,7,3,4
0,7,4,5
0,7,5,6
0,7,6,7
0,8,0,0
0,8,0,8
0,9,0,0
0,9,0,1
0,9,1,9
0,10,0,0
0,10,0,1
0,10,1,2
0,10,2,10
0,11,0,0
0,11,0,1
0,11,1,2
0,11,2,3
0,11,3,11
0,12,0,0
0,12,0,1
0,12,1,2
0,12,2,3
0,12,3,4
0,12,4,12
0,13,0,0
0,13,0,1
0,13,1,2
0,13,2,3
0,13,3,4
0,13,4,5
0,13,5,13
0,14,0,0
0,14,0,1
0,14,1,2
0,14,2,3
0,14,3,4
0,14,4,5
0,14,5,6
0,14,6,14
0,15,0,0
0,15,0,1
0,15,1,2
0,15,2,3
0,15,3,4
0,15,4,5
0,15,5,6
0,15,6,7
0,15,7,15
0,16,0,0
0,16,0,8
0,16,8,16
0,17,0,0
0,17,0,1
0,17,1,9
0,17,9,17
0,18,0,0
0,18,0,1
0,18,1,2
0,18,2,10
0,18,10,18
0,19,0,0
0,19,0,1
0,19,1,2
0,19,2,3
0,19,3,11
0,19,11,19
0,20,0,0
0,20,0,1
0,20,1,2
0,20,2,3
0,20,3,4
0,20,4,12
0,20,12,20
0,21,0,0
0,21,0,1
0,21,1,2
0,21,2,3
0,21,3,4
0,21,4,5
0,21,5,13
0,21,13,21
0,22,0,0
0,22,0,1
0,22,1,2
0,22,2,3
0,22,3,4
0,22,4,5
0,22,5,6
0,22,6,14
0,22,14,22
0,23,0,0
0,23,0,1
0,23,1,2
0,23,2,3
0,23,3,4
0,23,4,5
0,23,5,6
0,23,6,7
0,23,7,15
0,23,15,23
0,24,0,0
0,24,0,8
0,24,8,16
0,24,16,24
0,25,0,0
0,25,0,1
0,25,1,9
0,25,9,17
0,25,17,25
0,26,0,0
0,26,0,1
0,26,1,2
0,26,2,10
0,26,10,18
0,26,18,26
0,27,0,0
0,27,0,1
0,27,1,2
0,27,2,3
0,27,3,11
0,27,11,19
0,27,19,27
0,28,0,0
0,28,0,1
0,28,1,2
0,28,2,3
0,28,3,4
0,28,4,12
0,28,12,20
0,28,20,28
0,29,0,0
0,29,0,1
0,29,1,2
0,29,2,3
0,29,3,4
0,29,4,5
0,29,5,13
0,29,13,21
0,29,21,29
0,30,0,0
0,30,0,1
0,30,1,2
0,30,2,3
0,30,3,4
0,30,4,5
0,30,5,6
0,30,6,14
0,30,14,22
0,30,22,30
0,31,0,0
0,31,0,1
0,31,1,2
0,31,2,3
0,31,3,4
0,31,4,5
0,31,5,6
0,31,6,7
0,31,7,15
0,31,15,23
0,31,23,31
0,32,0,0
0,32,0,8
0,32,8,16
0,32,16,24
0,32,24,32
0,33,0,0
0,33,0,1
0,33,1,9
0,33,9,17
0,33,17,25
0,33,25,33
0,34,0,0
0,34,0,1
0,34,1,2
0,34,2,10
0,34,10,18
0,34,18,26
0,34,26,34
0,35,0,0
0,35,0,1
0,35,1,2
0,35,2,3
0,35,3,11
0,35,11,19
0,35,19,27
0,35,27,35
0,36,0,0
0,36,0,1
0,36,1,2
0,36,2,3
0,36,3,4
0,36,4,12
0,36,12,20
0,36,20,28
0,36,28,36
0,37,0,0
0,37,0,1
0,37,1,2
0,37,2,3
0,37,3,4
0,37,4,5
0,37,5,13
0,37,13,21
0,37,21,29
0,37,29,37
0,38,0,0
0,38,0,1
0,38,1,2
0,38,2,3
0,38,3,4
0,38,4,5
0,38,5,6
0,38,6,14
0,38,14,22
0,38,22,30
0,38,30,38
0,39,0,0
0,39,0,1
0,39,1,2
0,39,2,3
0,39,3,4
0,39,4,5
0,39,5,6
0,39,6,7
0,39,7,15
0,39,15,23
0,39,23,31
0,39,31,39
0,40,0,0
0,40,0,8
0,40,8,16
0,40,16,24
0,40,24,32
0,40,32,40
0,41,0,0
0,41,0,1
0,41,1,9
0,41,9,17
0,41,17,25
0,41,25,33
0,41,33,41
0,42,0,0
0,42,0,1
0,42,1,2
0,42,2,10
0,42,10,18
0,42,18,26
0,42,26,34
0,42,34,42
0,43,0,0
0,43,0,1
0,43,1,2
0,43,2,3
0,43,3,11
0,43,11,19
0,43,19,27
0,43,27,35
0,43,35,43
0,44,0,0
0,44,0,1
0,44,1,2
0,44,2,3
0,44,3,4
0,44,4,12
0,44,12,20
0,44,20,28
0,44,28,36
0,44,36,44
0,45,0,0
0,45,0,1
0,45,1,2
0,45,2,3
0,45,3,4
0,45,4,5
0,45,5,13
0,45,13,21
0,45,21,29
0,45,29,37
0,45,37,45
0,46,0,0
0,46,0,1
0,46,1,2
0,46,2,3
0,46,3,4
0,46,4,5
0,46,5,6
0,46,6,14
0,46,14,22
0,46,22,30
0,46,30,38
0,46,38,46
0,47,0,0
0,47,0,1
0,47,1,2
0,47,2,3
0,47,3,4
0,47,4,5
0,47,5,6
0,47,6,7
0,47,7,15
0,47,15,23
0,47,23,31
0,47,31,39
0,47,39,47
0,48,0,0
0,48,0,8
0,48,8,16
0,48,16,24
0,48,24,32
0,48,32,40
0,48,40,48
0,49,0,0
0,49,0,1
0,49,1,9
0,49,9,17
0,49,17,25
0,49,25,33
0,49,33,41
0,49,41,49
0,50,0,0
0,50,0,1
0,50,1,2
0,50,2,10
0,50,10,18
0,50,18,26
0,50,26,34
0,50,34,42
0,50,42,50
0,51,0,0
0,51,0,1
0,51,1,2
0,51,2,3
0,51,3,11
0,51,11,19
0,51,19,27
0,51,27,35
0,51,35,43
0,51,43,51
0,52,0,0
0,52,0,1
0,52,1,2
0,52,2,3
0,52,3,4
0,52,4,12
0,52,12,20
0,52,20,28
0,52,28,36
0,52,36,44
0,52,44,52
0,53,0,0
0,53,0,1
0,53,1,2
0,53,2,3
0,53,3,4
0,53,4,5
0,53,5,13
0,53,13,21
0,53,21,29
0,53,29,37
0,53,37,45
0,53,45,53
0,54,0,0
0,54,0,1
0,54,1,2
0,54,2,3
0,54,3,4
0,54,4,5
0,54,5,6
0,54,6,14
0,54,14,22
0,54,22,30
0,54,30,38
0,54,38,46
0,54,46,54
0,55,0,0
0,55,0,1
0,55,1,2
0,55,2,3
0,55,3,4
0,55,4,5
0,55,5,6
0,55,6,7
0,55,7,15
0,55,15,23
0,55,23,31
0,55,31,39
0,55,39,47
0,55,47,55
0,56,0,0
0,56,0,8
0,56,8,16
0,56,16,24
0,56,24,32
0,56,32,40
0,56,40,48
0,56,48,56
0,57,0,0
0,57,0,1
0,57,1,9
0,57,9,17
0,57,17,25
0,57,25,33
0,57,33,41
0,57,41,49
0,57,49,57
0,58,0,0
0,58,0,1
0,58,1,2
0,58,2,10
0,58,10,18
0,58,18,26
0,58,26,34
0,58,34,42
0,58,42,50
0,58,50,58
0,59,0,0
0,59,0,1
0,59,1,2
0,59,2,3
0,59,3,11
0,59,11,19
0,59,19,27
0,59,27,35
0,59,35,43
0,59,43,51
0,59,51,59
0,60,0,0
0,60,0,1
0,60,1,2
0,60,2,3
0,60,3,4
0,60,4,12
0,60,12,20
0,60,20,28
0,60,28,36
0,60,36,44
0,60,44,52
0,60,52,60
0,61,0,0
0,61,0,1
0,61,1,2
0,61,2,3
0,61,3,4
0,61,4,5
0,61,5,13
0,61,13,21
0,61,21,29
0,61,29,37
0,61,37,45
0,61,45,53
0,61,53,61
0,62,0,0
0,62,0,1
0,62,1,2
0,62,2,3
0,62,3,4
0,62,4,5
0,62,5,6
0,62,6,14
0,62,14,22
0,62,22,30
0,62,30,38
0,62,38,46
0,62,46,54
0,62,54,62
0,63,0,0
0,63,0,1
0,63,1,2
0,63,2,3
0,63,3,4
0,63,4,5
0,63,5,6
0,63,6,7
0,63,7,15
0,63,15,23
0,63,23,31
0,63,31,39
0,63,39,47
0,63,47,55
0,63,55,63
1,0,1,1
1,0,1,0
1,2,1,1
1,2,1,2
1,3,1,1
1,3,1,2
1,3,2,3
1,4,1,1
1,4,1,2
1,4,2,3
1,4,3,4
1,5,1,1
1,5,1,2
1,5,2,3
1,5,3,4
1,5,4,5
1,6,1,1
1,6,1,2
1,6,2,3
1,6,3,4
1,6,4,5
1,6,5,6
1,7,1,1
1,7,1,2
1,7,2,3
1,7,3,4
1,7,4,5
1,7,5,6
1,7,6,7
1,8,1,1
1,8,1,0
1,8,0,8
1,9,1,1
1,9,1,9
1,10,1,1
1,10,1,2
1,10,2,10
1,11,1,1
1,11,1,2
1,11,2,3
1,11,3,11
1,12,1,1
1,12,1,2
1,12,2,3
1,12,3,4
1,12,4,12
1,13,1,1
1,13,1,2
1,13,2,3
1,13,3,4
1,13,4,5
1,13,5,13
1,14,1,1
1,14,1,2
1,14,2,3
1,14,3,4
1,14,4,5
1,14,5,6
1,14,6,14
1,15,1,1
1,15,1,2
1,15,2,3
1,15,3,4
1,15,4,5
1,15,5,6
1,15,6,7
1,15,7,15
1,16,1,1
1,16,1,0
1,16,0,8
1,16,8,16
1,17,1,1
1,17,1,9
1,17,9,17
1,18,1,1
1,18,1,2
1,18,2,10
1,18,10,18
1,19,1,1
1,19,1,2
1,19,2,3
1,19,3,11
1,19,11,19
1,20,1,1
1,20,1,2
1,20,2,3
1,20,3,4
1,20,4,12
1,20,12,20
1,21,1,1
1,21,1,2
1,21,2,3
1,21,3,4
1,21,4,5
1,21,5,13
1,21,13,21
1,22,1,1
1,22,1,2
1,22,2,3
1,22,3,4
1,22,4,5
1,22,5,6
1,22,6,14
1,22,14,22
1,23,1,1
1,23,1,2
1,23,2,3
1,23,3,4
1,23,4,5
1,23,5,6
1,23,6,7
1,23,7,15
1,23,15,23
1,24,1,1
1,24,1,0
1,24,0,8
1,24,8,16
1,24,16,24
1,25,1,1
1,25,1,9
1,25,9,17
1,25,17,25
1,26,1,1
1,26,1,2
1,26,2,10
1,26,10,18
1,26,18,26
1,27,1,1
1,27,1,2
1,27,2,3
1,27,3,11
1,27,11,19
1,27,19,27
1,28,1,1
1,28,1,2
1,28,2,3
1,28,3,4
1,28,4,12
1,28,12,20
1,28,20,28
1,29,1,1
1,29,1,2
1,29,2,3
1,29,3,4
1,29,4,5
1,29,5,13
1,29,13,21
1,29,21,29
1,30,1,1
1,30,1,2
1,30,2,3
1,30,3,4
1,30,4,5
1,30,5,6
1,30,6,14
1,30,14,22
1,30,22,30
1,31,1,1
1,31,1,2
1,31,2,3
1,31,3,4
1,31,4,5
1,31,5,6
1,31,6,7
1,31,7,15
1,31,15,23
1,31,23,31
1,32,1,1
1,32,1,0
1,32,0,8
1,32,8,16
1,32,16,24
1,32,24,32
1,33,1,1
1,33,1,9
1,33,9,17
1,33,17,25
1,33,25,33
1,34,1,1
1,34,1,2
1,34,2,10
1,34,10,18
1,34,18,26
1,34,26,34
1,35,1,1
1,35,1,2
1,35,2,3
1,35,3,11
1,35,11,19
1,35,19,27
1,35,27,35
1,36,1,1
1,36,1,2
1,36,2,3
1,36,3,4
1,36,4,12
1,36,12,20
1,36,20,28
1,36,28,36
1,37,1,1
1,37,1,2
1,37,2,3
1,37,3,4
1,37,4,5
1,37,5,13
1,37,13,21
1,37,21,29
1,37,29,37
1,38,1,1
1,38,1,2
1,38,2,3
1,38,3,4
1,38,4,5
1,38,5,6
1,38,6,14
1,38,14,22
1,38,22,30
1,38,30,38
1,39,1,1
1,39,1,2
1,39,2,3
1,39,3,4
1,39,4,5
1,39,5,6
1,39,6,7
1,39,7,15
1,39,15,23
1,39,23,31
1,39,31,39
1,40,1,1
1,40,1,0
1,40,0,8
1,40,8,16
1,40,16,24
1,40,24,32
1,40,32,40
1,41,1,1
1,41,1,9
1,41,9,17
1,41,17,25
1,41,25,33
1,41,33,41
1,42,1,1
1,42,1,2
1,42,2,10
1,42,10,18
1,42,18,26
1,42,26,34
1,42,34,42
1,43,1,1
1,43,1,2
1,43,2,3
1,43,3,11
1,43,11,19
1,43,19,27
1,43,27,35
1,43,35,43
1,44,1,1
1,44,1,2
1,44,2,3
1,44,3,4
1,44,4,12
1,44,12,20
1,44,20,28
1,44,28,36
1,44,36,44
1,45,1,1
1,45,1,2
1,45,2,3
1,45,3,4
1,45,4,5
1,45,5,13
1,45,13,21
1,45,21,29
1,45,29,37
1,45,37,45
1,46,1,1
1,46,1,2
1,46,2,3
1,46,3,4
1,46,4,5
1,46,5,6
1,46,6,14
1,46,14,22
1,46,22,30
1,46,30,38
1,46,38,46
1,47,1,1
1,47,1,2
1,47,2,3
1,47,3,4
1,47,4,5
1,47,5,6
1,47,6,7
1,47,7,15
1,47,15,23
1,47,23,31
1,47,31,39
1,47,39,47
1,48,1,1
1,48,1,0
1,48,0,8
1,48,8,16
1,48,16,24
1,48,24,32
1,48,32,40
1,48,40,48
1,49,1,1
1,49,1,9
1,49,9,17
1,49,17,25
1,49,25,33
1,49,33,41
1,49,41,49
1,50,1,1
1,50,1,2
1,50,2,10
1,50,10,18
1,50,18,26
1,50,26,34
1,50,34,42
1,50,42,50
1,51,1,1
1,51,1,2
1,51,2,3
1,51,3,11
1,51,11,19
1,51,19,27
1,51,27,35
1,51,35,43
1,51,43,51
1,52,1,1
1,52,1,2
1,52,2,3
1,52,3,4
1,52,4,12
1,52,12,20
1,52,20,28
1,52,28,36
1,52,36,44
1,52,44,52
1,53,1,1
1,53,1,2
1,53,2,3
1,53,3,4
1,53,4,5
1,53,5,13
1,53,13,21
1,53,21,29
1,53,29,37
1,53,37,45
1,53,45,53
1,54,1,1
1,54,1,2
1,54,2,3
1,54,3,4
1,54,4,5
1,54,5,6
1,54,6,14
1,54,14,22
1,54,22,30
1,54,30,38
1,54,38,46
1,54,46,54
1,55,1,1
1,55,1,2
1,55,2,3
1,55,3,4
1,55,4,5
1,55,5,6
1,55,6,7
1,55,7,15
1,55,15,23
1,55,23,31
1,55,31,39
1,55,39,47
1,55,47,55
1,56,1,1
1,56,1,0
1,56,0,8
1,56,8,16
1,56,16,24
1,56,24,32
1,56,32,40
1,56,40,48
1,56,48,56
1,57,1,1
1,57,1,9
1,57,9,17
1,57,17,25
1,57,25,33
1,57,33,41
1,57,41,49
1,57,49,57
1,58,1,1
1,58,1,2
1,58,2,10
1,58,10,18
1,58,18,26
1,58,26,34
1,58,34,42
1,58,42,50
1,58,50,58
1,59,1,1
1,59,1,2
1,59,2,3
1,59,3,11
1,59,11,19
1,59,19,27
1,59,27,35
1,59,35,43
1,59,43,51
1,59,51,59
1,60,1,1
1,60,1,2
1,60,2,3
1,60,3,4
1,60,4,12
1,60,12,20
1,60,20,28
1,60,28,36
1,60,36,44
1,60,44,52
1,60,52,60
1,61,1,1
1,61,1,2
1,61,2,3
1,61,3,4
1,61,4,5
1,61,5,13
1,61,13,21
1,61,21,29
1,61,29,37
1,61,37,45
1,61,45,53
1,61,53,61
1,62,1,1
1,62,1,2
1,62,2,3
1,62,3,4
1,62,4,5
1,62,5,6
1,62,6,14
1,62,14,22
1,62,22,30
1,62,30,38
1,62,38,46
1,62,46,54
1,62,54,62
1,63,1,1
1,63,1,2
1,63,2,3
1,63,3,4
1,63,4,5
1,63,5,6
1,63,6,7
1,63,7,15
1,63,15,23
1,63,23,31
1,63,31,39
1,63,39,47
1,63,47,55
1,63,55,63
2,0,2,2
2,0,2,1
2,0,1,0
2,1,2,2
2,1,2,1
2,3,2,2
2,3,2,3
2,4,2,2
2,4,2,3
2,4,3,4
2,5,2,2
2,5,2,3
2,5,3,4
2,5,4,5
2,6,2,2
2,6,2,3
2,6,3,4
2,6,4,5
2,6,5,6
2,7,2,2
2,7,2,3
2,7,3,4
2,7,4,5
2,7,5,6
2,7,6,7
2,8,2,2
2,8,2,1
2,8,1,0
2,8,0,8
2,9,2,2
2,9,2,1
2,9,1,9
2,10,2,2
2,10,2,10
2,11,2,2
2,11,2,3
2,11,3,11
2,12,2,2
2,12,2,3
2,12,3,4
2,12,4,12
2,13,2,2
2,13,2,3
2,13,3,4
2,13,4,5
2,13,5,13
2,14,2,2
2,14,2,3
2,14,3,4
2,14,4,5
2,14,5,6
2,14,6,14
2,15,2,2
2,15,2,3
2,15,3,4
2,15,4,5
2,15,5,6
2,15,6,7
2,15,7,15
2,16,2,2
2,16,2,1
2,16,1,0
2,16,0,8
2,16,8,16
2,17,2,2
2,17,2,1
2,17,1,9
2,17,9,17
2,18,2,2
2,18,2,10
2,18,10,18
2,19,2,2
2,19,2,3
2,19,3,11
2,19,11,19
2,20,2,2
2,20,2,3
2,20,3,4
2,20,4,12
2,20,12,20
2,21,2,2
2,21,2,3
2,21,3,4
2,21,4,5
2,21,5,13
2,21,13,21
2,22,2,2
2,22,2,3
2,22,3,4
2,22,4,5
2,22,5,6
2,22,6,14
2,22,14,22
2,23,2,2
2,23,2,3
2,23,3,4
2,23,4,5
2,23,5,6
2,23,6,7
2,23,7,15
2,23,15,23
2,24,2,2
2,24,2,1
2,24,1,0
2,24,0,8
2,24,8,16
2,24,16,24
2,25,2,2
2,25,2,1
2,25,1,9
2,25,9,17
2,25,17,25
2,26,2,2
2,26,2,10
2,26,10,18
2,26,18,26
2,27,2,2
2,27,2,3
2,27,3,11
2,27,11,19
2,27,19,27
2,28,2,2
2,28,2,3
2,28,3,4
2,28,4,12
2,28,12,20
2,28,20,28
2,29,2,2
2,29,2,3
2,29,3,4
2,29,4,5
2,29,5,13
2,29,13,21
2,29,21,29
2,30,2,2
2,30,2,3
2,30,3,4
2,30,4,5
2,30,5,6
2,30,6,14
2,30,14,22
2,30,22,30
2,31,2,2
2,31,2,3
2,31,3,4
2,31,4,5
2,31,5,6
2,31,6,7
2,31,7,15
2,31,15,23
2,31,23,31
2,32,2,2
2,32,2,1
2,32,1,0
2,32,0,8
2,32,8,16
2,32,16,24
2,32,24,32
2,33,2,2
2,33,2,1
2,33,1,9
2,33,9,17
2,33,17,25
2,33,25,33
2,34,2,2
2,34,2,10
2,34,10,18
2,34,18,26
2,34,26,34
2,35,2,2
2,35,2,3
2,35,3,11
2,35,11,19
2,35,19,27
2,35,27,35
2,36,2,2
2,36,2,3
2,36,3,4
2,36,4,12
2,36,12,20
2,36,20,28
2,36,28,36
2,37,2,2
2,37,2,3
2,37,3,4
2,37,4,5
2,37,5,13
2,37,13,21
2,37,21,29
2,37,29,37
2,38,2,2
2,38,2,3
2,38,3,4
2,38,4,5
2,38,5,6
2,38,6,14
2,38,14,22
2,38,22,30
2,38,30,38
2,39,2,2
2,39,2,3
2,39,3,4
2,39,4,5
2,39,5,6
2,39,6,7
2,39,7,15
2,39,15,23
2,39,23,31
2,39,31,39
2,40,2,2
2,40,2,1
2,40,1,0
2,40,0,8
2,40,8,16
2,40,16,24
2,40,24,32
2,40,32,40
2,41,2,2
2,41,2,1
2,41,1,9
2,41,9,17
2,41,17,25
2,41,25,33
2,41,33,41
2,42,2,2
2,42,2,10
2,42,10,18
2,42,18,26
2,42,26,34
2,42,34,42
2,43,2,2
2,43,2,3
2,43,3,11
2,43,11,19
2,43,19,27
2,43,27,35
2,43,35,43
2,44,2,2
2,44,2,3
2,44,3,4
2,44,4,12
2,44,12,20
2,44,20,28
2,44,28,36
2,44,36,44
2,45,2,2
2,45,2,3
2,45,3,4
2,45,4,5
2,45,5,13
2,45,13,21
2,45,21,29
2,45,29,37
2,45,37,45
2,46,2,2
2,46,2,3
2,46,3,4
2,46,4,5
2,46,5,6
2,46,6,14
2,46,14,22
2,46,22,30
2,46,30,38
2,46,38,46
2,47,2,2
2,47,2,3
2,47,3,4
2,47,4,5
2,47,5,6
2,47,6,7
2,47,7,15
2,47,15,23
2,47,23,31
2,47,31,39
2,47,39,47
2,48,2,2
2,48,2,1
2,48,1,0
2,48,0,8
2,48,8,16
2,48,16,24
2,48,24,32
2,48,32,40
2,48,40,48
2,49,2,2
2,49,2,1
2,49,1,9
2,49,9,17
2,49,17,25
2,49,25,33
2,49,33,41
2,49,41,49
2,50,2,2
2,50,2,10
2,50,10,18
2,50,18,26
2,50,26,34
2,50,34,42
2,50,42,50
2,51,2,2
2,51,2,3
2,51,3,11
2,51,11,19
2,51,19,27
2,51,27,35
2,51,35,43
2,51,43,51
2,52,2,2
2,52,2,3
2,52,3,4
2,52,4,12
2,52,12,20
2,52,20,28
2,52,28,36
2,52,36,44
2,52,44,52
2,53,2,2
2,53,2,3
2,53,3,4
2,53,4,5
2,53,5,13
2,53,13,21
2,53,21,29
2,53,29,37
2,53,37,45
2,53,45,53
2,54,2,2
2,54,2,3
2,54,3,4
2,54,4,5
2,54,5,6
2,54,6,14
2,54,14,22
2,54,22,30
2,54,30,38
2,54,38,46
2,54,46,54
2,55,2,2
2,55,2,3
2,55,3,4
2,55,4,5
2,55,5,6
2,55,6,7
2,55,7,15
2,55,15,23
2,55,23,31
2,55,31,39
2,55,39,47
2,55,47,55
2,56,2,2
2,56,2,1
2,56,1,0
2,56,0,8
2,56,8,16
2,56,16,24
2,56,24,32
2,56,32,40
2,56,40,48
2,56,48,56
2,57,2,2
2,57,2,1
2,57,1,9
2,57,9,17
2,57,17,25
2,57,25,33
2,57,33,41
2,57,41,49
2,57,49,57
2,58,2,2
2,58,2,10
2,58,10,18
2,58,18,26
2,58,26,34
2,58,34,42
2,58,42,50
2,58,50,58
2,59,2,2
2,59,2,3
2,59,3,11
2,59,11,19
2,59,19,27
2,59,27,35
2,59,35,43
2,59,43,51
2,59,51,59
2,60,2,2
2,60,2,3
2,60,3,4
2,60,4,12
2,60,12,20
2,60,20,28
2,60,28,36
2,60,36,44
2,60,44,52
2,60,52,60
2,61,2,2
2,61,2,3
2,61,3,4
2,61,4,5
2,61,5,13
2,61,13,21
2,61,21,29
2,61,29,37
2,61,37,45
2,61,45,53
2,61,53,61
2,62,2,2
2,62,2,3
2,62,3,4
2,62,4,5
2,62,5,6
2,62,6,14
2,62,14,22
2,62,22,30
2,62,30,38
2,62,38,46
2,62,46,54
2,62,54,62
2,63,2,2
2,63,2,3
2,63,3,4
2,63,4,5
2,63,5,6
2,63,6,7
2,63,7,15
2,63,15,23
2,63,23,31
2,63,31,39
2,63,39,47
2,63,47,55
2,63,55,63
3,0,3,3
3,0,3,2
3,0,2,1
3,0,1,0
3,1,3,3
3,1,3,2
3,1,2,1
3,2,3,3
3,2,3,2
3,4,3,3
3,4,3,4
3,5,3,3
3,5,3,4
3,5,4,5
3,6,3,3
3,6,3,4
3,6,4,5
3,6,5,6
3,7,3,3
3,7,3,4
3,7,4,5
3,7,5,6
3,7,6,7
3,8,3,3
3,8,3,2
3,8,2,1
3,8,1,0
3,8,0,8
3,9,3,3
3,9,3,2
3,9,2,1
3,9,1,9
3,10,3,3
3,10,3,2
3,10,2,10
3,11,3,3
3,11,3,11
3,12,3,3
3,12,3,4
3,12,4,12
3,13,3,3
3,13,3,4
3,13,4,5
3,13,5,13
3,14,3,3
3,14,3,4
3,14,4,5
3,14,5,6
3,14,6,14
3,15,3,3
3,15,3,4
3,15,4,5
3,15,5,6
3,15,6,7
3,15,7,15
3,16,3,3
3,16,3,2
3,16,2,1
3,16,1,0
3,16,0,8
3,16,8,16
3,17,3,3
3,17,3,2
3,17,2,1
3,17,1,9
3,17,9,17
3,18,3,3
3,18,3,2
3,18,2,10
3,18,10,18
3,19,3,3
3,19,3,11
3,19,11,19
3,20,3,3
3,20,3,4
3,20,4,12
3,20,12,20
3,21,3,3
3,21,3,4
3,21,4,5
3,21,5,13
3,21,13,21
3,22,3,3
3,22,3,4
3,22,4,5
3,22,5,6
3,22,6,14
3,22,14,22
3,23,3,3
3,23,3,4
3,23,4,5
3,23,5,6
3,23,6,7
3,23,7,15
3,23,15,23
3,24,3,3
3,24,3,2
3,24,2,1
3,24,1,0
3,24,0,8
3,24,8,16
3,24,16,24
3,25,3,3
3,25,3,2
3,25,2,1
3,25,1,9
3,25,9,17
3,25,17,25
3,26,3,3
3,26,3,2
3,26,2,10
3,26,10,18
3,26,18,26
3,27,3,3
3,27,3,11
3,27,11,19
3,27,19,27
3,28,3,3
3,28,3,4
3,28,4,12
3,28,12,20
3,28,20,28
3,29,3,3
3,29,3,4
3,29,4,5
3,29,5,13
3,29,13,21
3,29,21,29
3,30,3,3
3,30,3,4
3,30,4,5
3,30,5,6
3,30,6,14
3,30,14,22
3,30,22,30
3,31,3,3
3,31,3,4
3,31,4,5
3,31,5,6
3,31,6,7
3,31,7,15
3,31,15,23
3,31,23,31
3,32,3,3
3,32,3,2
3,32,2,1
3,32,1,0
3,32,0,8
3,32,8,16
3,32,16,24
3,32,24,32
3,33,3,3
3,33,3,2
3,33,2,1
3,33,1,9
3,33,9,17
3,33,17,25
3,33,25,33
3,34,3,3
3,34,3,2
3,34,2,10
3,34,10,18
3,34,18,26
3,34,26,34
3,35,3,3
3,35,3,11
3,35,11,19
3,35,19,27
3,35,27,35
3,36,3,3
3,36,3,4
3,36,4,12
3,36,12,20
3,36,20,28
3,36,28,36
3,37,3,3
3,37,3,4
3,37,4,5
3,37,5,13
3,37,13,21
3,37,21,29
3,37,29,37
3,38,3,3
3,38,3,4
3,38,4,5
3,38,5,6
3,38,6,14
3,38,14,22
3,38,22,30
3,38,30,38
3,39,3,3
3,39,3,4
3,39,4,5
3,39,5,6
3,39,6,7
3,39,7,15
3,39,15,23
3,39,23,31
3,39,31,39
3,40,3,3
3,40,3,2
3,40,2,1
3,40,1,0
3,40,0,8
3,40,8,16
3,40,16,24
3,40,24,32
3,40,32,40
3,41,3,3
3,41,3,2
3,41,2,1
3,41,1,9
3,41,9,17
3,41,17,25
3,41,25,33
3,41,33,41
3,42,3,3
3,42,3,2
3,42,2,10
3,42,10,18
3,42,18,26
3,42,26,34
3,42,34,42
3,43,3,3
3,43,3,11
3,43,11,19
3,43,19,27
3,43,27,35
3,43,35,43
3,44,3,3
3,44,3,4
3,44,4,12
3,44,12,20
3,44,20,28
3,44,28,36
3,44,36,44
3,45,3,3
3,45,3,4
3,45,4,5
3,45,5,13
3,45,13,21
3,45,21,29
3,45,29,37
3,45,37,45
3,46,3,3
3,46,3,4
3,46,4,5
3,46,5,6
3,46,6,14
3,46,14,22
3,46,22,30
3,46,30,38
3,46,38,46
3,47,3,3
3,47,3,4
3,47,4,5
3,47,5,6
3,47,6,7
3,47,7,15
3,47,15,23
3,47,23,31
3,47,31,39
3,47,39,47
3,48,3,3
3,48,3,2
3,48,2,1
3,48,1,0
3,48,0,8
3,48,8,16
3,48,16,24
3,48,24,32
3,48,32,40
3,48,40,48
3,49,3,3
3,49,3,2
3,49,2,1
3,49,1,9
3,49,9,17
3,49,17,25
3,49,25,33
3,49,33,41
3,49,41,49
3,50,3,3
3,50,3,2
3,50,2,10
3,50,10,18
3,50,18,26
3,50,26,34
3,50,34,42
3,50,42,50
3,51,3,3
3,51,3,11
3,51,11,19
3,51,19,27
3,51,27,35
3,51,35,43
3,51,43,51
3,52,3,3
3,52,3,4
3,52,4,12
3,52,12,20
3,52,20,28
3,52,28,36
3,52,36,44
3,52,44,52
3,53,3,3
3,53,3,4
3,53,4,5
3,53,5,13
3,53,13,21
3,53,21,29
3,53,29,37
3,53,37,45
3,53,45,53
3,54,3,3
3,54,3,4
3,54,4,5
3,54,5,6
3,54,6,14
3,54,14,22
3,54,22,30
3,54,30,38
3,54,38,46
3,54,46,54
3,55,3,3
3,55,3,4
3,55,4,5
3,55,5,6
3,55,6,7
3,55,7,15
3,55,15,23
3,55,23,31
3,55,31,39
3,55,39,47
3,55,47,55
3,56,3,3
3,56,3,2
3,56,2,1
3,56,1,0
3,56,0,8
3,56,8,16
3,56,16,24
3,56,24,32
3,56,32,40
3,56,40,48
3,56,48,56
3,57,3,3
3,57,3,2
3,57,2,1
3,57,1,9
3,57,9,17
3,57,17,25
3,57,25,33
3,57,33,41
3,57,41,49
3,57,49,57
3,58,3,3
3,58,3,2
3,58,2,10
3,58,10,18
3,58,18,26
3,58,26,34
3,58,34,42
3,58,42,50
3,58,50,58
3,59,3,3
3,59,3,11
3,59,11,19
3,59,19,27
3,59,27,35
3,59,35,43
3,59,43,51
3,59,51,59
3,60,3,3
3,60,3,4
3,60,4,12
3,60,12,20
3,60,20,28
3,60,28,36
3,60,36,44
3,60,44,52
3,60,52,60
3,61,3,3
3,61,3,4
3,61,4,5
3,61,5,13
3,61,13,21
3,61,21,29
3,61,29,37
3,61,37,45
3,61,45,53
3,61,53,61
3,62,3,3
3,62,3,4
3,62,4,5
3,62,5,6
3,62,6,14
3,62,14,22
3,62,22,30
3,62,30,38
3,62,38,46
3,62,46,54
3,62,54,62
3,63,3,3
3,63,3,4
3,63,4,5
3,63,5,6
3,63,6,7
3,63,7,15
3,63,15,23
3,63,23,31
3,63,31,39
3,63,39,47
3,63,47,55
3,63,55,63
4,0,4,4
4,0,4,3
4,0,3,2
4,0,2,1
4,0,1,0
4,1,4,4
4,1,4,3
4,1,3,2
4,1,2,1
4,2,4,4
4,2,4,3
4,2,3,2
4,3,4,4
4,3,4,3
4,5,4,4
4,5,4,5
4,6,4,4
4,6,4,5
4,6,5,6
4,7,4,4
4,7,4,5
4,7,5,6
4,7,6,7
4,8,4,4
4,8,4,3
4,8,3,2
4,8,2,1
4,8,1,0
4,8,0,8
4,9,4,4
4,9,4,3
4,9,3,2
4,9,2,1
4,9,1,9
4,10,4,4
4,10,4,3
4,10,3,2
4,10,2,10
4,11,4,4
4,11,4,3
4,11,3,11
4,12,4,4
4,12,4,12
4,13,4,4
4,13,4,5
4,13,5,13
4,14,4,4
4,14,4,5
4,14,5,6
4,14,6,14
4,15,4,4
4,15,4,5
4,15,5,6
4,15,6,7
4,15,7,15
4,16,4,4
4,16,4,3
4,16,3,2
4,16,2,1
4,16,1,0
4,16,0,8
4,16,8,16
4,17,4,4
4,17,4,3
4,17,3,2
4,17,2,1
4,17,1,9
4,17,9,17
4,18,4,4
4,18,4,3
4,18,3,2
4,18,2,10
4,18,10,18
4,19,4,4
4,19,4,3
4,19,3,11
4,19,11,19
4,20,4,4
4,20,4,12
4,20,12,20
4,21,4,4
4,21,4,5
4,21,5,13
4,21,13,21
4,22,4,4
4,22,4,5
4,22,5,6
4,22,6,14
4,22,14,22
4,23,4,4
4,23,4,5
4,23,5,6
4,23,6,7
4,23,7,15
4,23,15,23
4,24,4,4
4,24,4,3
4,24,3,2
4,24,2,1
4,24,1,0
4,24,0,8
4,24,8,16
4,24,16,24
4,25,4,4
4,25,4,3
4,25,3,2
4,25,2,1
4,25,1,9
4,25,9,17
4,25,17,25
4,26,4,4
4,26,4,3
4,26,3,2
4,26,2,10
4,26,10,18
4,26,18,26
4,27,4,4
4,27,4,3
4,27,3,11
4,27,11,19
4,27,19,27
4,28,4,4
4,28,4,12
4,28,12,20
4,28,20,28
4,29,4,4
4,29,4,5
4,29,5,13
4,29,13,21
4,29,21,29
4,30,4,4
4,30,4,5
4,30,5,6
4,30,6,14
4,30,14,22
4,30,22,30
4,31,4,4
4,31,4,5
4,31,5,6
4,31,6,7
4,31,7,15
4,31,15,23
4,31,23,31
4,32,4,4
4,32,4,3
4,32,3,2
4,32,2,1
4,32,1,0
4,32,0,8
4,32,8,16
4,32,16,24
4,32,24,32
4,33,4,4
4,33,4,3
4,33,3,2
4,33,2,1
4,33,1,9
4,33,9,17
4,33,17,25
4,33,25,33
4,34,4,4
4,34,4,3
4,34,3,2
4,34,2,10
4,34,10,18
4,34,18,26
4,34,26,34
4,35,4,4
4,35,4,3
4,35,3,11
4,35,11,19
4,35,19,27
4,35,27,35
4,36,4,4
4,36,4,12
4,36,12,20
4,36,20,28
4,36,28,36
4,37,4,4
4,37,4,5
4,37,5,13
4,37,13,21
4,37,21,29
4,37,29,37
4,38,4,4
4,38,4,5
4,38,5,6
4,38,6,14
4,38,14,22
4,38,22,30
4,38,30,38
4,39,4,4
4,39,4,5
4,39,5,6
4,39,6,7
4,39,7,15
4,39,15,23
4,39,23,31
4,39,31,39
4,40,4,4
4,40,4,3
4,40,3,2
4,40,2,1
4,40,1,0
4,40,0,8
4,40,8,16
4,40,16,24
4,40,24,32
4,40,32,40
4,41,4,4
4,41,4,3
4,41,3,2
4,41,2,1
4,41,1,9
4,41,9,17
4,41,17,25
4,41,25,33
4,41,33,41
4,42,4,4
4,42,4,3
4,42,3,2
4,42,2,10
4,42,10,18
4,42,18,26
4,42,26,34
4,42,34,42
4,43,4,4
4,43,4,3
4,43,3,11
4,43,11,19
4,43,19,27
4,43,27,35
4,43,35,43
4,44,4,4
4,44,4,12
4,44,12,20
4,44,20,28
4,44,28,36
4,44,36,44
4,45,4,4
4,45,4,5
4,45,5,13
4,45,13,21
4,45,21,29
4,45,29,37
4,45,37,45
4,46,4,4
4,46,4,5
4,46,5,6
4,46,6,14
4,46,14,22
4,46,22,30
4,46,30,38
4,46,38,46
4,47,4,4
4,47,4,5
4,47,5,6
4,47,6,7
4,47,7,15
4,47,15,23
4,47,23,31
4,47,31,39
4,47,39,47
4,48,4,4
4,48,4,3
4,48,3,2
4,48,2,1
4,48,1,0
4,48,0,8
4,48,8,16
4,48,16,24
4,48,24,32
4,48,32,40
4,48,40,48
4,49,4,4
4,49,4,3
4,49,3,2
4,49,2,1
4,49,1,9
4,49,9,17
4,49,17,25
4,49,25,33
4,49,33,41
4,49,41,49
4,50,4,4
4,50,4,3
4,50,3,2
4,50,2,10
4,50,10,18
4,50,18,26
4,50,26,34
4,50,34,42
4,50,42,50
4,51,4,4
4,51,4,3
4,51,3,11
4,51,11,19
4,51,19,27
4,51,27,35
4,51,35,43
4,51,43,51
4,52,4,4
4,52,4,12
4,52,12,20
4,52,20,28
4,52,28,36
4,52,36,44
4,52,44,52
4,53,4,4
4,53,4,5
4,53,5,13
4,53,13,21
4,53,21,29
4,53,29,37
4,53,37,45
4,53,45,53
4,54,4,4
4,54,4,5
4,54,5,6
4,54,6,14
4,54,14,22
4,54,22,30
4,54,30,38
4,54,38,46
4,54,46,54
4,55,4,4
4,55,4,5
4,55,5,6
4,55,6,7
4,55,7,15
4,55,15,23
4,55,23,31
4,55,31,39
4,55,39,47
4,55,47,55
4,56,4,4
4,56,4,3
4,56,3,2
4,56,2,1
4,56,1,0
4,56,0,8
4,56,8,16
4,56,16,24
4,56,24,32
4,56,32,40
4,56,40,48
4,56,48,56
4,57,4,4
4,57,4,3
4,57,3,2
4,57,2,1
4,57,1,9
4,57,9,17
4,57,17,25
4,57,25,33
4,57,33,41
4,57,41,49
4,57,49,57
4,58,4,4
4,58,4,3
4,58,3,2
4,58,2,10
4,58,10,18
4,58,18,26
4,58,26,34
4,58,34,42
4,58,42,50
4,58,50,58
4,59,4,4
4,59,4,3
4,59,3,11
4,59,11,19
4,59,19,27
4,59,27,35
4,59,35,43
4,59,43,51
4,59,51,59
4,60,4,4
4,60,4,12
4,60,12,20
4,60,20,28
4,60,28,36
4,60,36,44
4,60,44,52
4,60,52,60
4,61,4,4
4,61,4,5
4,61,5,13
4,61,13,21
4,61,21,29
4,61,29,37
4,61,37,45
4,61,45,53
4,61,53,61
4,62,4,4
4,62,4,5
4,62,5,6
4,62,6,14
4,62,14,22
4,62,22,30
4,62,30,38
4,62,38,46
4,62,46,54
4,62,54,62
4,63,4,4
4,63,4,5
4,63,5,6
4,63,6,7
4,63,7,15
4,63,15,23
4,63,23,31
4,63,31,39
4,63,39,47
4,63,47,55
4,63,55,63
5,0,5,5
5,0,5,4
5,0,4,3
5,0,3,2
5,0,2,1
5,0,1,0
5,1,5,5
5,1,5,4
5,1,4,3
5,1,3,2
5,1,2,1
5,2,5,5
5,2,5,4
5,2,4,3
5,2,3,2
5,3,5,5
5,3,5,4
5,3,4,3
5,4,5,5
5,4,5,4
5,6,5,5
5,6,5,6
5,7,5,5
5,7,5,6
5,7,6,7
5,8,5,5
5,8,5,4
5,8,4,3
5,8,3,2
5,8,2,1
5,8,1,0
5,8,0,8
5,9,5,5
5,9,5,4
5,9,4,3
5,9,3,2
5,9,2,1
5,9,1,9
5,10,5,5
5,10,5,4
5,10,4,3
5,10,3,2
5,10,2,10
5,11,5,5
5,11,5,4
5,11,4,3
5,11,3,11
5,12,5,5
5,12,5,4
5,12,4,12
5,13,5,5
5,13,5,13
5,14,5,5
5,14,5,6
5,14,6,14
5,15,5,5
5,15,5,6
5,15,6,7
5,15,7,15
5,16,5,5
5,16,5,4
5,16,4,3
5,16,3,2
5,16,2,1
5,16,1,0
5,16,0,8
5,16,8,16
5,17,5,5
5,17,5,4
5,17,4,3
5,17,3,2
5,17,2,1
5,17,1,9
5,17,9,17
5,18,5,5
5,18,5,4
5,18,4,3
5,18,3,2
5,18,2,10
5,18,10,18
5,19,5,5
5,19,5,4
5,19,4,3
5,19,3,11
5,19,11,19
5,20,5,5
5,20,5,4
5,20,4,12
5,20,12,20
5,21,5,5
5,21,5,13
5,21,13,21
5,22,5,5
5,22,5,6
5,22,6,14
5,22,14,22
5,23,5,5
5,23,5,6
5,23,6,7
5,23,7,15
5,23,15,23
5,24,5,5
5,24,5,4
5,24,4,3
5,24,3,2
5,24,2,1
5,24,1,0
5,24,0,8
5,24,8,16
5,24,16,24
5,25,5,5
5,25,5,4
5,25,4,3
5,25,3,2
5,25,2,1
5,25,1,9
5,25,9,17
5,25,17,25
5,26,5,5
5,26,5,4
5,26,4,3
5,26,3,2
5,26,2,10
5,26,10,18
5,26,18,26
5,27,5,5
5,27,5,4
5,27,4,3
5,27,3,11
5,27,11,19
5,27,19,27
5,28,5,5
5,28,5,4
5,28,4,12
5,28,12,20
5,28,20,28
5,29,5,5
5,29,5,13
5,29,13,21
5,29,21,29
5,30,5,5
5,30,5,6
5,30,6,14
5,30,14,22
5,30,22,30
5,31,5,5
5,31,5,6
5,31,6,7
5,31,7,15
5,31,15,23
5,31,23,31
5,32,5,5
5,32,5,4
5,32,4,3
5,32,3,2
5,32,2,1
5,32,1,0
5,32,0,8
5,32,8,16
5,32,16,24
5,32,24,32
5,33,5,5
5,33,5,4
5,33,4,3
5,33,3,2
5,33,2,1
5,33,1,9
5,33,9,17
5,33,17,25
5,33,25,33
5,34,5,5
5,34,5,4
5,34,4,3
5,34,3,2
5,34,2,10
5,34,10,18
5,34,18,26
5,34,26,34
5,35,5,5
5,35,5,4
5,35,4,3
5,35,3,11
5,35,11,19
5,35,19,27
5,35,27,35
5,36,5,5
5,36,5,4
5,36,4,12
5,36,12,20
5,36,20,28
5,36,28,36
5,37,5,5
5,37,5,13
5,37,13,21
5,37,21,29
5,37,29,37
5,38,5,5
5,38,5,6
5,38,6,14
5,38,14,22
5,38,22,30
5,38,30,38
5,39,5,5
5,39,5,6
5,39,6,7
5,39,7,15
5,39,15,23
5,39,23,31
5,39,31,39
5,40,5,5
5,40,5,4
5,40,4,3
5,40,3,2
5,40,2,1
5,40,1,0
5,40,0,8
5,40,8,16
5,40,16,24
5,40,24,32
5,40,32,40
5,41,5,5
5,41,5,4
5,41,4,3
5,41,3,2
5,41,2,1
5,41,1,9
5,41,9,17
5,41,17,25
5,41,25,33
5,41,33,41
5,42,5,5
5,42,5,4
5,42,4,3
5,42,3,2
5,42,2,10
5,42,10,18
5,42,18,26
5,42,26,34
5,42,34,42
5,43,5,5
5,43,5,4
5,43,4,3
5,43,3,11
5,43,11,19
5,43,19,27
5,43,27,35
5,43,35,43
5,44,5,5
5,44,5,4
5,44,4,12
5,44,12,20
5,44,20,28
5,44,28,36
5,44,36,44
5,45,5,5
5,45,5,13
5,45,13,21
5,45,21,29
5,45,29,37
5,45,37,45
5,46,5,5
5,46,5,6
5,46,6,14
5,46,14,22
5,46,22,30
5,46,30,38
5,46,38,46
5,47,5,5
5,47,5,6
5,47,6,7
5,47,7,15
5,47,15,23
5,47,23,31
5,47,31,39
5,47,39,47
5,48,5,5
5,48,5,4
5,48,4,3
5,48,3,2
5,48,2,1
5,48,1,0
5,48,0,8
5,48,8,16
5,48,16,24
5,48,24,32
5,48,32,40
5,48,40,48
5,49,5,5
5,49,5,4
5,49,4,3
5,49,3,2
5,49,2,1
5,49,1,9
5,49,9,17
5,49,17,25
5,49,25,33
5,49,33,41
5,49,41,49
5,50,5,5
5,50,5,4
5,50,4,3
5,50,3,2
5,50,2,10
5,50,10,18
5,50,18,26
5,50,26,34
5,50,34,42
5,50,42,50
5,51,5,5
5,51,5,4
5,51,4,3
5,51,3,11
5,51,11,19
5,51,19,27
5,51,27,35
5,51,35,43
5,51,43,51
5,52,5,5
5,52,5,4
5,52,4,12
5,52,12,20
5,52,20,28
5,52,28,36
5,52,36,44
5,52,44,52
5,53,5,5
5,53,5,13
5,53,13,21
5,53,21,29
5,53,29,37
5,53,37,45
5,53,45,53
5,54,5,5
5,54,5,6
5,54,6,14
5,54,14,22
5,54,22,30
5,54,30,38
5,54,38,46
5,54,46,54
5,55,5,5
5,55,5,6
5,55,6,7
5,55,7,15
5,55,15,23
5,55,23,31
5,55,31,39
5,55,39,47
5,55,47,55
5,56,5,5
5,56,5,4
5,56,4,3
5,56,3,2
5,56,2,1
5,56,1,0
5,56,0,8
5,56,8,16
5,56,16,24
5,56,24,32
5,56,32,40
5,56,40,48
5,56,48,56
5,57,5,5
5,57,5,4
5,57,4,3
5,57,3,2
5,57,2,1
5,57,1,9
5,57,9,17
5,57,17,25
5,57,25,33
5,57,33,41
5,57,41,49
5,57,49,57
5,58,5,5
5,58,5,4
5,58,4,3
5,58,3,2
5,58,2,10
5,58,10,18
5,58,18,26
5,58,26,34
5,58,34,42
5,58,42,50
5,58,50,58
5,59,5,5
5,59,5,4
5,59,4,3
5,59,3,11
5,59,11,19
5,59,19,27
5,59,27,35
5,59,35,43
5,59,43,51
5,59,51,59
5,60,5,5
5,60,5,4
5,60,4,12
5,60,12,20
5,60,20,28
5,60,28,36
5,60,36,44
5,60,44,52
5,60,52,60
5,61,5,5
5,61,5,13
5,61,13,21
5,61,21,29
5,61,29,37
5,61,37,45
5,61,45,53
5,61,53,61
5,62,5,5
5,62,5,6
5,62,6,14
5,62,14,22
5,62,22,30
5,62,30,38
5,62,38,46
5,62,46,54
5,62,54,62
5,63,5,5
5,63,5,6
5,63,6,7
5,63,7,15
5,63,15,23
5,63,23,31
5,63,31,39
5,63,39,47
5,63,47,55
5,63,55,63
6,0,6,6
6,0,6,5
6,0,5,4
6,0,4,3
6,0,3,2
6,0,2,1
6,0,1,0
6,1,6,6
6,1,6,5
6,1,5,4
6,1,4,3
6,1,3,2
6,1,2,1
6,2,6,6
6,2,6,5
6,2,5,4
6,2,4,3
6,2,3,2
6,3,6,6
6,3,6,5
6,3,5,4
6,3,4,3
6,4,6,6
6,4,6,5
6,4,5,4
6,5,6,6
6,5,6,5
6,7,6,6
6,7,6,7
6,8,6,6
6,8,6,5
6,8,5,4
6,8,4,3
6,8,3,2
6,8,2,1
6,8,1,0
6,8,0,8
6,9,6,6
6,9,6,5
6,9,5,4
6,9,4,3
6,9,3,2
6,9,2,1
6,9,1,9
6,10,6,6
6,10,6,5
6,10,5,4
6,10,4,3
6,10,3,2
6,10,2,10
6,11,6,6
6,11,6,5
6,11,5,4
6,11,4,3
6,11,3,11
6,12,6,6
6,12,6,5
6,12,5,4
6,12,4,12
6,13,6,6
6,13,6,5
6,13,5,13
6,14,6,6
6,14,6,14
6,15,6,6
6,15,6,7
6,15,7,15
6,16,6,6
6,16,6,5
6,16,5,4
6,16,4,3
6,16,3,2
6,16,2,1
6,16,1,0
6,16,0,8
6,16,8,16
6,17,6,6
6,17,6,5
6,17,5,4
6,17,4,3
6,17,3,2
6,17,2,1
6,17,1,9
6,17,9,17
6,18,6,6
6,18,6,5
6,18,5,4
6,18,4,3
6,18,3,2
6,18,2,10
6,18,10,18
6,19,6,6
6,19,6,5
6,19,5,4
6,19,4,3
6,19,3,11
6,19,11,19
6,20,6,6
6,20,6,5
6,20,5,4
6,20,4,12
6,20,12,20
6,21,6,6
6,21,6,5
6,21,5,13
6,21,13,21
6,22,6,6
6,22,6,14
6,22,14,22
6,23,6,6
6,23,6,7
6,23,7,15
6,23,15,23
6,24,6,6
6,24,6,5
6,24,5,4
6,24,4,3
6,24,3,2
6,24,2,1
6,24,1,0
6,24,0,8
6,24,8,16
6,24,16,24
6,25,6,6
6,25,6,5
6,25,5,4
6,25,4,3
6,25,3,2
6,25,2,1
6,25,1,9
6,25,9,17
6,25,17,25
6,26,6,6
6,26,6,5
6,26,5,4
6,26,4,3
6,26,3,2
6,26,2,10
6,26,10,18
6,26,18,26
6,27,6,6
6,27,6,5
6,27,5,4
6,27,4,3
6,27,3,11
6,27,11,19
6,27,19,27
6,28,6,6
6,28,6,5
6,28,5,4
6,28,4,12
6,28,12,20
6,28,20,28
6,29,6,6
6,29,6,5
6,29,5,13
6,29,13,21
6,29,21,29
6,30,6,6
6,30,6,14
6,30,14,22
6,30,22,30
6,31,6,6
6,31,6,7
6,31,7,15
6,31,15,23
6,31,23,31
6,32,6,6
6,32,6,5
6,32,5,4
6,32,4,3
6,32,3,2
6,32,2,1
6,32,1,0
6,32,0,8
6,32,8,16
6,32,16,24
6,32,24,32
6,33,6,6
6,33,6,5
6,33,5,4
6,33,4,3
6,33,3,2
6,33,2,1
6,33,1,9
6,33,9,17
6,33,17,25
6,33,25,33
6,34,6,6
6,34,6,5
6,34,5,4
6,34,4,3
6,34,3,2
6,34,2,10
6,34,10,18
6,34,18,26
6,34,26,34
6,35,6,6
6,35,6,5
6,35,5,4
6,35,4,3
6,35,3,11
6,35,11,19
6,35,19,27
6,35,27,35
6,36,6,6
6,36,6,5
6,36,5,4
6,36,4,12
6,36,12,20
6,36,20,28
6,36,28,36
6,37,6,6
6,37,6,5
6,37,5,13
6,37,13,21
6,37,21,29
6,37,29,37
6,38,6,6
6,38,6,14
6,38,14,22
6,38,22,30
6,38,30,38
6,39,6,6
6,39,6,7
6,39,7,15
6,39,15,23
6,39,23,31
6,39,31,39
6,40,6,6
6,40,6,5
6,40,5,4
6,40,4,3
6,40,3,2
6,40,2,1
6,40,1,0
6,40,0,8
6,40,8,16
6,40,16,24
6,40,24,32
6,40,32,40
6,41,6,6
6,41,6,5
6,41,5,4
6,41,4,3
6,41,3,2
6,41,2,1
6,41,1,9
6,41,9,17
6,41,17,25
6,41,25,33
6,41,33,41
6,42,6,6
6,42,6,5
6,42,5,4
6,42,4,3
6,42,3,2
6,42,2,10
6,42,10,18
6,42,18,26
6,42,26,34
6,42,34,42
6,43,6,6
6,43,6,5
6,43,5,4
6,43,4,3
6,43,3,11
6,43,11,19
6,43,19,27
6,43,27,35
6,43,35,43
6,44,6,6
6,44,6,5
6,44,5,4
6,44,4,12
6,44,12,20
6,44,20,28
6,44,28,36
6,44,36,44
6,45,6,6
6,45,6,5
6,45,5,13
6,45,13,21
6,45,21,29
6,45,29,37
6,45,37,45
6,46,6,6
6,46,6,14
6,46,14,22
6,46,22,30
6,46,30,38
6,46,38,46
6,47,6,6
6,47,6,7
6,47,7,15
6,47,15,23
6,47,23,31
6,47,31,39
6,47,39,47
6,48,6,6
6,48,6,5
6,48,5,4
6,48,4,3
6,48,3,2
6,48,2,1
6,48,1,0
6,48,0,8
6,48,8,16
6,48,16,24
6,48,24,32
6,48,32,40
6,48,40,48
6,49,6,6
6,49,6,5
6,49,5,4
6,49,4,3
6,49,3,2
6,49,2,1
6,49,1,9
6,49,9,17
6,49,17,25
6,49,25,33
6,49,33,41
6,49,41,49
6,50,6,6
6,50,6,5
6,50,5,4
6,50,4,3
6,50,3,2
6,50,2,10
6,50,10,18
6,50,18,26
6,50,26,34
6,50,34,42
6,50,42,50
6,51,6,6
6,51,6,5
6,51,5,4
6,51,4,3
6,51,3,11
6,51,11,19
6,51,19,27
6,51,27,35
6,51,35,43
6,51,43,51
6,52,6,6
6,52,6,5
6,52,5,4
6,52,4,12
6,52,12,20
6,52,20,28
6,52,28,36
6,52,36,44
6,52,44,52
6,53,6,6
6,53,6,5
6,53,5,13
6,53,13,21
6,53,21,29
6,53,29,37
6,53,37,45
6,53,45,53
6,54,6,6
6,54,6,14
6,54,14,22
6,54,22,30
6,54,30,38
6,54,38,46
6,54,46,54
6,55,6,6
6,55,6,7
6,55,7,15
6,55,15,23
6,55,23,31
6,55,31,39
6,55,39,47
6,55,47,55
6,56,6,6
6,56,6,5
6,56,5,4
6,56,4,3
6,56,3,2
6,56,2,1
6,56,1,0
6,56,0,8
6,56,8,16
6,56,16,24
6,56,24,32
6,56,32,40
6,56,40,48
6,56,48,56
6,57,6,6
6,57,6,5
6,57,5,4
6,57,4,3
6,57,3,2
6,57,2,1
6,57,1,9
6,57,9,17
6,57,17,25
6,57,25,33
6,57,33,41
6,57,41,49
6,57,49,57
6,58,6,6
6,58,6,5
6,58,5,4
6,58,4,3
6,58,3,2
6,58,2,10
6,58,10,18
6,58,18,26
6,58,26,34
6,58,34,42
6,58,42,50
6,58,50,58
6,59,6,6
6,59,6,5
6,59,5,4
6,59,4,3
6,59,3,11
6,59,11,19
6,59,19,27
6,59,27,35
6,59,35,43
6,59,43,51
6,59,51,59
6,60,6,6
6,60,6,5
6,60,5,4
6,60,4,12
6,60,12,20
6,60,20,28
6,60,28,36
6,60,36,44
6,60,44,52
6,60,52,60
6,61,6,6
6,61,6,5
6,61,5,13
6,61,13,21
6,61,21,29
6,61,29,37
6,61,37,45
6,61,45,53
6,61,53,61
6,62,6,6
6,62,6,14
6,62,14,22
6,62,22,30
6,62,30,38
6,62,38,46
6,62,46,54
6,62,54,62
6,63,6,6
6,63,6,7
6,63,7,15
6,63,15,23
6,63,23,31
6,63,31,39
6,63,39,47
6,63,47,55
6,63,55,63
7,0,7,7
7,0,7,6
7,0,6,5
7,0,5,4
7,0,4,3
7,0,3,2
7,0,2,1
7,0,1,0
7,1,7,7
7,1,7,6
7,1,6,5
7,1,5,4
7,1,4,3
7,1,3,2
7,1,2,1
7,2,7,7
7,2,7,6
7,2,6,5
7,2,5,4
7,2,4,3
7,2,3,2
7,3,7,7
7,3,7,6
7,3,6,5
7,3,5,4
7,3,4,3
7,4,7,7
7,4,7,6
7,4,6,5
7,4,5,4
7,5,7,7
7,5,7,6
7,5,6,5
7,6,7,7
7,6,7,6
7,8,7,7
7,8,7,6
7,8,6,5
7,8,5,4
7,8,4,3
7,8,3,2
7,8,2,1
7,8,1,0
7,8,0,8
7,9,7,7
7,9,7,6
7,9,6,5
7,9,5,4
7,9,4,3
7,9,3,2
7,9,2,1
7,9,1,9
7,10,7,7
7,10,7,6
7,10,6,5
7,10,5,4
7,10,4,3
7,10,3,2
7,10,2,10
7,11,7,7
7,11,7,6
7,11,6,5
7,11,5,4
7,11,4,3
7,11,3,11
7,12,7,7
7,12,7,6
7,12,6,5
7,12,5,4
7,12,4,12
7,13,7,7
7,13,7,6
7,13,6,5
7,13,5,13
7,14,7,7
7,14,7,6
7,14,6,14
7,15,7,7
7,15,7,15
7,16,7,7
7,16,7,6
7,16,6,5
7,16,5,4
7,16,4,3
7,16,3,2
7,16,2,1
7,16,1,0
7,16,0,8
7,16,8,16
7,17,7,7
7,17,7,6
7,17,6,5
7,17,5,4
7,17,4,3
7,17,3,2
7,17,2,1
7,17,1,9
7,17,9,17
7,18,7,7
7,18,7,6
7,18,6,5
7,18,5,4
7,18,4,3
7,18,3,2
7,18,2,10
7,18,10,18
7,19,7,7
7,19,7,6
7,19,6,5
7,19,5,4
7,19,4,3
7,19,3,11
7,19,11,19
7,20,7,7
7,20,7,6
7,20,6,5
7,20,5,4
7,20,4,12
7,20,12,20
7,21,7,7
7,21,7,6
7,21,6,5
7,21,5,13
7,21,13,21
7,22,7,7
7,22,7,6
7,22,6,14
7,22,14,22
7,23,7,7
7,23,7,15
7,23,15,23
7,24,7,7
7,24,7,6
7,24,6,5
7,24,5,4
7,24,4,3
7,24,3,2
7,24,2,1
7,24,1,0
7,24,0,8
7,24,8,16
7,24,16,24
7,25,7,7
7,25,7,6
7,25,6,5
7,25,5,4
7,25,4,3
7,25,3,2
7,25,2,1
7,25,1,9
7,25,9,17
7,25,17,25
7,26,7,7
7,26,7,6
7,26,6,5
7,26,5,4
7,26,4,3
7,26,3,2
7,26,2,10
7,26,10,18
7,26,18,26
7,27,7,7
7,27,7,6
7,27,6,5
7,27,5,4
7,27,4,3
7,27,3,11
7,27,11,19
7,27,19,27
7,28,7,7
7,28,7,6
7,28,6,5
7,28,5,4
7,28,4,12
7,28,12,20
7,28,20,28
7,29,7,7
7,29,7,6
7,29,6,5
7,29,5,13
7,29,13,21
7,29,21,29
7,30,7,7
7,30,7,6
7,30,6,14
7,30,14,22
7,30,22,30
7,31,7,7
7,31,7,15
7,31,15,23
7,31,23,31
7,32,7,7
7,32,7,6
7,32,6,5
7,32,5,4
7,32,4,3
7,32,3,2
7,32,2,1
7,32,1,0
7,32,0,8
7,32,8,16
7,32,16,24
7,32,24,32
7,33,7,7
7,33,7,6
7,33,6,5
7,33,5,4
7,33,4,3
7,33,3,2
7,33,2,1
7,33,1,9
7,33,9,17
7,33,17,25
7,33,25,33
7,34,7,7
7,34,7,6
7,34,6,5
7,34,5,4
7,34,4,3
7,34,3,2
7,34,2,10
7,34,10,18
7,34,18,26
7,34,26,34
7,35,7,7
7,35,7,6
7,35,6,5
7,35,5,4
7,35,4,3
7,35,3,11
7,35,11,19
7,35,19,27
7,35,27,35
7,36,7,7
7,36,7,6
7,36,6,5
7,36,5,4
7,36,4,12
7,36,12,20
7,36,20,28
7,36,28,36
7,37,7,7
7,37,7,6
7,37,6,5
7,37,5,13
7,37,13,21
7,37,21,29
7,37,29,37
7,38,7,7
7,38,7,6
7,38,6,14
7,38,14,22
7,38,22,30
7,38,30,38
7,39,7,7
7,39,7,15
7,39,15,23
7,39,23,31
7,39,31,39
7,40,7,7
7,40,7,6
7,40,6,5
7,40,5,4
7,40,4,3
7,40,3,2
7,40,2,1
7,40,1,0
7,40,0,8
7,40,8,16
7,40,16,24
7,40,24,32
7,40,32,40
7,41,7,7
7,41,7,6
7,41,6,5
7,41,5,4
7,41,4,3
7,41,3,2
7,41,2,1
7,41,1,9
7,41,9,17
7,41,17,25
7,41,25,33
7,41,33,41
7,42,7,7
7,42,7,6
7,42,6,5
7,42,5,4
7,42,4,3
7,42,3,2
7,42,2,10
7,42,10,18
7,42,18,26
7,42,26,34
7,42,34,42
7,43,7,7
7,43,7,6
7,43,6,5
7,43,5,4
7,43,4,3
7,43,3,11
7,43,11,19
7,43,19,27
7,43,27,35
7,43,35,43
7,44,7,7
7,44,7,6
7,44,6,5
7,44,5,4
7,44,4,12
7,44,12,20
7,44,20,28
7,44,28,36
7,44,36,44
7,45,7,7
7,45,7,6
7,45,6,5
7,45,5,13
7,45,13,21
7,45,21,29
7,45,29,37
7,45,37,45
7,46,7,7
7,46,7,6
7,46,6,14
7,46,14,22
7,46,22,30
7,46,30,38
7,46,38,46
7,47,7,7
7,47,7,15
7,47,15,23
7,47,23,31
7,47,31,39
7,47,39,47
7,48,7,7
7,48,7,6
7,48,6,5
7,48,5,4
7,48,4,3
7,48,3,2
7,48,2,1
7,48,1,0
7,48,0,8
7,48,8,16
7,48,16,24
7,48,24,32
7,48,32,40
7,48,40,48
7,49,7,7
7,49,7,6
7,49,6,5
7,49,5,4
7,49,4,3
7,49,3,2
7,49,2,1
7,49,1,9
7,49,9,17
7,49,17,25
7,49,25,33
7,49,33,41
7,49,41,49
7,50,7,7
7,50,7,6
7,50,6,5
7,50,5,4
7,50,4,3
7,50,3,2
7,50,2,10
7,50,10,18
7,50,18,26
7,50,26,34
7,50,34,42
7,50,42,50
7,51,7,7
7,51,7,6
7,51,6,5
7,51,5,4
7,51,4,3
7,51,3,11
7,51,11,19
7,51,19,27
7,51,27,35
7,51,35,43
7,51,43,51
7,52,7,7
7,52,7,6
7,52,6,5
7,52,5,4
7,52,4,12
7,52,12,20
7,52,20,28
7,52,28,36
7,52,36,44
7,52,44,52
7,53,7,7
7,53,7,6
7,53,6,5
7,53,5,13
7,53,13,21
7,53,21,29
7,53,29,37
7,53,37,45
7,53,45,53
7,54,7,7
7,54,7,6
7,54,6,14
7,54,14,22
7,54,22,30
7,54,30,38
7,54,38,46
7,54,46,54
7,55,7,7
7,55,7,15
7,55,15,23
7,55,23,31
7,55,31,39
7,55,39,47
7,55,47,55
7,56,7,7
7,56,7,6
7,56,6,5
7,56,5,4
7,56,4,3
7,56,3,2
7,56,2,1
7,56,1,0
7,56,0,8
7,56,8,16
7,56,16,24
7,56,24,32
7,56,32,40
7,56,40,48
7,56,48,56
7,57,7,7
7,57,7,6
7,57,6,5
7,57,5,4
7,57,4,3
7,57,3,2
7,57,2,1
7,57,1,9
7,57,9,17
7,57,17,25
7,57,25,33
7,57,33,41
7,57,41,49
7,57,49,57
7,58,7,7
7,58,7,6
7,58,6,5
7,58,5,4
7,58,4,3
7,58,3,2
7,58,2,10
7,58,10,18
7,58,18,26
7,58,26,34
7,58,34,42
7,58,42,50
7,58,50,58
7,59,7,7
7,59,7,6
7,59,6,5
7,59,5,4
7,59,4,3
7,59,3,11
7,59,11,19
7,59,19,27
7,59,27,35
7,59,35,43
7,59,43,51
7,59,51,59
7,60,7,7
7,60,7,6
7,60,6,5
7,60,5,4
7,60,4,12
7,60,12,20
7,60,20,28
7,60,28,36
7,60,36,44
7,60,44,52
7,60,52,60
7,61,7,7
7,61,7,6
7,61,6,5
7,61,5,13
7,61,13,21
7,61,21,29
7,61,29,37
7,61,37,45
7,61,45,53
7,61,53,61
7,62,7,7
7,62,7,6
7,62,6,14
7,62,14,22
7,62,22,30
7,62,30,38
7,62,38,46
7,62,46,54
7,62,54,62
7,63,7,7
7,63,7,15
7,63,15,23
7,63,23,31
7,63,31,39
7,63,39,47
7,63,47,55
7,63,55,63
8,0,8,8
8,0,8,0
8,1,8,8
8,1,8,0
8,1,0,1
8,2,8,8
8,2,8,9
8,2,9,10
8,2,10,2
8,3,8,8
8,3,8,9
8,3,9,1
8,3,1,2
8,3,2,3
8,4,8,8
8,4,8,9
8,4,9,10
8,4,10,11
8,4,11,3
8,4,3,4
8,5,8,8
8,5,8,9
8,5,9,10
8,5,10,11
8,5,11,12
8,5,12,4
8,5,4,5
8,6,8,8
8,6,8,9
8,6,9,10
8,6,10,11
8,6,11,12
8,6,12,4
8,6,4,5
8,6,5,6
8,7,8,8
8,7,8,9
8,7,9,10
8,7,10,11
8,7,11,12
8,7,12,4
8,7,4,5
8,7,5,6
8,7,6,7
8,9,8,8
8,9,8,9
8,10,8,8
8,10,8,9
8,10,9,10
8,11,8,8
8,11,8,9
8,11,9,10
8,11,10,11
8,12,8,8
8,12,8,9
8,12,9,10
8,12,10,11
8,12,11,12
8,13,8,8
8,13,8,9
8,13,9,10
8,13,10,11
8,13,11,12
8,13,12,13
8,14,8,8
8,14,8,9
8,14,9,10
8,14,10,11
8,14,11,12
8,14,12,13
8,14,13,14
8,15,8,8
8,15,8,9
8,15,9,10
8,15,10,11
8,15,11,12
8,15,12,13
8,15,13,14
8,15,14,15
8,16,8,8
8,16,8,16
8,17,8,8
8,17,8,9
8,17,9,17
8,18,8,8
8,18,8,9
8,18,9,10
8,18,10,18
8,19,8,8
8,19,8,9
8,19,9,10
8,19,10,11
8,19,11,19
8,20,8,8
8,20,8,9
8,20,9,10
8,20,10,11
8,20,11,12
8,20,12,20
8,21,8,8
8,21,8,9
8,21,9,10
8,21,10,11
8,21,11,12
8,21,12,13
8,21,13,21
8,22,8,8
8,22,8,9
8,22,9,10
8,22,10,11
8,22,11,12
8,22,12,13
8,22,13,14
8,22,14,22
8,23,8,8
8,23,8,9
8,23,9,10
8,23,10,11
8,23,11,12
8,23,12,13
8,23,13,14
8,23,14,15
8,23,15,23
8,24,8,8
8,24,8,16
8,24,16,24
8,25,8,8
8,25,8,9
8,25,9,17
8,25,17,25
8,26,8,8
8,26,8,9
8,26,9,10
8,26,10,18
8,26,18,26
8,27,8,8
8,27,8,9
8,27,9,10
8,27,10,11
8,27,11,19
8,27,19,27
8,28,8,8
8,28,8,9
8,28,9,10
8,28,10,11
8,28,11,12
8,28,12,20
8,28,20,28
8,29,8,8
8,29,8,9
8,29,9,10
8,29,10,11
8,29,11,12
8,29,12,13
8,29,13,21
8,29,21,29
8,30,8,8
8,30,8,9
8,30,9,10
8,30,10,11
8,30,11,12
8,30,12,13
8,30,13,14
8,30,14,22
8,30,22,30
8,31,8,8
8,31,8,9
8,31,9,10
8,31,10,11
8,31,11,12
8,31,12,13
8,31,13,14
8,31,14,15
8,31,15,23
8,31,23,31
8,32,8,8
8,32,8,16
8,32,16,24
8,32,24,32
8,33,8,8
8,33,8,9
8,33,9,17
8,33,17,25
8,33,25,33
8,34,8,8
8,34,8,9
8,34,9,10
8,34,10,18
8,34,18,26
8,34,26,34
8,35,8,8
8,35,8,9
8,35,9,10
8,35,10,11
8,35,11,19
8,35,19,27
8,35,27,35
8,36,8,8
8,36,8,9
8,36,9,10
8,36,10,11
8,36,11,12
8,36,12,20
8,36,20,28
8,36,28,36
8,37,8,8
8,37,8,9
8,37,9,10
8,37,10,11
8,37,11,12
8,37,12,13
8,37,13,21
8,37,21,29
8,37,29,37
8,38,8,8
8,38,8,9
8,38,9,10
8,38,10,11
8,38,11,12
8,38,12,13
8,38,13,14
8,38,14,22
8,38,22,30
8,38,30,38
8,39,8,8
8,39,8,9
8,39,9,10
8,39,10,11
8,39,11,12
8,39,12,13
8,39,13,14
8,39,14,15
8,39,15,23
8,39,23,31
8,39,31,39
8,40,8,8
8,40,8,16
8,40,16,24
8,40,24,32
8,40,32,40
8,41,8,8
8,41,8,9
8,41,9,17
8,41,17,25
8,41,25,33
8,41,33,41
8,42,8,8
8,42,8,9
8,42,9,10
8,42,10,18
8,42,18,26
8,42,26,34
8,42,34,42
8,43,8,8
8,43,8,9
8,43,9,10
8,43,10,11
8,43,11,19
8,43,19,27
8,43,27,35
8,43,35,43
8,44,8,8
8,44,8,9
8,44,9,10
8,44,10,11
8,44,11,12
8,44,12,20
8,44,20,28
8,44,28,36
8,44,36,44
8,45,8,8
8,45,8,9
8,45,9,10
8,45,10,11
8,45,11,12
8,45,12,13
8,45,13,21
8,45,21,29
8,45,29,37
8,45,37,45
8,46,8,8
8,46,8,9
8,46,9,10
8,46,10,11
8,46,11,12
8,46,12,13
8,46,13,14
8,46,14,22
8,46,22,30
8,46,30,38
8,46,38,46
8,47,8,8
8,47,8,9
8,47,9,10
8,47,10,11
8,47,11,12
8,47,12,13
8,47,13,14
8,47,14,15
8,47,15,23
8,47,23,31
8,47,31,39
8,47,39,47
8,48,8,8
8,48,8,16
8,48,16,24
8,48,24,32
8,48,32,40
8,48,40,48
8,49,8,8
8,49,8,9
8,49,9,17
8,49,17,25
8,49,25,33
8,49,33,41
8,49,41,49
8,50,8,8
8,50,8,9
8,50,9,10
8,50,10,18
8,50,18,26
8,50,26,34
8,50,34,42
8,50,42,50
8,51,8,8
8,51,8,9
8,51,9,10
8,51,10,11
8,51,11,19
8,51,19,27
8,51,27,35
8,51,35,43
8,51,43,51
8,52,8,8
8,52,8,9
8,52,9,10
8,52,10,11
8,52,11,12
8,52,12,20
8,52,20,28
8,52,28,36
8,52,36,44
8,52,44,52
8,53,8,8
8,53,8,9
8,53,9,10
8,53,10,11
8,53,11,12
8,53,12,13
8,53,13,21
8,53,21,29
8,53,29,37
8,53,37,45
8,53,45,53
8,54,8,8
8,54,8,9
8,54,9,10
8,54,10,11
8,54,11,12
8,54,12,13
8,54,13,14
8,54,14,22
8,54,22,30
8,54,30,38
8,54,38,46
8,54,46,54
8,55,8,8
8,55,8,9
8,55,9,10
8,55,10,11
8,55,11,12
8,55,12,13
8,55,13,14
8,55,14,15
8,55,15,23
8,55,23,31
8,55,31,39
8,55,39,47
8,55,47,55
8,56,8,8
8,56,8,16
8,56,16,24
8,56,24,32
8,56,32,40
8,56,40,48
8,56,48,56
8,57,8,8
8,57,8,9
8,57,9,17
8,57,17,25
8,57,25,33
8,57,33,41
8,57,41,49
8,57,49,57
8,58,8,8
8,58,8,9
8,58,9,10
8,58,10,18
8,58,18,26
8,58,26,34
8,58,34,42
8,58,42,50
8,58,50,58
8,59,8,8
8,59,8,9
8,59,9,10
8,59,10,11
8,59,11,19
8,59,19,27
8,59,27,35
8,59,35,43
8,59,43,51
8,59,51,59
8,60,8,8
8,60,8,9
8,60,9,10
8,60,10,11
8,60,11,12
8,60,12,20
8,60,20,28
8,60,28,36
8,60,36,44
8,60,44,52
8,60,52,60
8,61,8,8
8,61,8,9
8,61,9,10
8,61,10,11
8,61,11,12
8,61,12,13
8,61,13,21
8,61,21,29
8,61,29,37
8,61,37,45
8,61,45,53
8,61,53,61
8,62,8,8
8,62,8,9
8,62,9,10
8,62,10,11
8,62,11,12
8,62,12,13
8,62,13,14
8,62,14,22
8,62,22,30
8,62,30,38
8,62,38,46
8,62,46,54
8,62,54,62
8,63,8,8
8,63,8,9
8,63,9,10
8,63,10,11
8,63,11,12
8,63,12,13
8,63,13,14
8,63,14,15
8,63,15,23
8,63,23,31
8,63,31,39
8,63,39,47
8,63,47,55
8,63,55,63
9,0,9,9
9,0,9,1
9,0,1,0
9,1,9,9
9,1,9,1
9,2,9,9
9,2,9,1
9,2,1,2
9,3,9,9
9,3,9,1
9,3,1,2
9,3,2,3
9,4,9,9
9,4,9,10
9,4,10,11
9,4,11,3
9,4,3,4
9,5,9,9
9,5,9,10
9,5,10,2
9,5,2,3
9,5,3,4
9,5,4,5
9,6,9,9
9,6,9,10
9,6,10,2
9,6,2,3
9,6,3,4
9,6,4,5
9,6,5,6
9,7,9,9
9,7,9,10
9,7,10,2
9,7,2,3
9,7,3,4
9,7,4,5
9,7,5,6
9,7,6,7
9,8,9,9
9,8,9,8
9,10,9,9
9,10,9,10
9,11,9,9
9,11,9,10
9,11,10,11
9,12,9,9
9,12,9,10
9,12,10,11
9,12,11,12
9,13,9,9
9,13,9,10
9,13,10,11
9,13,11,12
9,13,12,13
9,14,9,9
9,14,9,10
9,14,10,11
9,14,11,12
9,14,12,13
9,14,13,14
9,15,9,9
9,15,9,10
9,15,10,11
9,15,11,12
9,15,12,13
9,15,13,14
9,15,14,15
9,16,9,9
9,16,9,8
9,16,8,16
9,17,9,9
9,17,9,17
9,18,9,9
9,18,9,10
9,18,10,18
9,19,9,9
9,19,9,10
9,19,10,11
9,19,11,19
9,20,9,9
9,20,9,10
9,20,10,11
9,20,11,12
9,20,12,20
9,21,9,9
9,21,9,10
9,21,10,11
9,21,11,12
9,21,12,13
9,21,13,21
9,22,9,9
9,22,9,10
9,22,10,11
9,22,11,12
9,22,12,13
9,22,13,14
9,22,14,22
9,23,9,9
9,23,9,10
9,23,10,11
9,23,11,12
9,23,12,13
9,23,13,14
9,23,14,15
9,23,15,23
9,24,9,9
9,24,9,8
9,24,8,16
9,24,16,24
9,25,9,9
9,25,9,17
9,25,17,25
9,26,9,9
9,26,9,10
9,26,10,18
9,26,18,26
9,27,9,9
9,27,9,10
9,27,10,11
9,27,11,19
9,27,19,27
9,28,9,9
9,28,9,10
9,28,10,11
9,28,11,12
9,28,12,20
9,28,20,28
9,29,9,9
9,29,9,10
9,29,10,11
9,29,11,12
9,29,12,13
9,29,13,21
9,29,21,29
9,30,9,9
9,30,9,10
9,30,10,11
9,30,11,12
9,30,12,13
9,30,13,14
9,30,14,22
9,30,22,30
9,31,9,9
9,31,9,10
9,31,10,11
9,31,11,12
9,31,12,13
9,31,13,14
9,31,14,15
9,31,15,23
9,31,23,31
9,32,9,9
9,32,9,8
9,32,8,16
9,32,16,24
9,32,24,32
9,33,9,9
9,33,9,17
9,33,17,25
9,33,25,33
9,34,9,9
9,34,9,10
9,34,10,18
9,34,18,26
9,34,26,34
9,35,9,9
9,35,9,10
9,35,10,11
9,35,11,19
9,35,19,27
9,35,27,35
9,36,9,9
9,36,9,10
9,36,10,11
9,36,11,12
9,36,12,20
9,36,20,28
9,36,28,36
9,37,9,9
9,37,9,10
9,37,10,11
9,37,11,12
9,37,12,13
9,37,13,21
9,37,21,29
9,37,29,37
9,38,9,9
9,38,9,10
9,38,10,11
9,38,11,12
9,38,12,13
9,38,13,14
9,38,14,22
9,38,22,30
9,38,30,38
9,39,9,9
9,39,9,10
9,39,10,11
9,39,11,12
9,39,12,13
9,39,13,14
9,39,14,15
9,39,15,23
9,39,23,31
9,39,31,39
9,40,9,9
9,40,9,8
9,40,8,16
9,40,16,24
9,40,24,32
9,40,32,40
9,41,9,9
9,41,9,17
9,41,17,25
9,41,25,33
9,41,33,41
9,42,9,9
9,42,9,10
9,42,10,18
9,42,18,26
9,42,26,34
9,42,34,42
9,43,9,9
9,43,9,10
9,43,10,11
9,43,11,19
9,43,19,27
9,43,27,35
9,43,35,43
9,44,9,9
9,44,9,10
9,44,10,11
9,44,11,12
9,44,12,20
9,44,20,28
9,44,28,36
9,44,36,44
9,45,9,9
9,45,9,10
9,45,10,11
9,45,11,12
9,45,12,13
9,45,13,21
9,45,21,29
9,45,29,37
9,45,37,45
9,46,9,9
9,46,9,10
9,46,10,11
9,46,11,12
9,46,12,13
9,46,13,14
9,46,14,22
9,46,22,30
9,46,30,38
9,46,38,46
9,47,9,9
9,47,9,10
9,47,10,11
9,47,11,12
9,47,12,13
9,47,13,14
9,47,14,15
9,47,15,23
9,47,23,31
9,47,31,39
9,47,39,47
9,48,9,9
9,48,9,8
9,48,8,16
9,48,16,24
9,48,24,32
9,48,32,40
9,48,40,48
9,49,9,9
9,49,9,17
9,49,17,25
9,49,25,33
9,49,33,41
9,49,41,49
9,50,9,9
9,50,9,10
9,50,10,18
9,50,18,26
9,50,26,34
9,50,34,42
9,50,42,50
9,51,9,9
9,51,9,10
9,51,10,11
9,51,11,19
9,51,19,27
9,51,27,35
9,51,35,43
9,51,43,51
9,52,9,9
9,52,9,10
9,52,10,11
9,52,11,12
9,52,12,20
9,52,20,28
9,52,28,36
9,52,36,44
9,52,44,52
9,53,9,9
9,53,9,10
9,53,10,11
9,53,11,12
9,53,12,13
9,53,13,21
9,53,21,29
9,53,29,37
9,53,37,45
9,53,45,53
9,54,9,9
9,54,9,10
9,54,10,11
9,54,11,12
9,54,12,13
9,54,13,14
9,54,14,22
9,54,22,30
9,54,30,38
9,54,38,46
9,54,46,54
9,55,9,9
9,55,9,10
9,55,10,11
9,55,11,12
9,55,12,13
9,55,13,14
9,55,14,15
9,55,15,23
9,55,23,31
9,55,31,39
9,55,39,47
9,55,47,55
9,56,9,9
9,56,9,8
9,56,8,16
9,56,16,24
9,56,24,32
9,56,32,40
9,56,40,48
9,56,48,56
9,57,9,9
9,57,9,17
9,57,17,25
9,57,25,33
9,57,33,41
9,57,41,49
9,57,49,57
9,58,9,9
9,58,9,10
9,58,10,18
9,58,18,26
9,58,26,34
9,58,34,42
9,58,42,50
9,58,50,58
9,59,9,9
9,59,9,10
9,59,10,11
9,59,11,19
9,59,19,27
9,59,27,35
9,59,35,43
9,59,43,51
9,59,51,59
9,60,9,9
9,60,9,10
9,60,10,11
9,60,11,12
9,60,12,20
9,60,20,28
9,60,28,36
9,60,36,44
9,60,44,52
9,60,52,60
9,61,9,9
9,61,9,10
9,61,10,11
9,61,11,12
9,61,12,13
9,61,13,21
9,61,21,29
9,61,29,37
9,61,37,45
9,61,45,53
9,61,53,61
9,62,9,9
9,62,9,10
9,62,10,11
9,62,11,12
9,62,12,13
9,62,13,14
9,62,14,22
9,62,22,30
9,62,30,38
9,62,38,46
9,62,46,54
9,62,54,62
9,63,9,9
9,63,9,10
9,63,10,11
9,63,11,12
9,63,12,13
9,63,13,14
9,63,14,15
9,63,15,23
9,63,23,31
9,63,31,39
9,63,39,47
9,63,47,55
9,63,55,63
10,0,10,10
10,0,10,2
10,0,2,1
10,0,1,0
10,1,10,10
10,1,10,2
10,1,2,1
10,2,10,10
10,2,10,2
10,3,10,10
10,3,10,2
10,3,2,3
10,4,10,10
10,4,10,2
10,4,2,3
10,4,3,4
10,5,10,10
10,5,10,11
10,5,11,12
10,5,12,4
10,5,4,5
10,6,10,10
10,6,10,11
10,6,11,3
10,6,3,4
10,6,4,5
10,6,5,6
10,7,10,10
10,7,10,11
10,7,11,3
10,7,3,4
10,7,4,5
10,7,5,6
10,7,6,7
10,8,10,10
10,8,10,9
10,8,9,8
10,9,10,10
10,9,10,9
10,11,10,10
10,11,10,11
10,12,10,10
10,12,10,11
10,12,11,12
10,13,10,10
10,13,10,11
10,13,11,12
10,13,12,13
10,14,10,10
10,14,10,11
10,14,11,12
10,14,12,13
10,14,13,14
10,15,10,10
10,15,10,11
10,15,11,12
10,15,12,13
10,15,13,14
10,15,14,15
10,16,10,10
10,16,10,9
10,16,9,8
10,16,8,16
10,17,10,10
10,17,10,9
10,17,9,17
10,18,10,10
10,18,10,18
10,19,10,10
10,19,10,11
10,19,11,19
10,20,10,10
10,20,10,11
10,20,11,12
10,20,12,20
10,21,10,10
10,21,10,11
10,21,11,12
10,21,12,13
10,21,13,21
10,22,10,10
10,22,10,11
10,22,11,12
10,22,12,13
10,22,13,14
10,22,14,22
10,23,10,10
10,23,10,11
10,23,11,12
10,23,12,13
10,23,13,14
10,23,14,15
10,23,15,23
10,24,10,10
10,24,10,9
10,24,9,8
10,24,8,16
10,24,16,24
10,25,10,10
10,25,10,9
10,25,9,17
10,25,17,25
10,26,10,10
10,26,10,18
10,26,18,26
10,27,10,10
10,27,10,11
10,27,11,19
10,27,19,27
10,28,10,10
10,28,10,11
10,28,11,12
10,28,12,20
10,28,20,28
10,29,10,10
10,29,10,11
10,29,11,12
10,29,12,13
10,29,13,21
10,29,21,29
10,30,10,10
10,30,10,11
10,30,11,12
10,30,12,13
10,30,13,14
10,30,14,22
10,30,22,30
10,31,10,10
10,31,10,11
10,31,11,12
10,31,12,13
10,31,13,14
10,31,14,15
10,31,15,23
10,31,23,31
10,32,10,10
10,32,10,9
10,32,9,8
10,32,8,16
10,32,16,24
10,32,24,32
10,33,10,10
10,33,10,9
10,33,9,17
10,33,17,25
10,33,25,33
10,34,10,10
10,34,10,18
10,34,18,26
10,34,26,34
10,35,10,10
10,35,10,11
10,35,11,19
10,35,19,27
10,35,27,35
10,36,10,10
10,36,10,11
10,36,11,12
10,36,12,20
10,36,20,28
10,36,28,36
10,37,10,10
10,37,10,11
10,37,11,12
10,37,12,13
10,37,13,21
10,37,21,29
10,37,29,37
10,38,10,10
10,38,10,11
10,38,11,12
10,38,12,13
10,38,13,14
10,38,14,22
10,38,22,30
10,38,30,38
10,39,10,10
10,39,10,11
10,39,11,12
10,39,12,13
10,39,13,14
10,39,14,15
10,39,15,23
10,39,23,31
10,39,31,39
10,40,10,10
10,40,10,9
10,40,9,8
10,40,8,16
10,40,16,24
10,40,24,32
10,40,32,40
10,41,10,10
10,41,10,9
10,41,9,17
10,41,17,25
10,41,25,33
10,41,33,41
10,42,10,10
10,42,10,18
10,42,18,26
10,42,26,34
10,42,34,42
10,43,10,10
10,43,10,11
10,43,11,19
10,43,19,27
10,43,27,35
10,43,35,43
10,44,10,10
10,44,10,11
10,44,11,12
10,44,12,20
10,44,20,28
10,44,28,36
10,44,36,44
10,45,10,10
10,45,10,11
10,45,11,12
10,45,12,13
10,45,13,21
10,45,21,29
10,45,29,37
10,45,37,45
10,46,10,10
10,46,10,11
10,46,11,12
10,46,12,13
10,46,13,14
10,46,14,22
10,46,22,30
10,46,30,38
10,46,38,46
10,47,10,10
10,47,10,11
10,47,11,12
10,47,12,13
10,47,13,14
10,47,14,15
10,47,15,23
10,47,23,31
10,47,31,39
10,47,39,47
10,48,10,10
10,48,10,9
10,48,9,8
10,48,8,16
10,48,16,24
10,48,24,32
10,48,32,40
10,48,40,48
10,49,10,10
10,49,10,9
10,49,9,17
10,49,17,25
10,49,25,33
10,49,33,41
10,49,41,49
10,50,10,10
10,50,10,18
10,50,18,26
10,50,26,34
10,50,34,42
10,50,42,50
10,51,10,10
10,51,10,11
10,51,11,19
10,51,19,27
10,51,27,35
10,51,35,43
10,51,43,51
10,52,10,10
10,52,10,11
10,52,11,12
10,52,12,20
10,52,20,28
10,52,28,36
10,52,36,44
10,52,44,52
10,53,10,10
10,53,10,11
10,53,11,12
10,53,12,13
10,53,13,21
10,53,21,29
10,53,29,37
10,53,37,45
10,53,45,53
10,54,10,10
10,54,10,11
10,54,11,12
10,54,12,13
10,54,13,14
10,54,14,22
10,54,22,30
10,54,30,38
10,54,38,46
10,54,46,54
10,55,10,10
10,55,10,11
10,55,11,12
10,55,12,13
10,55,13,14
10,55,14,15
10,55,15,23
10,55,23,31
10,55,31,39
10,55,39,47
10,55,47,55
10,56,10,10
10,56,10,9
10,56,9,8
10,56,8,16
10,56,16,24
10,56,24,32
10,56,32,40
10,56,40,48
10,56,48,56
10,57,10,10
10,57,10,9
10,57,9,17
10,57,17,25
10,57,25,33
10,57,33,41
10,57,41,49
10,57,49,57
10,58,10,10
10,58,10,18
10,58,18,26
10,58,26,34
10,58,34,42
10,58,42,50
10,58,50,58
10,59,10,10
10,59,10,11
10,59,11,19
10,59,19,27
10,59,27,35
10,59,35,43
10,59,43,51
10,59,51,59
10,60,10,10
10,60,10,11
10,60,11,12
10,60,12,20
10,60,20,28
10,60,28,36
10,60,36,44
10,60,44,52
10,60,52,60
10,61,10,10
10,61,10,11
10,61,11,12
10,61,12,13
10,61,13,21
10,61,21,29
10,61,29,37
10,61,37,45
10,61,45,53
10,61,53,61
10,62,10,10
10,62,10,11
10,62,11,12
10,62,12,13
10,62,13,14
10,62,14,22
10,62,22,30
10,62,30,38
10,62,38,46
10,62,46,54
10,62,54,62
10,63,10,10
10,63,10,11
10,63,11,12
10,63,12,13
10,63,13,14
10,63,14,15
10,63,15,23
10,63,23,31
10,63,31,39
10,63,39,47
10,63,47,55
10,63,55,63
11,0,11,11
11,0,11,3
11,0,3,2
11,0,2,1
11,0,1,0
11,1,11,11
11,1,11,3
11,1,3,2
11,1,2,1
11,2,11,11
11,2,11,3
11,2,3,2
11,3,11,11
11,3,11,3
11,4,11,11
11,4,11,3
11,4,3,4
11,5,11,11
11,5,11,3
11,5,3,4
11,5,4,5
11,6,11,11
11,6,11,12
11,6,12,13
11,6,13,5
11,6,5,6
11,7,11,11
11,7,11,12
11,7,12,13
11,7,13,5
11,7,5,6
11,7,6,7
11,8,11,11
11,8,11,10
11,8,10,9
11,8,9,8
11,9,11,11
11,9,11,10
11,9,10,9
11,10,11,11
11,10,11,10
11,12,11,11
11,12,11,12
11,13,11,11
11,13,11,12
11,13,12,13
11,14,11,11
11,14,11,12
11,14,12,13
11,14,13,14
11,15,11,11
11,15,11,12
11,15,12,13
11,15,13,14
11,15,14,15
11,16,11,11
11,16,11,10
11,16,10,9
11,16,9,8
11,16,8,16
11,17,11,11
11,17,11,10
11,17,10,9
11,17,9,17
11,18,11,11
11,18,11,10
11,18,10,18
11,19,11,11
11,19,11,19
11,20,11,11
11,20,11,12
11,20,12,20
11,21,11,11
11,21,11,12
11,21,12,13
11,21,13,21
11,22,11,11
11,22,11,12
11,22,12,13
11,22,13,14
11,22,14,22
11,23,11,11
11,23,11,12
11,23,12,13
11,23,13,14
11,23,14,15
11,23,15,23
11,24,11,11
11,24,11,10
11,24,10,9
11,24,9,8
11,24,8,16
11,24,16,24
11,25,11,11
11,25,11,10
11,25,10,9
11,25,9,17
11,25,17,25
11,26,11,11
11,26,11,10
11,26,10,18
11,26,18,26
11,27,11,11
11,27,11,19
11,27,19,27
11,28,11,11
11,28,11,12
11,28,12,20
11,28,20,28
11,29,11,11
11,29,11,12
11,29,12,13
11,29,13,21
11,29,21,29
11,30,11,11
11,30,11,12
11,30,12,13
11,30,13,14
11,30,14,22
11,30,22,30
11,31,11,11
11,31,11,12
11,31,12,13
11,31,13,14
11,31,14,15
11,31,15,23
11,31,23,31
11,32,11,11
11,32,11,10
11,32,10,9
11,32,9,8
11,32,8,16
11,32,16,24
11,32,24,32
11,33,11,11
11,33,11,10
11,33,10,9
11,33,9,17
11,33,17,25
11,33,25,33
11,34,11,11
11,34,11,10
11,34,10,18
11,34,18,26
11,34,26,34
11,35,11,11
11,35,11,19
11,35,19,27
11,35,27,35
11,36,11,11
11,36,11,12
11,36,12,20
11,36,20,28
11,36,28,36
11,37,11,11
11,37,11,12
11,37,12,13
11,37,13,21
11,37,21,29
11,37,29,37
11,38,11,11
11,38,11,12
11,38,12,13
11,38,13,14
11,38,14,22
11,38,22,30
11,38,30,38
11,39,11,11
11,39,11,12
11,39,12,13
11,39,13,14
11,39,14,15
11,39,15,23
11,39,23,31
11,39,31,39
11,40,11,11
11,40,11,10
11,40,10,9
11,40,9,8
11,40,8,16
11,40,16,24
11,40,24,32
11,40,32,40
11,41,11,11
11,41,11,10
11,41,10,9
11,41,9,17
11,41,17,25
11,41,25,33
11,41,33,41
11,42,11,11
11,42,11,10
11,42,10,18
11,42,18,26
11,42,26,34
11,42,34,42
11,43,11,11
11,43,11,19
11,43,19,27
11,43,27,35
11,43,35,43
11,44,11,11
11,44,11,12
11,44,12,20
11,44,20,28
11,44,28,36
11,44,36,44
11,45,11,11
11,45,11,12
11,45,12,13
11,45,13,21
11,45,21,29
11,45,29,37
11,45,37,45
11,46,11,11
11,46,11,12
11,46,12,13
11,46,13,14
11,46,14,22
11,46,22,30
11,46,30,38
11,46,38,46
11,47,11,11
11,47,11,12
11,47,12,13
11,47,13,14
11,47,14,15
11,47,15,23
11,47,23,31
11,47,31,39
11,47,39,47
11,48,11,11
11,48,11,10
11,48,10,9
11,48,9,8
11,48,8,16
11,48,16,24
11,48,24,32
11,48,32,40
11,48,40,48
11,49,11,11
11,49,11,10
11,49,10,9
11,49,9,17
11,49,17,25
11,49,25,33
11,49,33,41
11,49,41,49
11,50,11,11
11,50,11,10
11,50,10,18
11,50,18,26
11,50,26,34
11,50,34,42
11,50,42,50
11,51,11,11
11,51,11,19
11,51,19,27
11,51,27,35
11,51,35,43
11,51,43,51
11,52,11,11
11,52,11,12
11,52,12,20
11,52,20,28
11,52,28,36
11,52,36,44
11,52,44,52
11,53,11,11
11,53,11,12
11,53,12,13
11,53,13,21
11,53,21,29
11,53,29,37
11,53,37,45
11,53,45,53
11,54,11,11
11,54,11,12
11,54,12,13
11,54,13,14
11,54,14,22
11,54,22,30
11,54,30,38
11,54,38,46
11,54,46,54
11,55,11,11
11,55,11,12
11,55,12,13
11,55,13,14
11,55,14,15
11,55,15,23
11,55,23,31
11,55,31,39
11,55,39,47
11,55,47,55
11,56,11,11
11,56,11,10
11,56,10,9
11,56,9,8
11,56,8,16
11,56,16,24
11,56,24,32
11,56,32,40
11,56,40,48
11,56,48,56
11,57,11,11
11,57,11,10
11,57,10,9
11,57,9,17
11,57,17,25
11,57,25,33
11,57,33,41
11,57,41,49
11,57,49,57
11,58,11,11
11,58,11,10
11,58,10,18
11,58,18,26
11,58,26,34
11,58,34,42
11,58,42,50
11,58,50,58
11,59,11,11
11,59,11,19
11,59,19,27
11,59,27,35
11,59,35,43
11,59,43,51
11,59,51,59
11,60,11,11
11,60,11,12
11,60,12,20
11,60,20,28
11,60,28,36
11,60,36,44
11,60,44,52
11,60,52,60
11,61,11,11
11,61,11,12
11,61,12,13
11,61,13,21
11,61,21,29
11,61,29,37
11,61,37,45
11,61,45,53
11,61,53,61
11,62,11,11
11,62,11,12
11,62,12,13
11,62,13,14
11,62,14,22
11,62,22,30
11,62,30,38
11,62,38,46
11,62,46,54
11,62,54,62
11,63,11,11
11,63,11,12
11,63,12,13
11,63,13,14
11,63,14,15
11,63,15,23
11,63,23,31
11,63,31,39
11,63,39,47
11,63,47,55
11,63,55,63
12,0,12,12
12,0,12,11
12,0,11,10
12,0,10,2
12,0,2,1
12,0,1,0
12,1,12,12
12,1,12,11
12,1,11,10
12,1,10,2
12,1,2,1
12,2,12,12
12,2,12,4
12,2,4,3
12,2,3,2
12,3,12,12
12,3,12,4
12,3,4,3
12,4,12,12
12,4,12,4
12,5,12,12
12,5,12,4
12,5,4,5
12,6,12,12
12,6,12,4
12,6,4,5
12,6,5,6
12,7,12,12
12,7,12,4
12,7,4,5
12,7,5,6
12,7,6,7
12,8,12,12
12,8,12,11
12,8,11,10
12,8,10,9
12,8,9,8
12,9,12,12
12,9,12,11
12,9,11,10
12,9,10,9
12,10,12,12
12,10,12,11
12,10,11,10
12,11,12,12
12,11,12,11
12,13,12,12
12,13,12,13
12,14,12,12
12,14,12,13
12,14,13,14
12,15,12,12
12,15,12,13
12,15,13,14
12,15,14,15
12,16,12,12
12,16,12,11
12,16,11,10
12,16,10,9
12,16,9,8
12,16,8,16
12,17,12,12
12,17,12,11
12,17,11,10
12,17,10,9
12,17,9,17
12,18,12,12
12,18,12,11
12,18,11,10
12,18,10,18
12,19,12,12
12,19,12,11
12,19,11,19
12,20,12,12
12,20,12,20
12,21,12,12
12,21,12,13
12,21,13,21
12,22,12,12
12,22,12,13
12,22,13,14
12,22,14,22
12,23,12,12
12,23,12,13
12,23,13,14
12,23,14,15
12,23,15,23
12,24,12,12
12,24,12,11
12,24,11,10
12,24,10,9
12,24,9,8
12,24,8,16
12,24,16,24
12,25,12,12
12,25,12,11
12,25,11,10
12,25,10,9
12,25,9,17
12,25,17,25
12,26,12,12
12,26,12,11
12,26,11,10
12,26,10,18
12,26,18,26
12,27,12,12
12,27,12,11
12,27,11,19
12,27,19,27
12,28,12,12
12,28,12,20
12,28,20,28
12,29,12,12
12,29,12,13
12,29,13,21
12,29,21,29
12,30,12,12
12,30,12,13
12,30,13,14
12,30,14,22
12,30,22,30
12,31,12,12
12,31,12,13
12,31,13,14
12,31,14,15
12,31,15,23
12,31,23,31
12,32,12,12
12,32,12,11
12,32,11,10
12,32,10,9
12,32,9,8
12,32,8,16
12,32,16,24
12,32,24,32
12,33,12,12
12,33,12,11
12,33,11,10
12,33,10,9
12,33,9,17
12,33,17,25
12,33,25,33
12,34,12,12
12,34,12,11
12,34,11,10
12,34,10,18
12,34,18,26
12,34,26,34
12,35,12,12
12,35,12,11
12,35,11,19
12,35,19,27
12,35,27,35
12,36,12,12
12,36,12,20
12,36,20,28
12,36,28,36
12,37,12,12
12,37,12,13
12,37,13,21
12,37,21,29
12,37,29,37
12,38,12,12
12,38,12,13
12,38,13,14
12,38,14,22
12,38,22,30
12,38,30,38
12,39,12,12
12,39,12,13
12,39,13,14
12,39,14,15
12,39,15,23
12,39,23,31
12,39,31,39
12,40,12,12
12,40,12,11
12,40,11,10
12,40,10,9
12,40,9,8
12,40,8,16
12,40,16,24
12,40,24,32
12,40,32,40
12,41,12,12
12,41,12,11
12,41,11,10
12,41,10,9
12,41,9,17
12,41,17,25
12,41,25,33
12,41,33,41
12,42,12,12
12,42,12,11
12,42,11,10
12,42,10,18
12,42,18,26
12,42,26,34
12,42,34,42
12,43,12,12
12,43,12,11
12,43,11,19
12,43,19,27
12,43,27,35
12,43,35,43
12,44,12,12
12,44,12,20
12,44,20,28
12,44,28,36
12,44,36,44
12,45,12,12
12,45,12,13
12,45,13,21
12,45,21,29
12,45,29,37
12,45,37,45
12,46,12,12
12,46,12,13
12,46,13,14
12,46,14,22
12,46,22,30
12,46,30,38
12,46,38,46
12,47,12,12
12,47,12,13
12,47,13,14
12,47,14,15
12,47,15,23
12,47,23,31
12,47,31,39
12,47,39,47
12,48,12,12
12,48,12,11
12,48,11,10
12,48,10,9
12,48,9,8
12,48,8,16
12,48,16,24
12,48,24,32
12,48,32,40
12,48,40,48
12,49,12,12
12,49,12,11
12,49,11,10
12,49,10,9
12,49,9,17
12,49,17,25
12,49,25,33
12,49,33,41
12,49,41,49
12,50,12,12
12,50,12,11
12,50,11,10
12,50,10,18
12,50,18,26
12,50,26,34
12,50,34,42
12,50,42,50
12,51,12,12
12,51,12,11
12,51,11,19
12,51,19,27
12,51,27,35
12,51,35,43
12,51,43,51
12,52,12,12
12,52,12,20
12,52,20,28
12,52,28,36
12,52,36,44
12,52,44,52
12,53,12,12
12,53,12,13
12,53,13,21
12,53,21,29
12,53,29,37
12,53,37,45
12,53,45,53
12,54,12,12
12,54,12,13
12,54,13,14
12,54,14,22
12,54,22,30
12,54,30,38
12,54,38,46
12,54,46,54
12,55,12,12
12,55,12,13
12,55,13,14
12,55,14,15
12,55,15,23
12,55,23,31
12,55,31,39
12,55,39,47
12,55,47,55
12,56,12,12
12,56,12,11
12,56,11,10
12,56,10,9
12,56,9,8
12,56,8,16
12,56,16,24
12,56,24,32
12,56,32,40
12,56,40,48
12,56,48,56
12,57,12,12
12,57,12,11
12,57,11,10
12,57,10,9
12,57,9,17
12,57,17,25
12,57,25,33
12,57,33,41
12,57,41,49
12,57,49,57
12,58,12,12
12,58,12,11
12,58,11,10
12,58,10,18
12,58,18,26
12,58,26,34
12,58,34,42
12,58,42,50
12,58,50,58
12,59,12,12
12,59,12,11
12,59,11,19
12,59,19,27
12,59,27,35
12,59,35,43
12,59,43,51
12,59,51,59
12,60,12,12
12,60,12,20
12,60,20,28
12,60,28,36
12,60,36,44
12,60,44,52
12,60,52,60
12,61,12,12
12,61,12,13
12,61,13,21
12,61,21,29
12,61,29,37
12,61,37,45
12,61,45,53
12,61,53,61
12,62,12,12
12,62,12,13
12,62,13,14
12,62,14,22
12,62,22,30
12,62,30,38
12,62,38,46
12,62,46,54
12,62,54,62
12,63,12,12
12,63,12,13
12,63,13,14
12,63,14,15
12,63,15,23
12,63,23,31
12,63,31,39
12,63,39,47
12,63,47,55
12,63,55,63
13,0,13,13
13,0,13,12
13,0,12,4
13,0,4,3
13,0,3,2
13,0,2,1
13,0,1,0
13,1,13,13
13,1,13,12
13,1,12,4
13,1,4,3
13,1,3,2
13,1,2,1
13,2,13,13
13,2,13,12
13,2,12,11
13,2,11,3
13,2,3,2
13,3,13,13
13,3,13,5
13,3,5,4
13,3,4,3
13,4,13,13
13,4,13,5
13,4,5,4
13,5,13,13
13,5,13,5
13,6,13,13
13,6,13,5
13,6,5,6
13,7,13,13
13,7,13,5
13,7,5,6
13,7,6,7
13,8,13,13
13,8,13,12
13,8,12,11
13,8,11,10
13,8,10,9
13,8,9,8
13,9,13,13
13,9,13,12
13,9,12,11
13,9,11,10
13,9,10,9
13,10,13,13
13,10,13,12
13,10,12,11
13,10,11,10
13,11,13,13
13,11,13,12
13,11,12,11
13,12,13,13
13,12,13,12
13,14,13,13
13,14,13,14
13,15,13,13
13,15,13,14
13,15,14,15
13,16,13,13
13,16,13,12
13,16,12,11
13,16,11,10
13,16,10,9
13,16,9,8
13,16,8,16
13,17,13,13
13,17,13,12
13,17,12,11
13,17,11,10
13,17,10,9
13,17,9,17
13,18,13,13
13,18,13,12
13,18,12,11
13,18,11,10
13,18,10,18
13,19,13,13
13,19,13,12
13,19,12,11
13,19,11,19
13,20,13,13
13,20,13,12
13,20,12,20
13,21,13,13
13,21,13,21
13,22,13,13
13,22,13,14
13,22,14,22
13,23,13,13
13,23,13,14
13,23,14,15
13,23,15,23
13,24,13,13
13,24,13,12
13,24,12,11
13,24,11,10
13,24,10,9
13,24,9,8
13,24,8,16
13,24,16,24
13,25,13,13
13,25,13,12
13,25,12,11
13,25,11,10
13,25,10,9
13,25,9,17
13,25,17,25
13,26,13,13
13,26,13,12
13,26,12,11
13,26,11,10
13,26,10,18
13,26,18,26
13,27,13,13
13,27,13,12
13,27,12,11
13,27,11,19
13,27,19,27
13,28,13,13
13,28,13,12
13,28,12,20
13,28,20,28
13,29,13,13
13,29,13,21
13,29,21,29
13,30,13,13
13,30,13,14
13,30,14,22
13,30,22,30
13,31,13,13
13,31,13,14
13,31,14,15
13,31,15,23
13,31,23,31
13,32,13,13
13,32,13,12
13,32,12,11
13,32,11,10
13,32,10,9
13,32,9,8
13,32,8,16
13,32,16,24
13,32,24,32
13,33,13,13
13,33,13,12
13,33,12,11
13,33,11,10
13,33,10,9
13,33,9,17
13,33,17,25
13,33,25,33
13,34,13,13
13,34,13,12
13,34,12,11
13,34,11,10
13,34,10,18
13,34,18,26
13,34,26,34
13,35,13,13
13,35,13,12
13,35,12,11
13,35,11,19
13,35,19,27
13,35,27,35
13,36,13,13
13,36,13,12
13,36,12,20
13,36,20,28
13,36,28,36
13,37,13,13
13,37,13,21
13,37,21,29
13,37,29,37
13,38,13,13
13,38,13,14
13,38,14,22
13,38,22,30
13,38,30,38
13,39,13,13
13,39,13,14
13,39,14,15
13,39,15,23
13,39,23,31
13,39,31,39
13,40,13,13
13,40,13,12
13,40,12,11
13,40,11,10
13,40,10,9
13,40,9,8
13,40,8,16
13,40,16,24
13,40,24,32
13,40,32,40
13,41,13,13
13,41,13,12
13,41,12,11
13,41,11,10
13,41,10,9
13,41,9,17
13,41,17,25
13,41,25,33
13,41,33,41
13,42,13,13
13,42,13,12
13,42,12,11
13,42,11,10
13,42,10,18
13,42,18,26
13,42,26,34
13,42,34,42
13,43,13,13
13,43,13,12
13,43,12,11
13,43,11,19
13,43,19,27
13,43,27,35
13,43,35,43
13,44,13,13
13,44,13,12
13,44,12,20
13,44,20,28
13,44,28,36
13,44,36,44
13,45,13,13
13,45,13,21
13,45,21,29
13,45,29,37
13,45,37,45
13,46,13,13
13,46,13,14
13,46,14,22
13,46,22,30
13,46,30,38
13,46,38,46
13,47,13,13
13,47,13,14
13,47,14,15
13,47,15,23
13,47,23,31
13,47,31,39
13,47,39,47
13,48,13,13
13,48,13,12
13,48,12,11
13,48,11,10
13,48,10,9
13,48,9,8
13,48,8,16
13,48,16,24
13,48,24,32
13,48,32,40
13,48,40,48
13,49,13,13
13,49,13,12
13,49,12,11
13,49,11,10
13,49,10,9
13,49,9,17
13,49,17,25
13,49,25,33
13,49,33,41
13,49,41,49
13,50,13,13
13,50,13,12
13,50,12,11
13,50,11,10
13,50,10,18
13,50,18,26
13,50,26,34
13,50,34,42
13,50,42,50
13,51,13,13
13,51,13,12
13,51,12,11
13,51,11,19
13,51,19,27
13,51,27,35
13,51,35,43
13,51,43,51
13,52,13,13
13,52,13,12
13,52,12,20
13,52,20,28
13,52,28,36
13,52,36,44
13,52,44,52
13,53,13,13
13,53,13,21
13,53,21,29
13,53,29,37
13,53,37,45
13,53,45,53
13,54,13,13
13,54,13,14
13,54,14,22
13,54,22,30
13,54,30,38
13,54,38,46
13,54,46,54
13,55,13,13
13,55,13,14
13,55,14,15
13,55,15,23
13,55,23,31
13,55,31,39
13,55,39,47
13,55,47,55
13,56,13,13
13,56,13,12
13,56,12,11
13,56,11,10
13,56,10,9
13,56,9,8
13,56,8,16
13,56,16,24
13,56,24,32
13,56,32,40
13,56,40,48
13,56,48,56
13,57,13,13
13,57,13,12
13,57,12,11
13,57,11,10
13,57,10,9
13,57,9,17
13,57,17,25
13,57,25,33
13,57,33,41
13,57,41,49
13,57,49,57
13,58,13,13
13,58,13,12
13,58,12,11
13,58,11,10
13,58,10,18
13,58,18,26
13,58,26,34
13,58,34,42
13,58,42,50
13,58,50,58
13,59,13,13
13,59,13,12
13,59,12,11
13,59,11,19
13,59,19,27
13,59,27,35
13,59,35,43
13,59,43,51
13,59,51,59
13,60,13,13
13,60,13,12
13,60,12,20
13,60,20,28
13,60,28,36
13,60,36,44
13,60,44,52
13,60,52,60
13,61,13,13
13,61,13,21
13,61,21,29
13,61,29,37
13,61,37,45
13,61,45,53
13,61,53,61
13,62,13,13
13,62,13,14
13,62,14,22
13,62,22,30
13,62,30,38
13,62,38,46
13,62,46,54
13,62,54,62
13,63,13,13
13,63,13,14
13,63,14,15
13,63,15,23
13,63,23,31
13,63,31,39
13,63,39,47
13,63,47,55
13,63,55,63
14,0,14,14
14,0,14,13
14,0,13,5
14,0,5,4
14,0,4,3
14,0,3,2
14,0,2,1
14,0,1,0
14,1,14,14
14,1,14,13
14,1,13,5
14,1,5,4
14,1,4,3
14,1,3,2
14,1,2,1
14,2,14,14
14,2,14,13
14,2,13,5
14,2,5,4
14,2,4,3
14,2,3,2
14,3,14,14
14,3,14,13
14,3,13,12
14,3,12,4
14,3,4,3
14,4,14,14
14,4,14,6
14,4,6,5
14,4,5,4
14,5,14,14
14,5,14,6
14,5,6,5
14,6,14,14
14,6,14,6
14,7,14,14
14,7,14,6
14,7,6,7
14,8,14,14
14,8,14,13
14,8,13,12
14,8,12,11
14,8,11,10
14,8,10,9
14,8,9,8
14,9,14,14
14,9,14,13
14,9,13,12
14,9,12,11
14,9,11,10
14,9,10,9
14,10,14,14
14,10,14,13
14,10,13,12
14,10,12,11
14,10,11,10
14,11,14,14
14,11,14,13
14,11,13,12
14,11,12,11
14,12,14,14
14,12,14,13
14,12,13,12
14,13,14,14
14,13,14,13
14,15,14,14
14,15,14,15
14,16,14,14
14,16,14,13
14,16,13,12
14,16,12,11
14,16,11,10
14,16,10,9
14,16,9,8
14,16,8,16
14,17,14,14
14,17,14,13
14,17,13,12
14,17,12,11
14,17,11,10
14,17,10,9
14,17,9,17
14,18,14,14
14,18,14,13
14,18,13,12
14,18,12,11
14,18,11,10
14,18,10,18
14,19,14,14
14,19,14,13
14,19,13,12
14,19,12,11
14,19,11,19
14,20,14,14
14,20,14,13
14,20,13,12
14,20,12,20
14,21,14,14
14,21,14,13
14,21,13,21
14,22,14,14
14,22,14,22
14,23,14,14
14,23,14,15
14,23,15,23
14,24,14,14
14,24,14,13
14,24,13,12
14,24,12,11
14,24,11,10
14,24,10,9
14,24,9,8
14,24,8,16
14,24,16,24
14,25,14,14
14,25,14,13
14,25,13,12
14,25,12,11
14,25,11,10
14,25,10,9
14,25,9,17
14,25,17,25
14,26,14,14
14,26,14,13
14,26,13,12
14,26,12,11
14,26,11,10
14,26,10,18
14,26,18,26
14,27,14,14
14,27,14,13
14,27,13,12
14,27,12,11
14,27,11,19
14,27,19,27
14,28,14,14
14,28,14,13
14,28,13,12
14,28,12,20
14,28,20,28
14,29,14,14
14,29,14,13
14,29,13,21
14,29,21,29
14,30,14,14
14,30,14,22
14,30,22,30
14,31,14,14
14,31,14,15
14,31,15,23
14,31,23,31
14,32,14,14
14,32,14,13
14,32,13,12
14,32,12,11
14,32,11,10
14,32,10,9
14,32,9,8
14,32,8,16
14,32,16,24
14,32,24,32
14,33,14,14
14,33,14,13
14,33,13,12
14,33,12,11
14,33,11,10
14,33,10,9
14,33,9,17
14,33,17,25
14,33,25,33
14,34,14,14
14,34,14,13
14,34,13,12
14,34,12,11
14,34,11,10
14,34,10,18
14,34,18,26
14,34,26,34
14,35,14,14
14,35,14,13
14,35,13,12
14,35,12,11
14,35,11,19
14,35,19,27
14,35,27,35
14,36,14,14
14,36,14,13
14,36,13,12
14,36,12,20
14,36,20,28
14,36,28,36
14,37,14,14
14,37,14,13
14,37,13,21
14,37,21,29
14,37,29,37
14,38,14,14
14,38,14,22
14,38,22,30
14,38,30,38
14,39,14,14
14,39,14,15
14,39,15,23
14,39,23,31
14,39,31,39
14,40,14,14
14,40,14,13
14,40,13,12
14,40,12,11
14,40,11,10
14,40,10,9
14,40,9,8
14,40,8,16
14,40,16,24
14,40,24,32
14,40,32,40
14,41,14,14
14,41,14,13
14,41,13,12
14,41,12,11
14,41,11,10
14,41,10,9
14,41,9,17
14,41,17,25
14,41,25,33
14,41,33,41
14,42,14,14
14,42,14,13
14,42,13,12
14,42,12,11
14,42,11,10
14,42,10,18
14,42,18,26
14,42,26,34
14,42,34,42
14,43,14,14
14,43,14,13
14,43,13,12
14,43,12,11
14,43,11,19
14,43,19,27
14,43,27,35
14,43,35,43
14,44,14,14
14,44,14,13
14,44,13,12
14,44,12,20
14,44,20,28
14,44,28,36
14,44,36,44
14,45,14,14
14,45,14,13
14,45,13,21
14,45,21,29
14,45,29,37
14,45,37,45
14,46,14,14
14,46,14,22
14,46,22,30
14,46,30,38
14,46,38,46
14,47,14,14
14,47,14,15
14,47,15,23
14,47,23,31
14,47,31,39
14,47,39,47
14,48,14,14
14,48,14,13
14,48,13,12
14,48,12,11
14,48,11,10
14,48,10,9
14,48,9,8
14,48,8,16
14,48,16,24
14,48,24,32
14,48,32,40
14,48,40,48
14,49,14,14
14,49,14,13
14,49,13,12
14,49,12,11
14,49,11,10
14,49,10,9
14,49,9,17
14,49,17,25
14,49,25,33
14,49,33,41
14,49,41,49
14,50,14,14
14,50,14,13
14,50,13,12
14,50,12,11
14,50,11,10
14,50,10,18
14,50,18,26
14,50,26,34
14,50,34,42
14,50,42,50
14,51,14,14
14,51,14,13
14,51,13,12
14,51,12,11
14,51,11,19
14,51,19,27
14,51,27,35
14,51,35,43
14,51,43,51
14,52,14,14
14,52,14,13
14,52,13,12
14,52,12,20
14,52,20,28
14,52,28,36
14,52,36,44
14,52,44,52
14,53,14,14
14,53,14,13
14,53,13,21
14,53,21,29
14,53,29,37
14,53,37,45
14,53,45,53
14,54,14,14
14,54,14,22
14,54,22,30
14,54,30,38
14,54,38,46
14,54,46,54
14,55,14,14
14,55,14,15
14,55,15,23
14,55,23,31
14,55,31,39
14,55,39,47
14,55,47,55
14,56,14,14
14,56,14,13
14,56,13,12
14,56,12,11
14,56,11,10
14,56,10,9
14,56,9,8
14,56,8,16
14,56,16,24
14,56,24,32
14,56,32,40
14,56,40,48
14,56,48,56
14,57,14,14
14,57,14,13
14,57,13,12
14,57,12,11
14,57,11,10
14,57,10,9
14,57,9,17
14,57,17,25
14,57,25,33
14,57,33,41
14,57,41,49
14,57,49,57
14,58,14,14
14,58,14,13
14,58,13,12
14,58,12,11
14,58,11,10
14,58,10,18
14,58,18,26
14,58,26,34
14,58,34,42
14,58,42,50
14,58,50,58
14,59,14,14
14,59,14,13
14,59,13,12
14,59,12,11
14,59,11,19
14,59,19,27
14,59,27,35
14,59,35,43
14,59,43,51
14,59,51,59
14,60,14,14
14,60,14,13
14,60,13,12
14,60,12,20
14,60,20,28
14,60,28,36
14,60,36,44
14,60,44,52
14,60,52,60
14,61,14,14
14,61,14,13
14,61,13,21
14,61,21,29
14,61,29,37
14,61,37,45
14,61,45,53
14,61,53,61
14,62,14,14
14,62,14,22
14,62,22,30
14,62,30,38
14,62,38,46
14,62,46,54
14,62,54,62
14,63,14,14
14,63,14,15
14,63,15,23
14,63,23,31
14,63,31,39
14,63,39,47
14,63,47,55
14,63,55,63
15,0,15,15
15,0,15,14
15,0,14,13
15,0,13,12
15,0,12,11
15,0,11,3
15,0,3,2
15,0,2,1
15,0,1,0
15,1,15,15
15,1,15,14
15,1,14,13
15,1,13,12
15,1,12,11
15,1,11,3
15,1,3,2
15,1,2,1
15,2,15,15
15,2,15,14
15,2,14,13
15,2,13,12
15,2,12,11
15,2,11,3
15,2,3,2
15,3,15,15
15,3,15,14
15,3,14,13
15,3,13,12
15,3,12,4
15,3,4,3
15,4,15,15
15,4,15,14
15,4,14,6
15,4,6,5
15,4,5,4
15,5,15,15
15,5,15,14
15,5,14,13
15,5,13,5
15,6,15,15
15,6,15,7
15,6,7,6
15,7,15,15
15,7,15,7
15,8,15,15
15,8,15,14
15,8,14,13
15,8,13,12
15,8,12,11
15,8,11,10
15,8,10,9
15,8,9,8
15,9,15,15
15,9,15,14
15,9,14,13
15,9,13,12
15,9,12,11
15,9,11,10
15,9,10,9
15,10,15,15
15,10,15,14
15,10,14,13
15,10,13,12
15,10,12,11
15,10,11,10
15,11,15,15
15,11,15,14
15,11,14,13
15,11,13,12
15,11,12,11
15,12,15,15
15,12,15,14
15,12,14,13
15,12,13,12
15,13,15,15
15,13,15,14
15,13,14,13
15,14,15,15
15,14,15,14
15,16,15,15
15,16,15,14
15,16,14,13
15,16,13,12
15,16,12,11
15,16,11,10
15,16,10,9
15,16,9,8
15,16,8,16
15,17,15,15
15,17,15,14
15,17,14,13
15,17,13,12
15,17,12,11
15,17,11,10
15,17,10,9
15,17,9,17
15,18,15,15
15,18,15,14
15,18,14,13
15,18,13,12
15,18,12,11
15,18,11,10
15,18,10,18
15,19,15,15
15,19,15,14
15,19,14,13
15,19,13,12
15,19,12,11
15,19,11,19
15,20,15,15
15,20,15,14
15,20,14,13
15,20,13,12
15,20,12,20
15,21,15,15
15,21,15,14
15,21,14,13
15,21,13,21
15,22,15,15
15,22,15,14
15,22,14,22
15,23,15,15
15,23,15,23
15,24,15,15
15,24,15,14
15,24,14,13
15,24,13,12
15,24,12,11
15,24,11,10
15,24,10,9
15,24,9,8
15,24,8,16
15,24,16,24
15,25,15,15
15,25,15,14
15,25,14,13
15,25,13,12
15,25,12,11
15,25,11,10
15,25,10,9
15,25,9,17
15,25,17,25
15,26,15,15
15,26,15,14
15,26,14,13
15,26,13,12
15,26,12,11
15,26,11,10
15,26,10,18
15,26,18,26
15,27,15,15
15,27,15,14
15,27,14,13
15,27,13,12
15,27,12,11
15,27,11,19
15,27,19,27
15,28,15,15
15,28,15,14
15,28,14,13
15,28,13,12
15,28,12,20
15,28,20,28
15,29,15,15
15,29,15,14
15,29,14,13
15,29,13,21
15,29,21,29
15,30,15,15
15,30,15,14
15,30,14,22
15,30,22,30
15,31,15,15
15,31,15,23
15,31,23,31
15,32,15,15
15,32,15,14
15,32,14,13
15,32,13,12
15,32,12,11
15,32,11,10
15,32,10,9
15,32,9,8
15,32,8,16
15,32,16,24
15,32,24,32
15,33,15,15
15,33,15,14
15,33,14,13
15,33,13,12
15,33,12,11
15,33,11,10
15,33,10,9
15,33,9,17
15,33,17,25
15,33,25,33
15,34,15,15
15,34,15,14
15,34,14,13
15,34,13,12
15,34,12,11
15,34,11,10
15,34,10,18
15,34,18,26
15,34,26,34
15,35,15,15
15,35,15,14
15,35,14,13
15,35,13,12
15,35,12,11
15,35,11,19
15,35,19,27
15,35,27,35
15,36,15,15
15,36,15,14
15,36,14,13
15,36,13,12
15,36,12,20
15,36,20,28
15,36,28,36
15,37,15,15
15,37,15,14
15,37,14,13
15,37,13,21
15,37,21,29
15,37,29,37
15,38,15,15
15,38,15,14
15,38,14,22
15,38,22,30
15,38,30,38
15,39,15,15
15,39,15,23
15,39,23,31
15,39,31,39
15,40,15,15
15,40,15,14
15,40,14,13
15,40,13,12
15,40,12,11
15,40,11,10
15,40,10,9
15,40,9,8
15,40,8,16
15,40,16,24
15,40,24,32
15,40,32,40
15,41,15,15
15,41,15,14
15,41,14,13
15,41,13,12
15,41,12,11
15,41,11,10
15,41,10,9
15,41,9,17
15,41,17,25
15,41,25,33
15,41,33,41
15,42,15,15
15,42,15,14
15,42,14,13
15,42,13,12
15,42,12,11
15,42,11,10
15,42,10,18
15,42,18,26
15,42,26,34
15,42,34,42
15,43,15,15
15,43,15,14
15,43,14,13
15,43,13,12
15,43,12,11
15,43,11,19
15,43,19,27
15,43,27,35
15,43,35,43
15,44,15,15
15,44,15,14
15,44,14,13
15,44,13,12
15,44,12,20
15,44,20,28
15,44,28,36
15,44,36,44
15,45,15,15
15,45,15,14
15,45,14,13
15,45,13,21
15,45,21,29
15,45,29,37
15,45,37,45
15,46,15,15
15,46,15,14
15,46,14,22
15,46,22,30
15,46,30,38
15,46,38,46
15,47,15,15
15,47,15,23
15,47,23,31
15,47,31,39
15,47,39,47
15,48,15,15
15,48,15,14
15,48,14,13
15,48,13,12
15,48,12,11
15,48,11,10
15,48,10,9
15,48,9,8
15,48,8,16
15,48,16,24
15,48,24,32
15,48,32,40
15,48,40,48
15,49,15,15
15,49,15,14
15,49,14,13
15,49,13,12
15,49,12,11
15,49,11,10
15,49,10,9
15,49,9,17
15,49,17,25
15,49,25,33
15,49,33,41
15,49,41,49
15,50,15,15
15,50,15,14
15,50,14,13
15,50,13,12
15,50,12,11
15,50,11,10
15,50,10,18
15,50,18,26
15,50,26,34
15,50,34,42
15,50,42,50
15,51,15,15
15,51,15,14
15,51,14,13
15,51,13,12
15,51,12,11
15,51,11,19
15,51,19,27
15,51,27,35
15,51,35,43
15,51,43,51
15,52,15,15
15,52,15,14
15,52,14,13
15,52,13,12
15,52,12,20
15,52,20,28
15,52,28,36
15,52,36,44
15,52,44,52
15,53,15,15
15,53,15,14
15,53,14,13
15,53,13,21
15,53,21,29
15,53,29,37
15,53,37,45
15,53,45,53
15,54,15,15
15,54,15,14
15,54,14,22
15,54,22,30
15,54,30,38
15,54,38,46
15,54,46,54
15,55,15,15
15,55,15,23
15,55,23,31
15,55,31,39
15,55,39,47
15,55,47,55
15,56,15,15
15,56,15,14
15,56,14,13
15,56,13,12
15,56,12,11
15,56,11,10
15,56,10,9
15,56,9,8
15,56,8,16
15,56,16,24
15,56,24,32
15,56,32,40
15,56,40,48
15,56,48,56
15,57,15,15
15,57,15,14
15,57,14,13
15,57,13,12
15,57,12,11
15,57,11,10
15,57,10,9
15,57,9,17
15,57,17,25
15,57,25,33
15,57,33,41
15,57,41,49
15,57,49,57
15,58,15,15
15,58,15,14
15,58,14,13
15,58,13,12
15,58,12,11
15,58,11,10
15,58,10,18
15,58,18,26
15,58,26,34
15,58,34,42
15,58,42,50
15,58,50,58
15,59,15,15
15,59,15,14
15,59,14,13
15,59,13,12
15,59,12,11
15,59,11,19
15,59,19,27
15,59,27,35
15,59,35,43
15,59,43,51
15,59,51,59
15,60,15,15
15,60,15,14
15,60,14,13
15,60,13,12
15,60,12,20
15,60,20,28
15,60,28,36
15,60,36,44
15,60,44,52
15,60,52,60
15,61,15,15
15,61,15,14
15,61,14,13
15,61,13,21
15,61,21,29
15,61,29,37
15,61,37,45
15,61,45,53
15,61,53,61
15,62,15,15
15,62,15,14
15,62,14,22
15,62,22,30
15,62,30,38
15,62,38,46
15,62,46,54
15,62,54,62
15,63,15,15
15,63,15,23
15,63,23,31
15,63,31,39
15,63,39,47
15,63,47,55
15,63,55,63
16,0,16,16
16,0,16,8
16,0,8,0
16,1,16,16
16,1,16,17
16,1,17,9
16,1,9,1
16,2,16,16
16,2,16,8
16,2,8,0
16,2,0,1
16,2,1,2
16,3,16,16
16,3,16,17
16,3,17,18
16,3,18,19
16,3,19,11
16,3,11,3
16,4,16,16
16,4,16,17
16,4,17,9
16,4,9,1
16,4,1,2
16,4,2,3
16,4,3,4
16,5,16,16
16,5,16,17
16,5,17,18
16,5,18,19
16,5,19,20
16,5,20,12
16,5,12,4
16,5,4,5
16,6,16,16
16,6,16,17
16,6,17,18
16,6,18,19
16,6,19,20
16,6,20,12
16,6,12,4
16,6,4,5
16,6,5,6
16,7,16,16
16,7,16,17
16,7,17,18
16,7,18,19
16,7,19,20
16,7,20,12
16,7,12,4
16,7,4,5
16,7,5,6
16,7,6,7
16,8,16,16
16,8,16,8
16,9,16,16
16,9,16,8
16,9,8,9
16,10,16,16
16,10,16,17
16,10,17,18
16,10,18,10
16,11,16,16
16,11,16,17
16,11,17,9
16,11,9,10
16,11,10,11
16,12,16,16
16,12,16,17
16,12,17,18
16,12,18,19
16,12,19,11
16,12,11,12
16,13,16,16
16,13,16,17
16,13,17,18
16,13,18,19
16,13,19,20
16,13,20,12
16,13,12,13
16,14,16,16
16,14,16,17
16,14,17,18
16,14,18,19
16,14,19,11
16,14,11,12
16,14,12,13
16,14,13,14
16,15,16,16
16,15,16,17
16,15,17,18
16,15,18,19
16,15,19,20
16,15,20,12
16,15,12,13
16,15,13,14
16,15,14,15
16,17,16,16
16,17,16,17
16,18,16,16
16,18,16,17
16,18,17,18
16,19,16,16
16,19,16,17
16,19,17,18
16,19,18,19
16,20,16,16
16,20,16,17
16,20,17,18
16,20,18,19
16,20,19,20
16,21,16,16
16,21,16,17
16,21,17,18
16,21,18,19
16,21,19,20
16,21,20,21
16,22,16,16
16,22,16,17
16,22,17,18
16,22,18,19
16,22,19,20
16,22,20,21
16,22,21,22
16,23,16,16
16,23,16,17
16,23,17,18
16,23,18,19
16,23,19,20
16,23,20,21
16,23,21,22
16,23,22,23
16,24,16,16
16,24,16,24
16,25,16,16
16,25,16,17
16,25,17,25
16,26,16,16
16,26,16,17
16,26,17,18
16,26,18,26
16,27,16,16
16,27,16,17
16,27,17,18
16,27,18,19
16,27,19,27
16,28,16,16
16,28,16,17
16,28,17,18
16,28,18,19
16,28,19,20
16,28,20,28
16,29,16,16
16,29,16,17
16,29,17,18
16,29,18,19
16,29,19,20
16,29,20,21
16,29,21,29
16,30,16,16
16,30,16,17
16,30,17,18
16,30,18,19
16,30,19,20
16,30,20,21
16,30,21,22
16,30,22,30
16,31,16,16
16,31,16,17
16,31,17,18
16,31,18,19
16,31,19,20
16,31,20,21
16,31,21,22
16,31,22,23
16,31,23,31
16,32,16,16
16,32,16,24
16,32,24,32
16,33,16,16
16,33,16,17
16,33,17,25
16,33,25,33
16,34,16,16
16,34,16,17
16,34,17,18
16,34,18,26
16,34,26,34
16,35,16,16
16,35,16,17
16,35,17,18
16,35,18,19
16,35,19,27
16,35,27,35
16,36,16,16
16,36,16,17
16,36,17,18
16,36,18,19
16,36,19,20
16,36,20,28
16,36,28,36
16,37,16,16
16,37,16,17
16,37,17,18
16,37,18,19
16,37,19,20
16,37,20,21
16,37,21,29
16,37,29,37
16,38,16,16
16,38,16,17
16,38,17,18
16,38,18,19
16,38,19,20
16,38,20,21
16,38,21,22
16,38,22,30
16,38,30,38
16,39,16,16
16,39,16,17
16,39,17,18
16,39,18,19
16,39,19,20
16,39,20,21
16,39,21,22
16,39,22,23
16,39,23,31
16,39,31,39
16,40,16,16
16,40,16,24
16,40,24,32
16,40,32,40
16,41,16,16
16,41,16,17
16,41,17,25
16,41,25,33
16,41,33,41
16,42,16,16
16,42,16,17
16,42,17,18
16,42,18,26
16,42,26,34
16,42,34,42
16,43,16,16
16,43,16,17
16,43,17,18
16,43,18,19
16,43,19,27
16,43,27,35
16,43,35,43
16,44,16,16
16,44,16,17
16,44,17,18
16,44,18,19
16,44,19,20
16,44,20,28
16,44,28,36
16,44,36,44
16,45,16,16
16,45,16,17
16,45,17,18
16,45,18,19
16,45,19,20
16,45,20,21
16,45,21,29
16,45,29,37
16,45,37,45
16,46,16,16
16,46,16,17
16,46,17,18
16,46,18,19
16,46,19,20
16,46,20,21
16,46,21,22
16,46,22,30
16,46,30,38
16,46,38,46
16,47,16,16
16,47,16,17
16,47,17,18
16,47,18,19
16,47,19,20
16,47,20,21
16,47,21,22
16,47,22,23
16,47,23,31
16,47,31,39
16,47,39,47
16,48,16,16
16,48,16,24
16,48,24,32
16,48,32,40
16,48,40,48
16,49,16,16
16,49,16,17
16,49,17,25
16,49,25,33
16,49,33,41
16,49,41,49
16,50,16,16
16,50,16,17
16,50,17,18
16,50,18,26
16,50,26,34
16,50,34,42
16,50,42,50
16,51,16,16
16,51,16,17
16,51,17,18
16,51,18,19
16,51,19,27
16,51,27,35
16,51,35,43
16,51,43,51
16,52,16,16
16,52,16,17
16,52,17,18
16,52,18,19
16,52,19,20
16,52,20,28
16,52,28,36
16,52,36,44
16,52,44,52
16,53,16,16
16,53,16,17
16,53,17,18
16,53,18,19
16,53,19,20
16,53,20,21
16,53,21,29
16,53,29,37
16,53,37,45
16,53,45,53
16,54,16,16
16,54,16,17
16,54,17,18
16,54,18,19
16,54,19,20
16,54,20,21
16,54,21,22
16,54,22,30
16,54,30,38
16,54,38,46
16,54,46,54
16,55,16,16
16,55,16,17
16,55,17,18
16,55,18,19
16,55,19,20
16,55,20,21
16,55,21,22
16,55,22,23
16,55,23,31
16,55,31,39
16,55,39,47
16,55,47,55
16,56,16,16
16,56,16,24
16,56,24,32
16,56,32,40
16,56,40,48
16,56,48,56
16,57,16,16
16,57,16,17
16,57,17,25
16,57,25,33
16,57,33,41
16,57,41,49
16,57,49,57
16,58,16,16
16,58,16,17
16,58,17,18
16,58,18,26
16,58,26,34
16,58,34,42
16,58,42,50
16,58,50,58
16,59,16,16
16,59,16,17
16,59,17,18
16,59,18,19
16,59,19,27
16,59,27,35
16,59,35,43
16,59,43,51
16,59,51,59
16,60,16,16
16,60,16,17
16,60,17,18
16,60,18,19
16,60,19,20
16,60,20,28
16,60,28,36
16,60,36,44
16,60,44,52
16,60,52,60
16,61,16,16
16,61,16,17
16,61,17,18
16,61,18,19
16,61,19,20
16,61,20,21
16,61,21,29
16,61,29,37
16,61,37,45
16,61,45,53
16,61,53,61
16,62,16,16
16,62,16,17
16,62,17,18
16,62,18,19
16,62,19,20
16,62,20,21
16,62,21,22
16,62,22,30
16,62,30,38
16,62,38,46
16,62,46,54
16,62,54,62
16,63,16,16
16,63,16,17
16,63,17,18
16,63,18,19
16,63,19,20
16,63,20,21
16,63,21,22
16,63,22,23
16,63,23,31
16,63,31,39
16,63,39,47
16,63,47,55
16,63,55,63
17,0,17,17
17,0,17,9
17,0,9,1
17,0,1,0
17,1,17,17
17,1,17,9
17,1,9,1
17,2,17,17
17,2,17,9
17,2,9,1
17,2,1,2
17,3,17,17
17,3,17,18
17,3,18,19
17,3,19,11
17,3,11,3
17,4,17,17
17,4,17,9
17,4,9,1
17,4,1,2
17,4,2,3
17,4,3,4
17,5,17,17
17,5,17,9
17,5,9,1
17,5,1,2
17,5,2,3
17,5,3,4
17,5,4,5
17,6,17,17
17,6,17,9
17,6,9,1
17,6,1,2
17,6,2,3
17,6,3,4
17,6,4,5
17,6,5,6
17,7,17,17
17,7,17,9
17,7,9,1
17,7,1,2
17,7,2,3
17,7,3,4
17,7,4,5
17,7,5,6
17,7,6,7
17,8,17,17
17,8,17,9
17,8,9,8
17,9,17,17
17,9,17,9
17,10,17,17
17,10,17,9
17,10,9,10
17,11,17,17
17,11,17,18
17,11,18,19
17,11,19,11
17,12,17,17
17,12,17,18
17,12,18,10
17,12,10,11
17,12,11,12
17,13,17,17
17,13,17,18
17,13,18,19
17,13,19,20
17,13,20,12
17,13,12,13
17,14,17,17
17,14,17,18
17,14,18,10
17,14,10,11
17,14,11,12
17,14,12,13
17,14,13,14
17,15,17,17
17,15,17,18
17,15,18,10
17,15,10,11
17,15,11,12
17,15,12,13
17,15,13,14
17,15,14,15
17,16,17,17
17,16,17,16
17,18,17,17
17,18,17,18
17,19,17,17
17,19,17,18
17,19,18,19
17,20,17,17
17,20,17,18
17,20,18,19
17,20,19,20
17,21,17,17
17,21,17,18
17,21,18,19
17,21,19,20
17,21,20,21
17,22,17,17
17,22,17,18
17,22,18,19
17,22,19,20
17,22,20,21
17,22,21,22
17,23,17,17
17,23,17,18
17,23,18,19
17,23,19,20
17,23,20,21
17,23,21,22
17,23,22,23
17,24,17,17
17,24,17,16
17,24,16,24
17,25,17,17
17,25,17,25
17,26,17,17
17,26,17,18
17,26,18,26
17,27,17,17
17,27,17,18
17,27,18,19
17,27,19,27
17,28,17,17
17,28,17,18
17,28,18,19
17,28,19,20
17,28,20,28
17,29,17,17
17,29,17,18
17,29,18,19
17,29,19,20
17,29,20,21
17,29,21,29
17,30,17,17
17,30,17,18
17,30,18,19
17,30,19,20
17,30,20,21
17,30,21,22
17,30,22,30
17,31,17,17
17,31,17,18
17,31,18,19
17,31,19,20
17,31,20,21
17,31,21,22
17,31,22,23
17,31,23,31
17,32,17,17
17,32,17,16
17,32,16,24
17,32,24,32
17,33,17,17
17,33,17,25
17,33,25,33
17,34,17,17
17,34,17,18
17,34,18,26
17,34,26,34
17,35,17,17
17,35,17,18
17,35,18,19
17,35,19,27
17,35,27,35
17,36,17,17
17,36,17,18
17,36,18,19
17,36,19,20
17,36,20,28
17,36,28,36
17,37,17,17
17,37,17,18
17,37,18,19
17,37,19,20
17,37,20,21
17,37,21,29
17,37,29,37
17,38,17,17
17,38,17,18
17,38,18,19
17,38,19,20
17,38,20,21
17,38,21,22
17,38,22,30
17,38,30,38
17,39,17,17
17,39,17,18
17,39,18,19
17,39,19,20
17,39,20,21
17,39,21,22
17,39,22,23
17,39,23,31
17,39,31,39
17,40,17,17
17,40,17,16
17,40,16,24
17,40,24,32
17,40,32,40
17,41,17,17
17,41,17,25
17,41,25,33
17,41,33,41
17,42,17,17
17,42,17,18
17,42,18,26
17,42,26,34
17,42,34,42
17,43,17,17
17,43,17,18
17,43,18,19
17,43,19,27
17,43,27,35
17,43,35,43
17,44,17,17
17,44,17,18
17,44,18,19
17,44,19,20
17,44,20,28
17,44,28,36
17,44,36,44
17,45,17,17
17,45,17,18
17,45,18,19
17,45,19,20
17,45,20,21
17,45,21,29
17,45,29,37
17,45,37,45
17,46,17,17
17,46,17,18
17,46,18,19
17,46,19,20
17,46,20,21
17,46,21,22
17,46,22,30
17,46,30,38
17,46,38,46
17,47,17,17
17,47,17,18
17,47,18,19
17,47,19,20
17,47,20,21
17,47,21,22
17,47,22,23
17,47,23,31
17,47,31,39
17,47,39,47
17,48,17,17
17,48,17,16
17,48,16,24
17,48,24,32
17,48,32,40
17,48,40,48
17,49,17,17
17,49,17,25
17,49,25,33
17,49,33,41
17,49,41,49
17,50,17,17
17,50,17,18
17,50,18,26
17,50,26,34
17,50,34,42
17,50,42,50
17,51,17,17
17,51,17,18
17,51,18,19
17,51,19,27
17,51,27,35
17,51,35,43
17,51,43,51
17,52,17,17
17,52,17,18
17,52,18,19
17,52,19,20
17,52,20,28
17,52,28,36
17,52,36,44
17,52,44,52
17,53,17,17
17,53,17,18
17,53,18,19
17,53,19,20
17,53,20,21
17,53,21,29
17,53,29,37
17,53,37,45
17,53,45,53
17,54,17,17
17,54,17,18
17,54,18,19
17,54,19,20
17,54,20,21
17,54,21,22
17,54,22,30
17,54,30,38
17,54,38,46
17,54,46,54
17,55,17,17
17,55,17,18
17,55,18,19
17,55,19,20
17,55,20,21
17,55,21,22
17,55,22,23
17,55,23,31
17,55,31,39
17,55,39,47
17,55,47,55
17,56,17,17
17,56,17,16
17,56,16,24
17,56,24,32
17,56,32,40
17,56,40,48
17,56,48,56
17,57,17,17
17,57,17,25
17,57,25,33
17,57,33,41
17,57,41,49
17,57,49,57
17,58,17,17
17,58,17,18
17,58,18,26
17,58,26,34
17,58,34,42
17,58,42,50
17,58,50,58
17,59,17,17
17,59,17,18
17,59,18,19
17,59,19,27
17,59,27,35
17,59,35,43
17,59,43,51
17,59,51,59
17,60,17,17
17,60,17,18
17,60,18,19
17,60,19,20
17,60,20,28
17,60,28,36
17,60,36,44
17,60,44,52
17,60,52,60
17,61,17,17
17,61,17,18
17,61,18,19
17,61,19,20
17,61,20,21
17,61,21,29
17,61,29,37
17,61,37,45
17,61,45,53
17,61,53,61
17,62,17,17
17,62,17,18
17,62,18,19
17,62,19,20
17,62,20,21
17,62,21,22
17,62,22,30
17,62,30,38
17,62,38,46
17,62,46,54
17,62,54,62
17,63,17,17
17,63,17,18
17,63,18,19
17,63,19,20
17,63,20,21
17,63,21,22
17,63,22,23
17,63,23,31
17,63,31,39
17,63,39,47
17,63,47,55
17,63,55,63
18,0,18,18
18,0,18,10
18,0,10,2
18,0,2,1
18,0,1,0
18,1,18,18
18,1,18,10
18,1,10,2
18,1,2,1
18,2,18,18
18,2,18,10
18,2,10,2
18,3,18,18
18,3,18,10
18,3,10,2
18,3,2,3
18,4,18,18
18,4,18,19
18,4,19,20
18,4,20,12
18,4,12,4
18,5,18,18
18,5,18,10
18,5,10,2
18,5,2,3
18,5,3,4
18,5,4,5
18,6,18,18
18,6,18,10
18,6,10,2
18,6,2,3
18,6,3,4
18,6,4,5
18,6,5,6
18,7,18,18
18,7,18,10
18,7,10,2
18,7,2,3
18,7,3,4
18,7,4,5
18,7,5,6
18,7,6,7
18,8,18,18
18,8,18,10
18,8,10,9
18,8,9,8
18,9,18,18
18,9,18,10
18,9,10,9
18,10,18,18
18,10,18,10
18,11,18,18
18,11,18,10
18,11,10,11
18,12,18,18
18,12,18,19
18,12,19,20
18,12,20,12
18,13,18,18
18,13,18,19
18,13,19,11
18,13,11,12
18,13,12,13
18,14,18,18
18,14,18,19
18,14,19,11
18,14,11,12
18,14,12,13
18,14,13,14
18,15,18,18
18,15,18,19
18,15,19,11
18,15,11,12
18,15,12,13
18,15,13,14
18,15,14,15
18,16,18,18
18,16,18,17
18,16,17,16
18,17,18,18
18,17,18,17
18,19,18,18
18,19,18,19
18,20,18,18
18,20,18,19
18,20,19,20
18,21,18,18
18,21,18,19
18,21,19,20
18,21,20,21
18,22,18,18
18,22,18,19
18,22,19,20
18,22,20,21
18,22,21,22
18,23,18,18
18,23,18,19
18,23,19,20
18,23,20,21
18,23,21,22
18,23,22,23
18,24,18,18
18,24,18,17
18,24,17,16
18,24,16,24
18,25,18,18
18,25,18,17
18,25,17,25
18,26,18,18
18,26,18,26
18,27,18,18
18,27,18,19
18,27,19,27
18,28,18,18
18,28,18,19
18,28,19,20
18,28,20,28
18,29,18,18
18,29,18,19
18,29,19,20
18,29,20,21
18,29,21,29
18,30,18,18
18,30,18,19
18,30,19,20
18,30,20,21
18,30,21,22
18,30,22,30
18,31,18,18
18,31,18,19
18,31,19,20
18,31,20,21
18,31,21,22
18,31,22,23
18,31,23,31
18,32,18,18
18,32,18,17
18,32,17,16
18,32,16,24
18,32,24,32
18,33,18,18
18,33,18,17
18,33,17,25
18,33,25,33
18,34,18,18
18,34,18,26
18,34,26,34
18,35,18,18
18,35,18,19
18,35,19,27
18,35,27,35
18,36,18,18
18,36,18,19
18,36,19,20
18,36,20,28
18,36,28,36
18,37,18,18
18,37,18,19
18,37,19,20
18,37,20,21
18,37,21,29
18,37,29,37
18,38,18,18
18,38,18,19
18,38,19,20
18,38,20,21
18,38,21,22
18,38,22,30
18,38,30,38
18,39,18,18
18,39,18,19
18,39,19,20
18,39,20,21
18,39,21,22
18,39,22,23
18,39,23,31
18,39,31,39
18,40,18,18
18,40,18,17
18,40,17,16
18,40,16,24
18,40,24,32
18,40,32,40
18,41,18,18
18,41,18,17
18,41,17,25
18,41,25,33
18,41,33,41
18,42,18,18
18,42,18,26
18,42,26,34
18,42,34,42
18,43,18,18
18,43,18,19
18,43,19,27
18,43,27,35
18,43,35,43
18,44,18,18
18,44,18,19
18,44,19,20
18,44,20,28
18,44,28,36
18,44,36,44
18,45,18,18
18,45,18,19
18,45,19,20
18,45,20,21
18,45,21,29
18,45,29,37
18,45,37,45
18,46,18,18
18,46,18,19
18,46,19,20
18,46,20,21
18,46,21,22
18,46,22,30
18,46,30,38
18,46,38,46
18,47,18,18
18,47,18,19
18,47,19,20
18,47,20,21
18,47,21,22
18,47,22,23
18,47,23,31
18,47,31,39
18,47,39,47
18,48,18,18
18,48,18,17
18,48,17,16
18,48,16,24
18,48,24,32
18,48,32,40
18,48,40,48
18,49,18,18
18,49,18,17
18,49,17,25
18,49,25,33
18,49,33,41
18,49,41,49
18,50,18,18
18,50,18,26
18,50,26,34
18,50,34,42
18,50,42,50
18,51,18,18
18,51,18,19
18,51,19,27
18,51,27,35
18,51,35,43
18,51,43,51
18,52,18,18
18,52,18,19
18,52,19,20
18,52,20,28
18,52,28,36
18,52,36,44
18,52,44,52
18,53,18,18
18,53,18,19
18,53,19,20
18,53,20,21
18,53,21,29
18,53,29,37
18,53,37,45
18,53,45,53
18,54,18,18
18,54,18,19
18,54,19,20
18,54,20,21
18,54,21,22
18,54,22,30
18,54,30,38
18,54,38,46
18,54,46,54
18,55,18,18
18,55,18,19
18,55,19,20
18,55,20,21
18,55,21,22
18,55,22,23
18,55,23,31
18,55,31,39
18,55,39,47
18,55,47,55
18,56,18,18
18,56,18,17
18,56,17,16
18,56,16,24
18,56,24,32
18,56,32,40
18,56,40,48
18,56,48,56
18,57,18,18
18,57,18,17
18,57,17,25
18,57,25,33
18,57,33,41
18,57,41,49
18,57,49,57
18,58,18,18
18,58,18,26
18,58,26,34
18,58,34,42
18,58,42,50
18,58,50,58
18,59,18,18
18,59,18,19
18,59,19,27
18,59,27,35
18,59,35,43
18,59,43,51
18,59,51,59
18,60,18,18
18,60,18,19
18,60,19,20
18,60,20,28
18,60,28,36
18,60,36,44
18,60,44,52
18,60,52,60
18,61,18,18
18,61,18,19
18,61,19,20
18,61,20,21
18,61,21,29
18,61,29,37
18,61,37,45
18,61,45,53
18,61,53,61
18,62,18,18
18,62,18,19
18,62,19,20
18,62,20,21
18,62,21,22
18,62,22,30
18,62,30,38
18,62,38,46
18,62,46,54
18,62,54,62
18,63,18,18
18,63,18,19
18,63,19,20
18,63,20,21
18,63,21,22
18,63,22,23
18,63,23,31
18,63,31,39
18,63,39,47
18,63,47,55
18,63,55,63
19,0,19,19
19,0,19,18
19,0,18,17
19,0,17,9
19,0,9,1
19,0,1,0
19,1,19,19
19,1,19,18
19,1,18,17
19,1,17,9
19,1,9,1
19,2,19,19
19,2,19,11
19,2,11,3
19,2,3,2
19,3,19,19
19,3,19,11
19,3,11,3
19,4,19,19
19,4,19,11
19,4,11,3
19,4,3,4
19,5,19,19
19,5,19,20
19,5,20,21
19,5,21,13
19,5,13,5
19,6,19,19
19,6,19,11
19,6,11,3
19,6,3,4
19,6,4,5
19,6,5,6
19,7,19,19
19,7,19,11
19,7,11,3
19,7,3,4
19,7,4,5
19,7,5,6
19,7,6,7
19,8,19,19
19,8,19,18
19,8,18,17
19,8,17,9
19,8,9,8
19,9,19,19
19,9,19,18
19,9,18,17
19,9,17,9
19,10,19,19
19,10,19,11
19,10,11,10
19,11,19,19
19,11,19,11
19,12,19,19
19,12,19,11
19,12,11,12
19,13,19,19
19,13,19,20
19,13,20,21
19,13,21,13
19,14,19,19
19,14,19,20
19,14,20,12
19,14,12,13
19,14,13,14
19,15,19,19
19,15,19,20
19,15,20,12
19,15,12,13
19,15,13,14
19,15,14,15
19,16,19,19
19,16,19,18
19,16,18,17
19,16,17,16
19,17,19,19
19,17,19,18
19,17,18,17
19,18,19,19
19,18,19,18
19,20,19,19
19,20,19,20
19,21,19,19
19,21,19,20
19,21,20,21
19,22,19,19
19,22,19,20
19,22,20,21
19,22,21,22
19,23,19,19
19,23,19,20
19,23,20,21
19,23,21,22
19,23,22,23
19,24,19,19
19,24,19,18
19,24,18,17
19,24,17,16
19,24,16,24
19,25,19,19
19,25,19,18
19,25,18,17
19,25,17,25
19,26,19,19
19,26,19,18
19,26,18,26
19,27,19,19
19,27,19,27
19,28,19,19
19,28,19,20
19,28,20,28
19,29,19,19
19,29,19,20
19,29,20,21
19,29,21,29
19,30,19,19
19,30,19,20
19,30,20,21
19,30,21,22
19,30,22,30
19,31,19,19
19,31,19,20
19,31,20,21
19,31,21,22
19,31,22,23
19,31,23,31
19,32,19,19
19,32,19,18
19,32,18,17
19,32,17,16
19,32,16,24
19,32,24,32
19,33,19,19
19,33,19,18
19,33,18,17
19,33,17,25
19,33,25,33
19,34,19,19
19,34,19,18
19,34,18,26
19,34,26,34
19,35,19,19
19,35,19,27
19,35,27,35
19,36,19,19
19,36,19,20
19,36,20,28
19,36,28,36
19,37,19,19
19,37,19,20
19,37,20,21
19,37,21,29
19,37,29,37
19,38,19,19
19,38,19,20
19,38,20,21
19,38,21,22
19,38,22,30
19,38,30,38
19,39,19,19
19,39,19,20
19,39,20,21
19,39,21,22
19,39,22,23
19,39,23,31
19,39,31,39
19,40,19,19
19,40,19,18
19,40,18,17
19,40,17,16
19,40,16,24
19,40,24,32
19,40,32,40
19,41,19,19
19,41,19,18
19,41,18,17
19,41,17,25
19,41,25,33
19,41,33,41
19,42,19,19
19,42,19,18
19,42,18,26
19,42,26,34
19,42,34,42
19,43,19,19
19,43,19,27
19,43,27,35
19,43,35,43
19,44,19,19
19,44,19,20
19,44,20,28
19,44,28,36
19,44,36,44
19,45,19,19
19,45,19,20
19,45,20,21
19,45,21,29
19,45,29,37
19,45,37,45
19,46,19,19
19,46,19,20
19,46,20,21
19,46,21,22
19,46,22,30
19,46,30,38
19,46,38,46
19,47,19,19
19,47,19,20
19,47,20,21
19,47,21,22
19,47,22,23
19,47,23,31
19,47,31,39
19,47,39,47
19,48,19,19
19,48,19,18
19,48,18,17
19,48,17,16
19,48,16,24
19,48,24,32
19,48,32,40
19,48,40,48
19,49,19,19
19,49,19,18
19,49,18,17
19,49,17,25
19,49,25,33
19,49,33,41
19,49,41,49
19,50,19,19
19,50,19,18
19,50,18,26
19,50,26,34
19,50,34,42
19,50,42,50
19,51,19,19
19,51,19,27
19,51,27,35
19,51,35,43
19,51,43,51
19,52,19,19
19,52,19,20
19,52,20,28
19,52,28,36
19,52,36,44
19,52,44,52
19,53,19,19
19,53,19,20
19,53,20,21
19,53,21,29
19,53,29,37
19,53,37,45
19,53,45,53
19,54,19,19
19,54,19,20
19,54,20,21
19,54,21,22
19,54,22,30
19,54,30,38
19,54,38,46
19,54,46,54
19,55,19,19
19,55,19,20
19,55,20,21
19,55,21,22
19,55,22,23
19,55,23,31
19,55,31,39
19,55,39,47
19,55,47,55
19,56,19,19
19,56,19,18
19,56,18,17
19,56,17,16
19,56,16,24
19,56,24,32
19,56,32,40
19,56,40,48
19,56,48,56
19,57,19,19
19,57,19,18
19,57,18,17
19,57,17,25
19,57,25,33
19,57,33,41
19,57,41,49
19,57,49,57
19,58,19,19
19,58,19,18
19,58,18,26
19,58,26,34
19,58,34,42
19,58,42,50
19,58,50,58
19,59,19,19
19,59,19,27
19,59,27,35
19,59,35,43
19,59,43,51
19,59,51,59
19,60,19,19
19,60,19,20
19,60,20,28
19,60,28,36
19,60,36,44
19,60,44,52
19,60,52,60
19,61,19,19
19,61,19,20
19,61,20,21
19,61,21,29
19,61,29,37
19,61,37,45
19,61,45,53
19,61,53,61
19,62,19,19
19,62,19,20
19,62,20,21
19,62,21,22
19,62,22,30
19,62,30,38
19,62,38,46
19,62,46,54
19,62,54,62
19,63,19,19
19,63,19,20
19,63,20,21
19,63,21,22
19,63,22,23
19,63,23,31
19,63,31,39
19,63,39,47
19,63,47,55
19,63,55,63
20,0,20,20
20,0,20,12
20,0,12,4
20,0,4,3
20,0,3,2
20,0,2,1
20,0,1,0
20,1,20,20
20,1,20,12
20,1,12,4
20,1,4,3
20,1,3,2
20,1,2,1
20,2,20,20
20,2,20,19
20,2,19,18
20,2,18,10
20,2,10,2
20,3,20,20
20,3,20,12
20,3,12,4
20,3,4,3
20,4,20,20
20,4,20,12
20,4,12,4
20,5,20,20
20,5,20,12
20,5,12,4
20,5,4,5
20,6,20,20
20,6,20,21
20,6,21,22
20,6,22,14
20,6,14,6
20,7,20,20
20,7,20,21
20,7,21,22
20,7,22,14
20,7,14,6
20,7,6,7
20,8,20,20
20,8,20,19
20,8,19,11
20,8,11,10
20,8,10,9
20,8,9,8
20,9,20,20
20,9,20,19
20,9,19,11
20,9,11,10
20,9,10,9
20,10,20,20
20,10,20,19
20,10,19,18
20,10,18,10
20,11,20,20
20,11,20,12
20,11,12,11
20,12,20,20
20,12,20,12
20,13,20,20
20,13,20,12
20,13,12,13
20,14,20,20
20,14,20,21
20,14,21,22
20,14,22,14
20,15,20,20
20,15,20,21
20,15,21,22
20,15,22,14
20,15,14,15
20,16,20,20
20,16,20,19
20,16,19,18
20,16,18,17
20,16,17,16
20,17,20,20
20,17,20,19
20,17,19,18
20,17,18,17
20,18,20,20
20,18,20,19
20,18,19,18
20,19,20,20
20,19,20,19
20,21,20,20
20,21,20,21
20,22,20,20
20,22,20,21
20,22,21,22
20,23,20,20
20,23,20,21
20,23,21,22
20,23,22,23
20,24,20,20
20,24,20,19
20,24,19,18
20,24,18,17
20,24,17,16
20,24,16,24
20,25,20,20
20,25,20,19
20,25,19,18
20,25,18,17
20,25,17,25
20,26,20,20
20,26,20,19
20,26,19,18
20,26,18,26
20,27,20,20
20,27,20,19
20,27,19,27
20,28,20,20
20,28,20,28
20,29,20,20
20,29,20,21
20,29,21,29
20,30,20,20
20,30,20,21
20,30,21,22
20,30,22,30
20,31,20,20
20,31,20,21
20,31,21,22
20,31,22,23
20,31,23,31
20,32,20,20
20,32,20,19
20,32,19,18
20,32,18,17
20,32,17,16
20,32,16,24
20,32,24,32
20,33,20,20
20,33,20,19
20,33,19,18
20,33,18,17
20,33,17,25
20,33,25,33
20,34,20,20
20,34,20,19
20,34,19,18
20,34,18,26
20,34,26,34
20,35,20,20
20,35,20,19
20,35,19,27
20,35,27,35
20,36,20,20
20,36,20,28
20,36,28,36
20,37,20,20
20,37,20,21
20,37,21,29
20,37,29,37
20,38,20,20
20,38,20,21
20,38,21,22
20,38,22,30
20,38,30,38
20,39,20,20
20,39,20,21
20,39,21,22
20,39,22,23
20,39,23,31
20,39,31,39
20,40,20,20
20,40,20,19
20,40,19,18
20,40,18,17
20,40,17,16
20,40,16,24
20,40,24,32
20,40,32,40
20,41,20,20
20,41,20,19
20,41,19,18
20,41,18,17
20,41,17,25
20,41,25,33
20,41,33,41
20,42,20,20
20,42,20,19
20,42,19,18
20,42,18,26
20,42,26,34
20,42,34,42
20,43,20,20
20,43,20,19
20,43,19,27
20,43,27,35
20,43,35,43
20,44,20,20
20,44,20,28
20,44,28,36
20,44,36,44
20,45,20,20
20,45,20,21
20,45,21,29
20,45,29,37
20,45,37,45
20,46,20,20
20,46,20,21
20,46,21,22
20,46,22,30
20,46,30,38
20,46,38,46
20,47,20,20
20,47,20,21
20,47,21,22
20,47,22,23
20,47,23,31
20,47,31,39
20,47,39,47
20,48,20,20
20,48,20,19
20,48,19,18
20,48,18,17
20,48,17,16
20,48,16,24
20,48,24,32
20,48,32,40
20,48,40,48
20,49,20,20
20,49,20,19
20,49,19,18
20,49,18,17
20,49,17,25
20,49,25,33
20,49,33,41
20,49,41,49
20,50,20,20
20,50,20,19
20,50,19,18
20,50,18,26
20,50,26,34
20,50,34,42
20,50,42,50
20,51,20,20
20,51,20,19
20,51,19,27
20,51,27,35
20,51,35,43
20,51,43,51
20,52,20,20
20,52,20,28
20,52,28,36
20,52,36,44
20,52,44,52
20,53,20,20
20,53,20,21
20,53,21,29
20,53,29,37
20,53,37,45
20,53,45,53
20,54,20,20
20,54,20,21
20,54,21,22
20,54,22,30
20,54,30,38
20,54,38,46
20,54,46,54
20,55,20,20
20,55,20,21
20,55,21,22
20,55,22,23
20,55,23,31
20,55,31,39
20,55,39,47
20,55,47,55
20,56,20,20
20,56,20,19
20,56,19,18
20,56,18,17
20,56,17,16
20,56,16,24
20,56,24,32
20,56,32,40
20,56,40,48
20,56,48,56
20,57,20,20
20,57,20,19
20,57,19,18
20,57,18,17
20,57,17,25
20,57,25,33
20,57,33,41
20,57,41,49
20,57,49,57
20,58,20,20
20,58,20,19
20,58,19,18
20,58,18,26
20,58,26,34
20,58,34,42
20,58,42,50
20,58,50,58
20,59,20,20
20,59,20,19
20,59,19,27
20,59,27,35
20,59,35,43
20,59,43,51
20,59,51,59
20,60,20,20
20,60,20,28
20,60,28,36
20,60,36,44
20,60,44,52
20,60,52,60
20,61,20,20
20,61,20,21
20,61,21,29
20,61,29,37
20,61,37,45
20,61,45,53
20,61,53,61
20,62,20,20
20,62,20,21
20,62,21,22
20,62,22,30
20,62,30,38
20,62,38,46
20,62,46,54
20,62,54,62
20,63,20,20
20,63,20,21
20,63,21,22
20,63,22,23
20,63,23,31
20,63,31,39
20,63,39,47
20,63,47,55
20,63,55,63
21,0,21,21
21,0,21,13
21,0,13,5
21,0,5,4
21,0,4,3
21,0,3,2
21,0,2,1
21,0,1,0
21,1,21,21
21,1,21,13
21,1,13,5
21,1,5,4
21,1,4,3
21,1,3,2
21,1,2,1
21,2,21,21
21,2,21,13
21,2,13,5
21,2,5,4
21,2,4,3
21,2,3,2
21,3,21,21
21,3,21,20
21,3,20,19
21,3,19,11
21,3,11,3
21,4,21,21
21,4,21,13
21,4,13,5
21,4,5,4
21,5,21,21
21,5,21,13
21,5,13,5
21,6,21,21
21,6,21,13
21,6,13,5
21,6,5,6
21,7,21,21
21,7,21,13
21,7,13,5
21,7,5,6
21,7,6,7
21,8,21,21
21,8,21,20
21,8,20,12
21,8,12,11
21,8,11,10
21,8,10,9
21,8,9,8
21,9,21,21
21,9,21,20
21,9,20,12
21,9,12,11
21,9,11,10
21,9,10,9
21,10,21,21
21,10,21,20
21,10,20,12
21,10,12,11
21,10,11,10
21,11,21,21
21,11,21,20
21,11,20,19
21,11,19,11
21,12,21,21
21,12,21,13
21,12,13,12
21,13,21,21
21,13,21,13
21,14,21,21
21,14,21,13
21,14,13,14
21,15,21,21
21,15,21,13
21,15,13,14
21,15,14,15
21,16,21,21
21,16,21,20
21,16,20,19
21,16,19,18
21,16,18,17
21,16,17,16
21,17,21,21
21,17,21,20
21,17,20,19
21,17,19,18
21,17,18,17
21,18,21,21
21,18,21,20
21,18,20,19
21,18,19,18
21,19,21,21
21,19,21,20
21,19,20,19
21,20,21,21
21,20,21,20
21,22,21,21
21,22,21,22
21,23,21,21
21,23,21,22
21,23,22,23
21,24,21,21
21,24,21,20
21,24,20,19
21,24,19,18
21,24,18,17
21,24,17,16
21,24,16,24
21,25,21,21
21,25,21,20
21,25,20,19
21,25,19,18
21,25,18,17
21,25,17,25
21,26,21,21
21,26,21,20
21,26,20,19
21,26,19,18
21,26,18,26
21,27,21,21
21,27,21,20
21,27,20,19
21,27,19,27
21,28,21,21
21,28,21,20
21,28,20,28
21,29,21,21
21,29,21,29
21,30,21,21
21,30,21,22
21,30,22,30
21,31,21,21
21,31,21,22
21,31,22,23
21,31,23,31
21,32,21,21
21,32,21,20
21,32,20,19
21,32,19,18
21,32,18,17
21,32,17,16
21,32,16,24
21,32,24,32
21,33,21,21
21,33,21,20
21,33,20,19
21,33,19,18
21,33,18,17
21,33,17,25
21,33,25,33
21,34,21,21
21,34,21,20
21,34,20,19
21,34,19,18
21,34,18,26
21,34,26,34
21,35,21,21
21,35,21,20
21,35,20,19
21,35,19,27
21,35,27,35
21,36,21,21
21,36,21,20
21,36,20,28
21,36,28,36
21,37,21,21
21,37,21,29
21,37,29,37
21,38,21,21
21,38,21,22
21,38,22,30
21,38,30,38
21,39,21,21
21,39,21,22
21,39,22,23
21,39,23,31
21,39,31,39
21,40,21,21
21,40,21,20
21,40,20,19
21,40,19,18
21,40,18,17
21,40,17,16
21,40,16,24
21,40,24,32
21,40,32,40
21,41,21,21
21,41,21,20
21,41,20,19
21,41,19,18
21,41,18,17
21,41,17,25
21,41,25,33
21,41,33,41
21,42,21,21
21,42,21,20
21,42,20,19
21,42,19,18
21,42,18,26
21,42,26,34
21,42,34,42
21,43,21,21
21,43,21,20
21,43,20,19
21,43,19,27
21,43,27,35
21,43,35,43
21,44,21,21
21,44,21,20
21,44,20,28
21,44,28,36
21,44,36,44
21,45,21,21
21,45,21,29
21,45,29,37
21,45,37,45
21,46,21,21
21,46,21,22
21,46,22,30
21,46,30,38
21,46,38,46
21,47,21,21
21,47,21,22
21,47,22,23
21,47,23,31
21,47,31,39
21,47,39,47
21,48,21,21
21,48,21,20
21,48,20,19
21,48,19,18
21,48,18,17
21,48,17,16
21,48,16,24
21,48,24,32
21,48,32,40
21,48,40,48
21,49,21,21
21,49,21,20
21,49,20,19
21,49,19,18
21,49,18,17
21,49,17,25
21,49,25,33
21,49,33,41
21,49,41,49
21,50,21,21
21,50,21,20
21,50,20,19
21,50,19,18
21,50,18,26
21,50,26,34
21,50,34,42
21,50,42,50
21,51,21,21
21,51,21,20
21,51,20,19
21,51,19,27
21,51,27,35
21,51,35,43
21,51,43,51
21,52,21,21
21,52,21,20
21,52,20,28
21,52,28,36
21,52,36,44
21,52,44,52
21,53,21,21
21,53,21,29
21,53,29,37
21,53,37,45
21,53,45,53
21,54,21,21
21,54,21,22
21,54,22,30
21,54,30,38
21,54,38,46
21,54,46,54
21,55,21,21
21,55,21,22
21,55,22,23
21,55,23,31
21,55,31,39
21,55,39,47
21,55,47,55
21,56,21,21
21,56,21,20
21,56,20,19
21,56,19,18
21,56,18,17
21,56,17,16
21,56,16,24
21,56,24,32
21,56,32,40
21,56,40,48
21,56,48,56
21,57,21,21
21,57,21,20
21,57,20,19
21,57,19,18
21,57,18,17
21,57,17,25
21,57,25,33
21,57,33,41
21,57,41,49
21,57,49,57
21,58,21,21
21,58,21,20
21,58,20,19
21,58,19,18
21,58,18,26
21,58,26,34
21,58,34,42
21,58,42,50
21,58,50,58
21,59,21,21
21,59,21,20
21,59,20,19
21,59,19,27
21,59,27,35
21,59,35,43
21,59,43,51
21,59,51,59
21,60,21,21
21,60,21,20
21,60,20,28
21,60,28,36
21,60,36,44
21,60,44,52
21,60,52,60
21,61,21,21
21,61,21,29
21,61,29,37
21,61,37,45
21,61,45,53
21,61,53,61
21,62,21,21
21,62,21,22
21,62,22,30
21,62,30,38
21,62,38,46
21,62,46,54
21,62,54,62
21,63,21,21
21,63,21,22
21,63,22,23
21,63,23,31
21,63,31,39
21,63,39,47
21,63,47,55
21,63,55,63
22,0,22,22
22,0,22,14
22,0,14,6
22,0,6,5
22,0,5,4
22,0,4,3
22,0,3,2
22,0,2,1
22,0,1,0
22,1,22,22
22,1,22,14
22,1,14,6
22,1,6,5
22,1,5,4
22,1,4,3
22,1,3,2
22,1,2,1
22,2,22,22
22,2,22,14
22,2,14,6
22,2,6,5
22,2,5,4
22,2,4,3
22,2,3,2
22,3,22,22
22,3,22,14
22,3,14,6
22,3,6,5
22,3,5,4
22,3,4,3
22,4,22,22
22,4,22,21
22,4,21,20
22,4,20,12
22,4,12,4
22,5,22,22
22,5,22,14
22,5,14,6
22,5,6,5
22,6,22,22
22,6,22,14
22,6,14,6
22,7,22,22
22,7,22,14
22,7,14,6
22,7,6,7
22,8,22,22
22,8,22,21
22,8,21,13
22,8,13,12
22,8,12,11
22,8,11,10
22,8,10,9
22,8,9,8
22,9,22,22
22,9,22,21
22,9,21,13
22,9,13,12
22,9,12,11
22,9,11,10
22,9,10,9
22,10,22,22
22,10,22,21
22,10,21,20
22,10,20,19
22,10,19,11
22,10,11,10
22,11,22,22
22,11,22,21
22,11,21,13
22,11,13,12
22,11,12,11
22,12,22,22
22,12,22,21
22,12,21,20
22,12,20,12
22,13,22,22
22,13,22,14
22,13,14,13
22,14,22,22
22,14,22,14
22,15,22,22
22,15,22,14
22,15,14,15
22,16,22,22
22,16,22,21
22,16,21,20
22,16,20,19
22,16,19,18
22,16,18,17
22,16,17,16
22,17,22,22
22,17,22,21
22,17,21,20
22,17,20,19
22,17,19,18
22,17,18,17
22,18,22,22
22,18,22,21
22,18,21,20
22,18,20,19
22,18,19,18
22,19,22,22
22,19,22,21
22,19,21,20
22,19,20,19
22,20,22,22
22,20,22,21
22,20,21,20
22,21,22,22
22,21,22,21
22,23,22,22
22,23,22,23
22,24,22,22
22,24,22,21
22,24,21,20
22,24,20,19
22,24,19,18
22,24,18,17
22,24,17,16
22,24,16,24
22,25,22,22
22,25,22,21
22,25,21,20
22,25,20,19
22,25,19,18
22,25,18,17
22,25,17,25
22,26,22,22
22,26,22,21
22,26,21,20
22,26,20,19
22,26,19,18
22,26,18,26
22,27,22,22
22,27,22,21
22,27,21,20
22,27,20,19
22,27,19,27
22,28,22,22
22,28,22,21
22,28,21,20
22,28,20,28
22,29,22,22
22,29,22,21
22,29,21,29
22,30,22,22
22,30,22,30
22,31,22,22
22,31,22,23
22,31,23,31
22,32,22,22
22,32,22,21
22,32,21,20
22,32,20,19
22,32,19,18
22,32,18,17
22,32,17,16
22,32,16,24
22,32,24,32
22,33,22,22
22,33,22,21
22,33,21,20
22,33,20,19
22,33,19,18
22,33,18,17
22,33,17,25
22,33,25,33
22,34,22,22
22,34,22,21
22,34,21,20
22,34,20,19
22,34,19,18
22,34,18,26
22,34,26,34
22,35,22,22
22,35,22,21
22,35,21,20
22,35,20,19
22,35,19,27
22,35,27,35
22,36,22,22
22,36,22,21
22,36,21,20
22,36,20,28
22,36,28,36
22,37,22,22
22,37,22,21
22,37,21,29
22,37,29,37
22,38,22,22
22,38,22,30
22,38,30,38
22,39,22,22
22,39,22,23
22,39,23,31
22,39,31,39
22,40,22,22
22,40,22,21
22,40,21,20
22,40,20,19
22,40,19,18
22,40,18,17
22,40,17,16
22,40,16,24
22,40,24,32
22,40,32,40
22,41,22,22
22,41,22,21
22,41,21,20
22,41,20,19
22,41,19,18
22,41,18,17
22,41,17,25
22,41,25,33
22,41,33,41
22,42,22,22
22,42,22,21
22,42,21,20
22,42,20,19
22,42,19,18
22,42,18,26
22,42,26,34
22,42,34,42
22,43,22,22
22,43,22,21
22,43,21,20
22,43,20,19
22,43,19,27
22,43,27,35
22,43,35,43
22,44,22,22
22,44,22,21
22,44,21,20
22,44,20,28
22,44,28,36
22,44,36,44
22,45,22,22
22,45,22,21
22,45,21,29
22,45,29,37
22,45,37,45
22,46,22,22
22,46,22,30
22,46,30,38
22,46,38,46
22,47,22,22
22,47,22,23
22,47,23,31
22,47,31,39
22,47,39,47
22,48,22,22
22,48,22,21
22,48,21,20
22,48,20,19
22,48,19,18
22,48,18,17
22,48,17,16
22,48,16,24
22,48,24,32
22,48,32,40
22,48,40,48
22,49,22,22
22,49,22,21
22,49,21,20
22,49,20,19
22,49,19,18
22,49,18,17
22,49,17,25
22,49,25,33
22,49,33,41
22,49,41,49
22,50,22,22
22,50,22,21
22,50,21,20
22,50,20,19
22,50,19,18
22,50,18,26
22,50,26,34
22,50,34,42
22,50,42,50
22,51,22,22
22,51,22,21
22,51,21,20
22,51,20,19
22,51,19,27
22,51,27,35
22,51,35,43
22,51,43,51
22,52,22,22
22,52,22,21
22,52,21,20
22,52,20,28
22,52,28,36
22,52,36,44
22,52,44,52
22,53,22,22
22,53,22,21
22,53,21,29
22,53,29,37
22,53,37,45
22,53,45,53
22,54,22,22
22,54,22,30
22,54,30,38
22,54,38,46
22,54,46,54
22,55,22,22
22,55,22,23
22,55,23,31
22,55,31,39
22,55,39,47
22,55,47,55
22,56,22,22
22,56,22,21
22,56,21,20
22,56,20,19
22,56,19,18
22,56,18,17
22,56,17,16
22,56,16,24
22,56,24,32
22,56,32,40
22,56,40,48
22,56,48,56
22,57,22,22
22,57,22,21
22,57,21,20
22,57,20,19
22,57,19,18
22,57,18,17
22,57,17,25
22,57,25,33
22,57,33,41
22,57,41,49
22,57,49,57
22,58,22,22
22,58,22,21
22,58,21,20
22,58,20,19
22,58,19,18
22,58,18,26
22,58,26,34
22,58,34,42
22,58,42,50
22,58,50,58
22,59,22,22
22,59,22,21
22,59,21,20
22,59,20,19
22,59,19,27
22,59,27,35
22,59,35,43
22,59,43,51
22,59,51,59
22,60,22,22
22,60,22,21
22,60,21,20
22,60,20,28
22,60,28,36
22,60,36,44
22,60,44,52
22,60,52,60
22,61,22,22
22,61,22,21
22,61,21,29
22,61,29,37
22,61,37,45
22,61,45,53
22,61,53,61
22,62,22,22
22,62,22,30
22,62,30,38
22,62,38,46
22,62,46,54
22,62,54,62
22,63,22,22
22,63,22,23
22,63,23,31
22,63,31,39
22,63,39,47
22,63,47,55
22,63,55,63
23,0,23,23
23,0,23,22
23,0,22,21
23,0,21,20
23,0,20,19
23,0,19,11
23,0,11,3
23,0,3,2
23,0,2,1
23,0,1,0
23,1,23,23
23,1,23,22
23,1,22,21
23,1,21,20
23,1,20,19
23,1,19,11
23,1,11,3
23,1,3,2
23,1,2,1
23,2,23,23
23,2,23,22
23,2,22,21
23,2,21,20
23,2,20,19
23,2,19,11
23,2,11,3
23,2,3,2
23,3,23,23
23,3,23,22
23,3,22,14
23,3,14,6
23,3,6,5
23,3,5,4
23,3,4,3
23,4,23,23
23,4,23,22
23,4,22,21
23,4,21,20
23,4,20,12
23,4,12,4
23,5,23,23
23,5,23,15
23,5,15,7
23,5,7,6
23,5,6,5
23,6,23,23
23,6,23,22
23,6,22,14
23,6,14,6
23,7,23,23
23,7,23,15
23,7,15,7
23,8,23,23
23,8,23,22
23,8,22,21
23,8,21,20
23,8,20,19
23,8,19,11
23,8,11,10
23,8,10,9
23,8,9,8
23,9,23,23
23,9,23,22
23,9,22,21
23,9,21,20
23,9,20,12
23,9,12,11
23,9,11,10
23,9,10,9
23,10,23,23
23,10,23,22
23,10,22,21
23,10,21,20
23,10,20,19
23,10,19,11
23,10,11,10
23,11,23,23
23,11,23,22
23,11,22,21
23,11,21,20
23,11,20,12
23,11,12,11
23,12,23,23
23,12,23,22
23,12,22,14
23,12,14,13
23,12,13,12
23,13,23,23
23,13,23,22
23,13,22,21
23,13,21,13
23,14,23,23
23,14,23,15
23,14,15,14
23,15,23,23
23,15,23,15
23,16,23,23
23,16,23,22
23,16,22,21
23,16,21,20
23,16,20,19
23,16,19,18
23,16,18,17
23,16,17,16
23,17,23,23
23,17,23,22
23,17,22,21
23,17,21,20
23,17,20,19
23,17,19,18
23,17,18,17
23,18,23,23
23,18,23,22
23,18,22,21
23,18,21,20
23,18,20,19
23,18,19,18
23,19,23,23
23,19,23,22
23,19,22,21
23,19,21,20
23,19,20,19
23,20,23,23
23,20,23,22
23,20,22,21
23,20,21,20
23,21,23,23
23,21,23,22
23,21,22,21
23,22,23,23
23,22,23,22
23,24,23,23
23,24,23,22
23,24,22,21
23,24,21,20
23,24,20,19
23,24,19,18
23,24,18,17
23,24,17,16
23,24,16,24
23,25,23,23
23,25,23,22
23,25,22,21
23,25,21,20
23,25,20,19
23,25,19,18
23,25,18,17
23,25,17,25
23,26,23,23
23,26,23,22
23,26,22,21
23,26,21,20
23,26,20,19
23,26,19,18
23,26,18,26
23,27,23,23
23,27,23,22
23,27,22,21
23,27,21,20
23,27,20,19
23,27,19,27
23,28,23,23
23,28,23,22
23,28,22,21
23,28,21,20
23,28,20,28
23,29,23,23
23,29,23,22
23,29,22,21
23,29,21,29
23,30,23,23
23,30,23,22
23,30,22,30
23,31,23,23
23,31,23,31
23,32,23,23
23,32,23,22
23,32,22,21
23,32,21,20
23,32,20,19
23,32,19,18
23,32,18,17
23,32,17,16
23,32,16,24
23,32,24,32
23,33,23,23
23,33,23,22
23,33,22,21
23,33,21,20
23,33,20,19
23,33,19,18
23,33,18,17
23,33,17,25
23,33,25,33
23,34,23,23
23,34,23,22
23,34,22,21
23,34,21,20
23,34,20,19
23,34,19,18
23,34,18,26
23,34,26,34
23,35,23,23
23,35,23,22
23,35,22,21
23,35,21,20
23,35,20,19
23,35,19,27
23,35,27,35
23,36,23,23
23,36,23,22
23,36,22,21
23,36,21,20
23,36,20,28
23,36,28,36
23,37,23,23
23,37,23,22
23,37,22,21
23,37,21,29
23,37,29,37
23,38,23,23
23,38,23,22
23,38,22,30
23,38,30,38
23,39,23,23
23,39,23,31
23,39,31,39
23,40,23,23
23,40,23,22
23,40,22,21
23,40,21,20
23,40,20,19
23,40,19,18
23,40,18,17
23,40,17,16
23,40,16,24
23,40,24,32
23,40,32,40
23,41,23,23
23,41,23,22
23,41,22,21
23,41,21,20
23,41,20,19
23,41,19,18
23,41,18,17
23,41,17,25
23,41,25,33
23,41,33,41
23,42,23,23
23,42,23,22
23,42,22,21
23,42,21,20
23,42,20,19
23,42,19,18
23,42,18,26
23,42,26,34
23,42,34,42
23,43,23,23
23,43,23,22
23,43,22,21
23,43,21,20
23,43,20,19
23,43,19,27
23,43,27,35
23,43,35,43
23,44,23,23
23,44,23,22
23,44,22,21
23,44,21,20
23,44,20,28
23,44,28,36
23,44,36,44
23,45,23,23
23,45,23,22
23,45,22,21
23,45,21,29
23,45,29,37
23,45,37,45
23,46,23,23
23,46,23,22
23,46,22,30
23,46,30,38
23,46,38,46
23,47,23,23
23,47,23,31
23,47,31,39
23,47,39,47
23,48,23,23
23,48,23,22
23,48,22,21
23,48,21,20
23,48,20,19
23,48,19,18
23,48,18,17
23,48,17,16
23,48,16,24
23,48,24,32
23,48,32,40
23,48,40,48
23,49,23,23
23,49,23,22
23,49,22,21
23,49,21,20
23,49,20,19
23,49,19,18
23,49,18,17
23,49,17,25
23,49,25,33
23,49,33,41
23,49,41,49
23,50,23,23
23,50,23,22
23,50,22,21
23,50,21,20
23,50,20,19
23,50,19,18
23,50,18,26
23,50,26,34
23,50,34,42
23,50,42,50
23,51,23,23
23,51,23,22
23,51,22,21
23,51,21,20
23,51,20,19
23,51,19,27
23,51,27,35
23,51,35,43
23,51,43,51
23,52,23,23
23,52,23,22
23,52,22,21
23,52,21,20
23,52,20,28
23,52,28,36
23,52,36,44
23,52,44,52
23,53,23,23
23,53,23,22
23,53,22,21
23,53,21,29
23,53,29,37
23,53,37,45
23,53,45,53
23,54,23,23
23,54,23,22
23,54,22,30
23,54,30,38
23,54,38,46
23,54,46,54
23,55,23,23
23,55,23,31
23,55,31,39
23,55,39,47
23,55,47,55
23,56,23,23
23,56,23,22
23,56,22,21
23,56,21,20
23,56,20,19
23,56,19,18
23,56,18,17
23,56,17,16
23,56,16,24
23,56,24,32
23,56,32,40
23,56,40,48
23,56,48,56
23,57,23,23
23,57,23,22
23,57,22,21
23,57,21,20
23,57,20,19
23,57,19,18
23,57,18,17
23,57,17,25
23,57,25,33
23,57,33,41
23,57,41,49
23,57,49,57
23,58,23,23
23,58,23,22
23,58,22,21
23,58,21,20
23,58,20,19
23,58,19,18
23,58,18,26
23,58,26,34
23,58,34,42
23,58,42,50
23,58,50,58
23,59,23,23
23,59,23,22
23,59,22,21
23,59,21,20
23,59,20,19
23,59,19,27
23,59,27,35
23,59,35,43
23,59,43,51
23,59,51,59
23,60,23,23
23,60,23,22
23,60,22,21
23,60,21,20
23,60,20,28
23,60,28,36
23,60,36,44
23,60,44,52
23,60,52,60
23,61,23,23
23,61,23,22
23,61,22,21
23,61,21,29
23,61,29,37
23,61,37,45
23,61,45,53
23,61,53,61
23,62,23,23
23,62,23,22
23,62,22,30
23,62,30,38
23,62,38,46
23,62,46,54
23,62,54,62
23,63,23,23
23,63,23,31
23,63,31,39
23,63,39,47
23,63,47,55
23,63,55,63
24,0,24,24
24,0,24,16
24,0,16,8
24,0,8,0
24,1,24,24
24,1,24,16
24,1,16,8
24,1,8,0
24,1,0,1
24,2,24,24
24,2,24,25
24,2,25,26
24,2,26,18
24,2,18,10
24,2,10,2
24,3,24,24
24,3,24,16
24,3,16,8
24,3,8,0
24,3,0,1
24,3,1,2
24,3,2,3
24,4,24,24
24,4,24,25
24,4,25,26
24,4,26,27
24,4,27,28
24,4,28,20
24,4,20,12
24,4,12,4
24,5,24,24
24,5,24,25
24,5,25,26
24,5,26,27
24,5,27,28
24,5,28,20
24,5,20,12
24,5,12,4
24,5,4,5
24,6,24,24
24,6,24,25
24,6,25,26
24,6,26,27
24,6,27,28
24,6,28,20
24,6,20,12
24,6,12,4
24,6,4,5
24,6,5,6
24,7,24,24
24,7,24,25
24,7,25,26
24,7,26,27
24,7,27,28
24,7,28,20
24,7,20,12
24,7,12,4
24,7,4,5
24,7,5,6
24,7,6,7
24,8,24,24
24,8,24,16
24,8,16,8
24,9,24,24
24,9,24,25
24,9,25,17
24,9,17,9
24,10,24,24
24,10,24,16
24,10,16,8
24,10,8,9
24,10,9,10
24,11,24,24
24,11,24,25
24,11,25,26
24,11,26,27
24,11,27,19
24,11,19,11
24,12,24,24
24,12,24,25
24,12,25,26
24,12,26,27
24,12,27,28
24,12,28,20
24,12,20,12
24,13,24,24
24,13,24,25
24,13,25,26
24,13,26,18
24,13,18,10
24,13,10,11
24,13,11,12
24,13,12,13
24,14,24,24
24,14,24,25
24,14,25,26
24,14,26,27
24,14,27,28
24,14,28,20
24,14,20,12
24,14,12,13
24,14,13,14
24,15,24,24
24,15,24,25
24,15,25,26
24,15,26,27
24,15,27,28
24,15,28,20
24,15,20,12
24,15,12,13
24,15,13,14
24,15,14,15
24,16,24,24
24,16,24,16
24,17,24,24
24,17,24,16
24,17,16,17
24,18,24,24
24,18,24,25
24,18,25,26
24,18,26,18
24,19,24,24
24,19,24,25
24,19,25,17
24,19,17,18
24,19,18,19
24,20,24,24
24,20,24,25
24,20,25,26
24,20,26,27
24,20,27,19
24,20,19,20
24,21,24,24
24,21,24,25
24,21,25,26
24,21,26,27
24,21,27,28
24,21,28,20
24,21,20,21
24,22,24,24
24,22,24,25
24,22,25,26
24,22,26,27
24,22,27,19
24,22,19,20
24,22,20,21
24,22,21,22
24,23,24,24
24,23,24,25
24,23,25,26
24,23,26,27
24,23,27,28
24,23,28,20
24,23,20,21
24,23,21,22
24,23,22,23
24,25,24,24
24,25,24,25
24,26,24,24
24,26,24,25
24,26,25,26
24,27,24,24
24,27,24,25
24,27,25,26
24,27,26,27
24,28,24,24
24,28,24,25
24,28,25,26
24,28,26,27
24,28,27,28
24,29,24,24
24,29,24,25
24,29,25,26
24,29,26,27
24,29,27,28
24,29,28,29
24,30,24,24
24,30,24,25
24,30,25,26
24,30,26,27
24,30,27,28
24,30,28,29
24,30,29,30
24,31,24,24
24,31,24,25
24,31,25,26
24,31,26,27
24,31,27,28
24,31,28,29
24,31,29,30
24,31,30,31
24,32,24,24
24,32,24,32
24,33,24,24
24,33,24,25
24,33,25,33
24,34,24,24
24,34,24,25
24,34,25,26
24,34,26,34
24,35,24,24
24,35,24,25
24,35,25,26
24,35,26,27
24,35,27,35
24,36,24,24
24,36,24,25
24,36,25,26
24,36,26,27
24,36,27,28
24,36,28,36
24,37,24,24
24,37,24,25
24,37,25,26
24,37,26,27
24,37,27,28
24,37,28,29
24,37,29,37
24,38,24,24
24,38,24,25
24,38,25,26
24,38,26,27
24,38,27,28
24,38,28,29
24,38,29,30
24,38,30,38
24,39,24,24
24,39,24,25
24,39,25,26
24,39,26,27
24,39,27,28
24,39,28,29
24,39,29,30
24,39,30,31
24,39,31,39
24,40,24,24
24,40,24,32
24,40,32,40
24,41,24,24
24,41,24,25
24,41,25,33
24,41,33,41
24,42,24,24
24,42,24,25
24,42,25,26
24,42,26,34
24,42,34,42
24,43,24,24
24,43,24,25
24,43,25,26
24,43,26,27
24,43,27,35
24,43,35,43
24,44,24,24
24,44,24,25
24,44,25,26
24,44,26,27
24,44,27,28
24,44,28,36
24,44,36,44
24,45,24,24
24,45,24,25
24,45,25,26
24,45,26,27
24,45,27,28
24,45,28,29
24,45,29,37
24,45,37,45
24,46,24,24
24,46,24,25
24,46,25,26
24,46,26,27
24,46,27,28
24,46,28,29
24,46,29,30
24,46,30,38
24,46,38,46
24,47,24,24
24,47,24,25
24,47,25,26
24,47,26,27
24,47,27,28
24,47,28,29
24,47,29,30
24,47,30,31
24,47,31,39
24,47,39,47
24,48,24,24
24,48,24,32
24,48,32,40
24,48,40,48
24,49,24,24
24,49,24,25
24,49,25,33
24,49,33,41
24,49,41,49
24,50,24,24
24,50,24,25
24,50,25,26
24,50,26,34
24,50,34,42
24,50,42,50
24,51,24,24
24,51,24,25
24,51,25,26
24,51,26,27
24,51,27,35
24,51,35,43
24,51,43,51
24,52,24,24
24,52,24,25
24,52,25,26
24,52,26,27
24,52,27,28
24,52,28,36
24,52,36,44
24,52,44,52
24,53,24,24
24,53,24,25
24,53,25,26
24,53,26,27
24,53,27,28
24,53,28,29
24,53,29,37
24,53,37,45
24,53,45,53
24,54,24,24
24,54,24,25
24,54,25,26
24,54,26,27
24,54,27,28
24,54,28,29
24,54,29,30
24,54,30,38
24,54,38,46
24,54,46,54
24,55,24,24
24,55,24,25
24,55,25,26
24,55,26,27
24,55,27,28
24,55,28,29
24,55,29,30
24,55,30,31
24,55,31,39
24,55,39,47
24,55,47,55
24,56,24,24
24,56,24,32
24,56,32,40
24,56,40,48
24,56,48,56
24,57,24,24
24,57,24,25
24,57,25,33
24,57,33,41
24,57,41,49
24,57,49,57
24,58,24,24
24,58,24,25
24,58,25,26
24,58,26,34
24,58,34,42
24,58,42,50
24,58,50,58
24,59,24,24
24,59,24,25
24,59,25,26
24,59,26,27
24,59,27,35
24,59,35,43
24,59,43,51
24,59,51,59
24,60,24,24
24,60,24,25
24,60,25,26
24,60,26,27
24,60,27,28
24,60,28,36
24,60,36,44
24,60,44,52
24,60,52,60
24,61,24,24
24,61,24,25
24,61,25,26
24,61,26,27
24,61,27,28
24,61,28,29
24,61,29,37
24,61,37,45
24,61,45,53
24,61,53,61
24,62,24,24
24,62,24,25
24,62,25,26
24,62,26,27
24,62,27,28
24,62,28,29
24,62,29,30
24,62,30,38
24,62,38,46
24,62,46,54
24,62,54,62
24,63,24,24
24,63,24,25
24,63,25,26
24,63,26,27
24,63,27,28
24,63,28,29
24,63,29,30
24,63,30,31
24,63,31,39
24,63,39,47
24,63,47,55
24,63,55,63
25,0,25,25
25,0,25,17
25,0,17,9
25,0,9,1
25,0,1,0
25,1,25,25
25,1,25,17
25,1,17,9
25,1,9,1
25,2,25,25
25,2,25,26
25,2,26,18
25,2,18,10
25,2,10,2
25,3,25,25
25,3,25,17
25,3,17,9
25,3,9,1
25,3,1,2
25,3,2,3
25,4,25,25
25,4,25,26
25,4,26,27
25,4,27,28
25,4,28,20
25,4,20,12
25,4,12,4
25,5,25,25
25,5,25,26
25,5,26,27
25,5,27,28
25,5,28,20
25,5,20,12
25,5,12,4
25,5,4,5
25,6,25,25
25,6,25,26
25,6,26,27
25,6,27,28
25,6,28,20
25,6,20,12
25,6,12,4
25,6,4,5
25,6,5,6
25,7,25,25
25,7,25,26
25,7,26,27
25,7,27,28
25,7,28,20
25,7,20,12
25,7,12,4
25,7,4,5
25,7,5,6
25,7,6,7
25,8,25,25
25,8,25,17
25,8,17,9
25,8,9,8
25,9,25,25
25,9,25,17
25,9,17,9
25,10,25,25
25,10,25,26
25,10,26,18
25,10,18,10
25,11,25,25
25,11,25,17
25,11,17,9
25,11,9,10
25,11,10,11
25,12,25,25
25,12,25,26
25,12,26,27
25,12,27,28
25,12,28,20
25,12,20,12
25,13,25,25
25,13,25,26
25,13,26,18
25,13,18,10
25,13,10,11
25,13,11,12
25,13,12,13
25,14,25,25
25,14,25,26
25,14,26,27
25,14,27,28
25,14,28,20
25,14,20,12
25,14,12,13
25,14,13,14
25,15,25,25
25,15,25,26
25,15,26,27
25,15,27,28
25,15,28,20
25,15,20,12
25,15,12,13
25,15,13,14
25,15,14,15
25,16,25,25
25,16,25,17
25,16,17,16
25,17,25,25
25,17,25,17
25,18,25,25
25,18,25,17
25,18,17,18
25,19,25,25
25,19,25,26
25,19,26,27
25,19,27,19
25,20,25,25
25,20,25,26
25,20,26,18
25,20,18,19
25,20,19,20
25,21,25,25
25,21,25,26
25,21,26,27
25,21,27,28
25,21,28,20
25,21,20,21
25,22,25,25
25,22,25,26
25,22,26,27
25,22,27,19
25,22,19,20
25,22,20,21
25,22,21,22
25,23,25,25
25,23,25,26
25,23,26,27
25,23,27,28
25,23,28,20
25,23,20,21
25,23,21,22
25,23,22,23
25,24,25,25
25,24,25,24
25,26,25,25
25,26,25,26
25,27,25,25
25,27,25,26
25,27,26,27
25,28,25,25
25,28,25,26
25,28,26,27
25,28,27,28
25,29,25,25
25,29,25,26
25,29,26,27
25,29,27,28
25,29,28,29
25,30,25,25
25,30,25,26
25,30,26,27
25,30,27,28
25,30,28,29
25,30,29,30
25,31,25,25
25,31,25,26
25,31,26,27
25,31,27,28
25,31,28,29
25,31,29,30
25,31,30,31
25,32,25,25
25,32,25,24
25,32,24,32
25,33,25,25
25,33,25,33
25,34,25,25
25,34,25,26
25,34,26,34
25,35,25,25
25,35,25,26
25,35,26,27
25,35,27,35
25,36,25,25
25,36,25,26
25,36,26,27
25,36,27,28
25,36,28,36
25,37,25,25
25,37,25,26
25,37,26,27
25,37,27,28
25,37,28,29
25,37,29,37
25,38,25,25
25,38,25,26
25,38,26,27
25,38,27,28
25,38,28,29
25,38,29,30
25,38,30,38
25,39,25,25
25,39,25,26
25,39,26,27
25,39,27,28
25,39,28,29
25,39,29,30
25,39,30,31
25,39,31,39
25,40,25,25
25,40,25,24
25,40,24,32
25,40,32,40
25,41,25,25
25,41,25,33
25,41,33,41
25,42,25,25
25,42,25,26
25,42,26,34
25,42,34,42
25,43,25,25
25,43,25,26
25,43,26,27
25,43,27,35
25,43,35,43
25,44,25,25
25,44,25,26
25,44,26,27
25,44,27,28
25,44,28,36
25,44,36,44
25,45,25,25
25,45,25,26
25,45,26,27
25,45,27,28
25,45,28,29
25,45,29,37
25,45,37,45
25,46,25,25
25,46,25,26
25,46,26,27
25,46,27,28
25,46,28,29
25,46,29,30
25,46,30,38
25,46,38,46
25,47,25,25
25,47,25,26
25,47,26,27
25,47,27,28
25,47,28,29
25,47,29,30
25,47,30,31
25,47,31,39
25,47,39,47
25,48,25,25
25,48,25,24
25,48,24,32
25,48,32,40
25,48,40,48
25,49,25,25
25,49,25,33
25,49,33,41
25,49,41,49
25,50,25,25
25,50,25,26
25,50,26,34
25,50,34,42
25,50,42,50
25,51,25,25
25,51,25,26
25,51,26,27
25,51,27,35
25,51,35,43
25,51,43,51
25,52,25,25
25,52,25,26
25,52,26,27
25,52,27,28
25,52,28,36
25,52,36,44
25,52,44,52
25,53,25,25
25,53,25,26
25,53,26,27
25,53,27,28
25,53,28,29
25,53,29,37
25,53,37,45
25,53,45,53
25,54,25,25
25,54,25,26
25,54,26,27
25,54,27,28
25,54,28,29
25,54,29,30
25,54,30,38
25,54,38,46
25,54,46,54
25,55,25,25
25,55,25,26
25,55,26,27
25,55,27,28
25,55,28,29
25,55,29,30
25,55,30,31
25,55,31,39
25,55,39,47
25,55,47,55
25,56,25,25
25,56,25,24
25,56,24,32
25,56,32,40
25,56,40,48
25,56,48,56
25,57,25,25
25,57,25,33
25,57,33,41
25,57,41,49
25,57,49,57
25,58,25,25
25,58,25,26
25,58,26,34
25,58,34,42
25,58,42,50
25,58,50,58
25,59,25,25
25,59,25,26
25,59,26,27
25,59,27,35
25,59,35,43
25,59,43,51
25,59,51,59
25,60,25,25
25,60,25,26
25,60,26,27
25,60,27,28
25,60,28,36
25,60,36,44
25,60,44,52
25,60,52,60
25,61,25,25
25,61,25,26
25,61,26,27
25,61,27,28
25,61,28,29
25,61,29,37
25,61,37,45
25,61,45,53
25,61,53,61
25,62,25,25
25,62,25,26
25,62,26,27
25,62,27,28
25,62,28,29
25,62,29,30
25,62,30,38
25,62,38,46
25,62,46,54
25,62,54,62
25,63,25,25
25,63,25,26
25,63,26,27
25,63,27,28
25,63,28,29
25,63,29,30
25,63,30,31
25,63,31,39
25,63,39,47
25,63,47,55
25,63,55,63
26,0,26,26
26,0,26,25
26,0,25,24
26,0,24,16
26,0,16,8
26,0,8,0
26,1,26,26
26,1,26,25
26,1,25,17
26,1,17,9
26,1,9,1
26,2,26,26
26,2,26,18
26,2,18,10
26,2,10,2
26,3,26,26
26,3,26,27
26,3,27,19
26,3,19,11
26,3,11,3
26,4,26,26
26,4,26,18
26,4,18,10
26,4,10,2
26,4,2,3
26,4,3,4
26,5,26,26
26,5,26,18
26,5,18,10
26,5,10,2
26,5,2,3
26,5,3,4
26,5,4,5
26,6,26,26
26,6,26,18
26,6,18,10
26,6,10,2
26,6,2,3
26,6,3,4
26,6,4,5
26,6,5,6
26,7,26,26
26,7,26,18
26,7,18,10
26,7,10,2
26,7,2,3
26,7,3,4
26,7,4,5
26,7,5,6
26,7,6,7
26,8,26,26
26,8,26,25
26,8,25,24
26,8,24,16
26,8,16,8
26,9,26,26
26,9,26,25
26,9,25,17
26,9,17,9
26,10,26,26
26,10,26,18
26,10,18,10
26,11,26,26
26,11,26,27
26,11,27,19
26,11,19,11
26,12,26,26
26,12,26,18
26,12,18,10
26,12,10,11
26,12,11,12
26,13,26,26
26,13,26,18
26,13,18,10
26,13,10,11
26,13,11,12
26,13,12,13
26,14,26,26
26,14,26,18
26,14,18,10
26,14,10,11
26,14,11,12
26,14,12,13
26,14,13,14
26,15,26,26
26,15,26,18
26,15,18,10
26,15,10,11
26,15,11,12
26,15,12,13
26,15,13,14
26,15,14,15
26,16,26,26
26,16,26,18
26,16,18,17
26,16,17,16
26,17,26,26
26,17,26,18
26,17,18,17
26,18,26,26
26,18,26,18
26,19,26,26
26,19,26,18
26,19,18,19
26,20,26,26
26,20,26,27
26,20,27,28
26,20,28,20
26,21,26,26
26,21,26,27
26,21,27,19
26,21,19,20
26,21,20,21
26,22,26,26
26,22,26,27
26,22,27,19
26,22,19,20
26,22,20,21
26,22,21,22
26,23,26,26
26,23,26,27
26,23,27,19
26,23,19,20
26,23,20,21
26,23,21,22
26,23,22,23
26,24,26,26
26,24,26,25
26,24,25,24
26,25,26,26
26,25,26,25
26,27,26,26
26,27,26,27
26,28,26,26
26,28,26,27
26,28,27,28
26,29,26,26
26,29,26,27
26,29,27,28
26,29,28,29
26,30,26,26
26,30,26,27
26,30,27,28
26,30,28,29
26,30,29,30
26,31,26,26
26,31,26,27
26,31,27,28
26,31,28,29
26,31,29,30
26,31,30,31
26,32,26,26
26,32,26,25
26,32,25,24
26,32,24,32
26,33,26,26
26,33,26,25
26,33,25,33
26,34,26,26
26,34,26,34
26,35,26,26
26,35,26,27
26,35,27,35
26,36,26,26
26,36,26,27
26,36,27,28
26,36,28,36
26,37,26,26
26,37,26,27
26,37,27,28
26,37,28,29
26,37,29,37
26,38,26,26
26,38,26,27
26,38,27,28
26,38,28,29
26,38,29,30
26,38,30,38
26,39,26,26
26,39,26,27
26,39,27,28
26,39,28,29
26,39,29,30
26,39,30,31
26,39,31,39
26,40,26,26
26,40,26,25
26,40,25,24
26,40,24,32
26,40,32,40
26,41,26,26
26,41,26,25
26,41,25,33
26,41,33,41
26,42,26,26
26,42,26,34
26,42,34,42
26,43,26,26
26,43,26,27
26,43,27,35
26,43,35,43
26,44,26,26
26,44,26,27
26,44,27,28
26,44,28,36
26,44,36,44
26,45,26,26
26,45,26,27
26,45,27,28
26,45,28,29
26,45,29,37
26,45,37,45
26,46,26,26
26,46,26,27
26,46,27,28
26,46,28,29
26,46,29,30
26,46,30,38
26,46,38,46
26,47,26,26
26,47,26,27
26,47,27,28
26,47,28,29
26,47,29,30
26,47,30,31
26,47,31,39
26,47,39,47
26,48,26,26
26,48,26,25
26,48,25,24
26,48,24,32
26,48,32,40
26,48,40,48
26,49,26,26
26,49,26,25
26,49,25,33
26,49,33,41
26,49,41,49
26,50,26,26
26,50,26,34
26,50,34,42
26,50,42,50
26,51,26,26
26,51,26,27
26,51,27,35
26,51,35,43
26,51,43,51
26,52,26,26
26,52,26,27
26,52,27,28
26,52,28,36
26,52,36,44
26,52,44,52
26,53,26,26
26,53,26,27
26,53,27,28
26,53,28,29
26,53,29,37
26,53,37,45
26,53,45,53
26,54,26,26
26,54,26,27
26,54,27,28
26,54,28,29
26,54,29,30
26,54,30,38
26,54,38,46
26,54,46,54
26,55,26,26
26,55,26,27
26,55,27,28
26,55,28,29
26,55,29,30
26,55,30,31
26,55,31,39
26,55,39,47
26,55,47,55
26,56,26,26
26,56,26,25
26,56,25,24
26,56,24,32
26,56,32,40
26,56,40,48
26,56,48,56
26,57,26,26
26,57,26,25
26,57,25,33
26,57,33,41
26,57,41,49
26,57,49,57
26,58,26,26
26,58,26,34
26,58,34,42
26,58,42,50
26,58,50,58
26,59,26,26
26,59,26,27
26,59,27,35
26,59,35,43
26,59,43,51
26,59,51,59
26,60,26,26
26,60,26,27
26,60,27,28
26,60,28,36
26,60,36,44
26,60,44,52
26,60,52,60
26,61,26,26
26,61,26,27
26,61,27,28
26,61,28,29
26,61,29,37
26,61,37,45
26,61,45,53
26,61,53,61
26,62,26,26
26,62,26,27
26,62,27,28
26,62,28,29
26,62,29,30
26,62,30,38
26,62,38,46
26,62,46,54
26,62,54,62
26,63,26,26
26,63,26,27
26,63,27,28
26,63,28,29
26,63,29,30
26,63,30,31
26,63,31,39
26,63,39,47
26,63,47,55
26,63,55,63
27,0,27,27
27,0,27,19
27,0,19,11
27,0,11,3
27,0,3,2
27,0,2,1
27,0,1,0
27,1,27,27
27,1,27,19
27,1,19,11
27,1,11,3
27,1,3,2
27,1,2,1
27,2,27,27
27,2,27,26
27,2,26,18
27,2,18,10
27,2,10,2
27,3,27,27
27,3,27,19
27,3,19,11
27,3,11,3
27,4,27,27
27,4,27,28
27,4,28,20
27,4,20,12
27,4,12,4
27,5,27,27
27,5,27,19
27,5,19,11
27,5,11,3
27,5,3,4
27,5,4,5
27,6,27,27
27,6,27,19
27,6,19,11
27,6,11,3
27,6,3,4
27,6,4,5
27,6,5,6
27,7,27,27
27,7,27,19
27,7,19,11
27,7,11,3
27,7,3,4
27,7,4,5
27,7,5,6
27,7,6,7
27,8,27,27
27,8,27,19
27,8,19,11
27,8,11,10
27,8,10,9
27,8,9,8
27,9,27,27
27,9,27,19
27,9,19,11
27,9,11,10
27,9,10,9
27,10,27,27
27,10,27,26
27,10,26,18
27,10,18,10
27,11,27,27
27,11,27,19
27,11,19,11
27,12,27,27
27,12,27,28
27,12,28,20
27,12,20,12
27,13,27,27
27,13,27,19
27,13,19,11
27,13,11,12
27,13,12,13
27,14,27,27
27,14,27,19
27,14,19,11
27,14,11,12
27,14,12,13
27,14,13,14
27,15,27,27
27,15,27,19
27,15,19,11
27,15,11,12
27,15,12,13
27,15,13,14
27,15,14,15
27,16,27,27
27,16,27,26
27,16,26,25
27,16,25,17
27,16,17,16
27,17,27,27
27,17,27,26
27,17,26,25
27,17,25,17
27,18,27,27
27,18,27,19
27,18,19,18
27,19,27,27
27,19,27,19
27,20,27,27
27,20,27,19
27,20,19,20
27,21,27,27
27,21,27,28
27,21,28,29
27,21,29,21
27,22,27,27
27,22,27,28
27,22,28,20
27,22,20,21
27,22,21,22
27,23,27,27
27,23,27,28
27,23,28,20
27,23,20,21
27,23,21,22
27,23,22,23
27,24,27,27
27,24,27,26
27,24,26,25
27,24,25,24
27,25,27,27
27,25,27,26
27,25,26,25
27,26,27,27
27,26,27,26
27,28,27,27
27,28,27,28
27,29,27,27
27,29,27,28
27,29,28,29
27,30,27,27
27,30,27,28
27,30,28,29
27,30,29,30
27,31,27,27
27,31,27,28
27,31,28,29
27,31,29,30
27,31,30,31
27,32,27,27
27,32,27,26
27,32,26,25
27,32,25,24
27,32,24,32
27,33,27,27
27,33,27,26
27,33,26,25
27,33,25,33
27,34,27,27
27,34,27,26
27,34,26,34
27,35,27,27
27,35,27,35
27,36,27,27
27,36,27,28
27,36,28,36
27,37,27,27
27,37,27,28
27,37,28,29
27,37,29,37
27,38,27,27
27,38,27,28
27,38,28,29
27,38,29,30
27,38,30,38
27,39,27,27
27,39,27,28
27,39,28,29
27,39,29,30
27,39,30,31
27,39,31,39
27,40,27,27
27,40,27,26
27,40,26,25
27,40,25,24
27,40,24,32
27,40,32,40
27,41,27,27
27,41,27,26
27,41,26,25
27,41,25,33
27,41,33,41
27,42,27,27
27,42,27,26
27,42,26,34
27,42,34,42
27,43,27,27
27,43,27,35
27,43,35,43
27,44,27,27
27,44,27,28
27,44,28,36
27,44,36,44
27,45,27,27
27,45,27,28
27,45,28,29
27,45,29,37
27,45,37,45
27,46,27,27
27,46,27,28
27,46,28,29
27,46,29,30
27,46,30,38
27,46,38,46
27,47,27,27
27,47,27,28
27,47,28,29
27,47,29,30
27,47,30,31
27,47,31,39
27,47,39,47
27,48,27,27
27,48,27,26
27,48,26,25
27,48,25,24
27,48,24,32
27,48,32,40
27,48,40,48
27,49,27,27
27,49,27,26
27,49,26,25
27,49,25,33
27,49,33,41
27,49,41,49
27,50,27,27
27,50,27,26
27,50,26,34
27,50,34,42
27,50,42,50
27,51,27,27
27,51,27,35
27,51,35,43
27,51,43,51
27,52,27,27
27,52,27,28
27,52,28,36
27,52,36,44
27,52,44,52
27,53,27,27
27,53,27,28
27,53,28,29
27,53,29,37
27,53,37,45
27,53,45,53
27,54,27,27
27,54,27,28
27,54,28,29
27,54,29,30
27,54,30,38
27,54,38,46
27,54,46,54
27,55,27,27
27,55,27,28
27,55,28,29
27,55,29,30
27,55,30,31
27,55,31,39
27,55,39,47
27,55,47,55
27,56,27,27
27,56,27,26
27,56,26,25
27,56,25,24
27,56,24,32
27,56,32,40
27,56,40,48
27,56,48,56
27,57,27,27
27,57,27,26
27,57,26,25
27,57,25,33
27,57,33,41
27,57,41,49
27,57,49,57
27,58,27,27
27,58,27,26
27,58,26,34
27,58,34,42
27,58,42,50
27,58,50,58
27,59,27,27
27,59,27,35
27,59,35,43
27,59,43,51
27,59,51,59
27,60,27,27
27,60,27,28
27,60,28,36
27,60,36,44
27,60,44,52
27,60,52,60
27,61,27,27
27,61,27,28
27,61,28,29
27,61,29,37
27,61,37,45
27,61,45,53
27,61,53,61
27,62,27,27
27,62,27,28
27,62,28,29
27,62,29,30
27,62,30,38
27,62,38,46
27,62,46,54
27,62,54,62
27,63,27,27
27,63,27,28
27,63,28,29
27,63,29,30
27,63,30,31
27,63,31,39
27,63,39,47
27,63,47,55
27,63,55,63
28,0,28,28
28,0,28,20
28,0,20,12
28,0,12,4
28,0,4,3
28,0,3,2
28,0,2,1
28,0,1,0
28,1,28,28
28,1,28,20
28,1,20,12
28,1,12,4
28,1,4,3
28,1,3,2
28,1,2,1
28,2,28,28
28,2,28,20
28,2,20,12
28,2,12,4
28,2,4,3
28,2,3,2
28,3,28,28
28,3,28,27
28,3,27,19
28,3,19,11
28,3,11,3
28,4,28,28
28,4,28,20
28,4,20,12
28,4,12,4
28,5,28,28
28,5,28,29
28,5,29,21
28,5,21,13
28,5,13,5
28,6,28,28
28,6,28,20
28,6,20,12
28,6,12,4
28,6,4,5
28,6,5,6
28,7,28,28
28,7,28,20
28,7,20,12
28,7,12,4
28,7,4,5
28,7,5,6
28,7,6,7
28,8,28,28
28,8,28,20
28,8,20,12
28,8,12,11
28,8,11,10
28,8,10,9
28,8,9,8
28,9,28,28
28,9,28,20
28,9,20,12
28,9,12,11
28,9,11,10
28,9,10,9
28,10,28,28
28,10,28,20
28,10,20,12
28,10,12,11
28,10,11,10
28,11,28,28
28,11,28,27
28,11,27,19
28,11,19,11
28,12,28,28
28,12,28,20
28,12,20,12
28,13,28,28
28,13,28,29
28,13,29,21
28,13,21,13
28,14,28,28
28,14,28,20
28,14,20,12
28,14,12,13
28,14,13,14
28,15,28,28
28,15,28,20
28,15,20,12
28,15,12,13
28,15,13,14
28,15,14,15
28,16,28,28
28,16,28,27
28,16,27,19
28,16,19,18
28,16,18,17
28,16,17,16
28,17,28,28
28,17,28,27
28,17,27,19
28,17,19,18
28,17,18,17
28,18,28,28
28,18,28,27
28,18,27,26
28,18,26,18
28,19,28,28
28,19,28,20
28,19,20,19
28,20,28,28
28,20,28,20
28,21,28,28
28,21,28,20
28,21,20,21
28,22,28,28
28,22,28,29
28,22,29,30
28,22,30,22
28,23,28,28
28,23,28,29
28,23,29,30
28,23,30,22
28,23,22,23
28,24,28,28
28,24,28,27
28,24,27,26
28,24,26,25
28,24,25,24
28,25,28,28
28,25,28,27
28,25,27,26
28,25,26,25
28,26,28,28
28,26,28,27
28,26,27,26
28,27,28,28
28,27,28,27
28,29,28,28
28,29,28,29
28,30,28,28
28,30,28,29
28,30,29,30
28,31,28,28
28,31,28,29
28,31,29,30
28,31,30,31
28,32,28,28
28,32,28,27
28,32,27,26
28,32,26,25
28,32,25,24
28,32,24,32
28,33,28,28
28,33,28,27
28,33,27,26
28,33,26,25
28,33,25,33
28,34,28,28
28,34,28,27
28,34,27,26
28,34,26,34
28,35,28,28
28,35,28,27
28,35,27,35
28,36,28,28
28,36,28,36
28,37,28,28
28,37,28,29
28,37,29,37
28,38,28,28
28,38,28,29
28,38,29,30
28,38,30,38
28,39,28,28
28,39,28,29
28,39,29,30
28,39,30,31
28,39,31,39
28,40,28,28
28,40,28,27
28,40,27,26
28,40,26,25
28,40,25,24
28,40,24,32
28,40,32,40
28,41,28,28
28,41,28,27
28,41,27,26
28,41,26,25
28,41,25,33
28,41,33,41
28,42,28,28
28,42,28,27
28,42,27,26
28,42,26,34
28,42,34,42
28,43,28,28
28,43,28,27
28,43,27,35
28,43,35,43
28,44,28,28
28,44,28,36
28,44,36,44
28,45,28,28
28,45,28,29
28,45,29,37
28,45,37,45
28,46,28,28
28,46,28,29
28,46,29,30
28,46,30,38
28,46,38,46
28,47,28,28
28,47,28,29
28,47,29,30
28,47,30,31
28,47,31,39
28,47,39,47
28,48,28,28
28,48,28,27
28,48,27,26
28,48,26,25
28,48,25,24
28,48,24,32
28,48,32,40
28,48,40,48
28,49,28,28
28,49,28,27
28,49,27,26
28,49,26,25
28,49,25,33
28,49,33,41
28,49,41,49
28,50,28,28
28,50,28,27
28,50,27,26
28,50,26,34
28,50,34,42
28,50,42,50
28,51,28,28
28,51,28,27
28,51,27,35
28,51,35,43
28,51,43,51
28,52,28,28
28,52,28,36
28,52,36,44
28,52,44,52
28,53,28,28
28,53,28,29
28,53,29,37
28,53,37,45
28,53,45,53
28,54,28,28
28,54,28,29
28,54,29,30
28,54,30,38
28,54,38,46
28,54,46,54
28,55,28,28
28,55,28,29
28,55,29,30
28,55,30,31
28,55,31,39
28,55,39,47
28,55,47,55
28,56,28,28
28,56,28,27
28,56,27,26
28,56,26,25
28,56,25,24
28,56,24,32
28,56,32,40
28,56,40,48
28,56,48,56
28,57,28,28
28,57,28,27
28,57,27,26
28,57,26,25
28,57,25,33
28,57,33,41
28,57,41,49
28,57,49,57
28,58,28,28
28,58,28,27
28,58,27,26
28,58,26,34
28,58,34,42
28,58,42,50
28,58,50,58
28,59,28,28
28,59,28,27
28,59,27,35
28,59,35,43
28,59,43,51
28,59,51,59
28,60,28,28
28,60,28,36
28,60,36,44
28,60,44,52
28,60,52,60
28,61,28,28
28,61,28,29
28,61,29,37
28,61,37,45
28,61,45,53
28,61,53,61
28,62,28,28
28,62,28,29
28,62,29,30
28,62,30,38
28,62,38,46
28,62,46,54
28,62,54,62
28,63,28,28
28,63,28,29
28,63,29,30
28,63,30,31
28,63,31,39
28,63,39,47
28,63,47,55
28,63,55,63
29,0,29,29
29,0,29,21
29,0,21,13
29,0,13,5
29,0,5,4
29,0,4,3
29,0,3,2
29,0,2,1
29,0,1,0
29,1,29,29
29,1,29,21
29,1,21,13
29,1,13,5
29,1,5,4
29,1,4,3
29,1,3,2
29,1,2,1
29,2,29,29
29,2,29,21
29,2,21,13
29,2,13,5
29,2,5,4
29,2,4,3
29,2,3,2
29,3,29,29
29,3,29,21
29,3,21,13
29,3,13,5
29,3,5,4
29,3,4,3
29,4,29,29
29,4,29,28
29,4,28,20
29,4,20,12
29,4,12,4
29,5,29,29
29,5,29,21
29,5,21,13
29,5,13,5
29,6,29,29
29,6,29,30
29,6,30,22
29,6,22,14
29,6,14,6
29,7,29,29
29,7,29,30
29,7,30,31
29,7,31,23
29,7,23,15
29,7,15,7
29,8,29,29
29,8,29,21
29,8,21,13
29,8,13,12
29,8,12,11
29,8,11,10
29,8,10,9
29,8,9,8
29,9,29,29
29,9,29,21
29,9,21,13
29,9,13,12
29,9,12,11
29,9,11,10
29,9,10,9
29,10,29,29
29,10,29,21
29,10,21,13
29,10,13,12
29,10,12,11
29,10,11,10
29,11,29,29
29,11,29,21
29,11,21,13
29,11,13,12
29,11,12,11
29,12,29,29
29,12,29,28
29,12,28,20
29,12,20,12
29,13,29,29
29,13,29,21
29,13,21,13
29,14,29,29
29,14,29,30
29,14,30,22
29,14,22,14
29,15,29,29
29,15,29,30
29,15,30,31
29,15,31,23
29,15,23,15
29,16,29,29
29,16,29,28
29,16,28,20
29,16,20,19
29,16,19,18
29,16,18,17
29,16,17,16
29,17,29,29
29,17,29,28
29,17,28,20
29,17,20,19
29,17,19,18
29,17,18,17
29,18,29,29
29,18,29,28
29,18,28,20
29,18,20,19
29,18,19,18
29,19,29,29
29,19,29,28
29,19,28,27
29,19,27,19
29,20,29,29
29,20,29,21
29,20,21,20
29,21,29,29
29,21,29,21
29,22,29,29
29,22,29,21
29,22,21,22
29,23,29,29
29,23,29,21
29,23,21,22
29,23,22,23
29,24,29,29
29,24,29,28
29,24,28,27
29,24,27,26
29,24,26,25
29,24,25,24
29,25,29,29
29,25,29,28
29,25,28,27
29,25,27,26
29,25,26,25
29,26,29,29
29,26,29,28
29,26,28,27
29,26,27,26
29,27,29,29
29,27,29,28
29,27,28,27
29,28,29,29
29,28,29,28
29,30,29,29
29,30,29,30
29,31,29,29
29,31,29,30
29,31,30,31
29,32,29,29
29,32,29,28
29,32,28,27
29,32,27,26
29,32,26,25
29,32,25,24
29,32,24,32
29,33,29,29
29,33,29,28
29,33,28,27
29,33,27,26
29,33,26,25
29,33,25,33
29,34,29,29
29,34,29,28
29,34,28,27
29,34,27,26
29,34,26,34
29,35,29,29
29,35,29,28
29,35,28,27
29,35,27,35
29,36,29,29
29,36,29,28
29,36,28,36
29,37,29,29
29,37,29,37
29,38,29,29
29,38,29,30
29,38,30,38
29,39,29,29
29,39,29,30
29,39,30,31
29,39,31,39
29,40,29,29
29,40,29,28
29,40,28,27
29,40,27,26
29,40,26,25
29,40,25,24
29,40,24,32
29,40,32,40
29,41,29,29
29,41,29,28
29,41,28,27
29,41,27,26
29,41,26,25
29,41,25,33
29,41,33,41
29,42,29,29
29,42,29,28
29,42,28,27
29,42,27,26
29,42,26,34
29,42,34,42
29,43,29,29
29,43,29,28
29,43,28,27
29,43,27,35
29,43,35,43
29,44,29,29
29,44,29,28
29,44,28,36
29,44,36,44
29,45,29,29
29,45,29,37
29,45,37,45
29,46,29,29
29,46,29,30
29,46,30,38
29,46,38,46
29,47,29,29
29,47,29,30
29,47,30,31
29,47,31,39
29,47,39,47
29,48,29,29
29,48,29,28
29,48,28,27
29,48,27,26
29,48,26,25
29,48,25,24
29,48,24,32
29,48,32,40
29,48,40,48
29,49,29,29
29,49,29,28
29,49,28,27
29,49,27,26
29,49,26,25
29,49,25,33
29,49,33,41
29,49,41,49
29,50,29,29
29,50,29,28
29,50,28,27
29,50,27,26
29,50,26,34
29,50,34,42
29,50,42,50
29,51,29,29
29,51,29,28
29,51,28,27
29,51,27,35
29,51,35,43
29,51,43,51
29,52,29,29
29,52,29,28
29,52,28,36
29,52,36,44
29,52,44,52
29,53,29,29
29,53,29,37
29,53,37,45
29,53,45,53
29,54,29,29
29,54,29,30
29,54,30,38
29,54,38,46
29,54,46,54
29,55,29,29
29,55,29,30
29,55,30,31
29,55,31,39
29,55,39,47
29,55,47,55
29,56,29,29
29,56,29,28
29,56,28,27
29,56,27,26
29,56,26,25
29,56,25,24
29,56,24,32
29,56,32,40
29,56,40,48
29,56,48,56
29,57,29,29
29,57,29,28
29,57,28,27
29,57,27,26
29,57,26,25
29,57,25,33
29,57,33,41
29,57,41,49
29,57,49,57
29,58,29,29
29,58,29,28
29,58,28,27
29,58,27,26
29,58,26,34
29,58,34,42
29,58,42,50
29,58,50,58
29,59,29,29
29,59,29,28
29,59,28,27
29,59,27,35
29,59,35,43
29,59,43,51
29,59,51,59
29,60,29,29
29,60,29,28
29,60,28,36
29,60,36,44
29,60,44,52
29,60,52,60
29,61,29,29
29,61,29,37
29,61,37,45
29,61,45,53
29,61,53,61
29,62,29,29
29,62,29,30
29,62,30,38
29,62,38,46
29,62,46,54
29,62,54,62
29,63,29,29
29,63,29,30
29,63,30,31
29,63,31,39
29,63,39,47
29,63,47,55
29,63,55,63
30,0,30,30
30,0,30,29
30,0,29,28
30,0,28,27
30,0,27,19
30,0,19,11
30,0,11,3
30,0,3,2
30,0,2,1
30,0,1,0
30,1,30,30
30,1,30,29
30,1,29,28
30,1,28,27
30,1,27,19
30,1,19,11
30,1,11,3
30,1,3,2
30,1,2,1
30,2,30,30
30,2,30,29
30,2,29,28
30,2,28,27
30,2,27,19
30,2,19,11
30,2,11,3
30,2,3,2
30,3,30,30
30,3,30,29
30,3,29,28
30,3,28,27
30,3,27,19
30,3,19,11
30,3,11,3
30,4,30,30
30,4,30,22
30,4,22,14
30,4,14,6
30,4,6,5
30,4,5,4
30,5,30,30
30,5,30,29
30,5,29,21
30,5,21,13
30,5,13,5
30,6,30,30
30,6,30,22
30,6,22,14
30,6,14,6
30,7,30,30
30,7,30,22
30,7,22,14
30,7,14,6
30,7,6,7
30,8,30,30
30,8,30,29
30,8,29,28
30,8,28,27
30,8,27,19
30,8,19,11
30,8,11,10
30,8,10,9
30,8,9,8
30,9,30,30
30,9,30,29
30,9,29,28
30,9,28,27
30,9,27,19
30,9,19,11
30,9,11,10
30,9,10,9
30,10,30,30
30,10,30,29
30,10,29,21
30,10,21,13
30,10,13,12
30,10,12,11
30,10,11,10
30,11,30,30
30,11,30,29
30,11,29,28
30,11,28,27
30,11,27,19
30,11,19,11
30,12,30,30
30,12,30,22
30,12,22,14
30,12,14,13
30,12,13,12
30,13,30,30
30,13,30,29
30,13,29,21
30,13,21,13
30,14,30,30
30,14,30,22
30,14,22,14
30,15,30,30
30,15,30,22
30,15,22,14
30,15,14,15
30,16,30,30
30,16,30,29
30,16,29,28
30,16,28,27
30,16,27,19
30,16,19,18
30,16,18,17
30,16,17,16
30,17,30,30
30,17,30,29
30,17,29,28
30,17,28,20
30,17,20,19
30,17,19,18
30,17,18,17
30,18,30,30
30,18,30,29
30,18,29,28
30,18,28,27
30,18,27,19
30,18,19,18
30,19,30,30
30,19,30,29
30,19,29,21
30,19,21,20
30,19,20,19
30,20,30,30
30,20,30,29
30,20,29,28
30,20,28,20
30,21,30,30
30,21,30,22
30,21,22,21
30,22,30,30
30,22,30,22
30,23,30,30
30,23,30,22
30,23,22,23
30,24,30,30
30,24,30,29
30,24,29,28
30,24,28,27
30,24,27,26
30,24,26,25
30,24,25,24
30,25,30,30
30,25,30,29
30,25,29,28
30,25,28,27
30,25,27,26
30,25,26,25
30,26,30,30
30,26,30,29
30,26,29,28
30,26,28,27
30,26,27,26
30,27,30,30
30,27,30,29
30,27,29,28
30,27,28,27
30,28,30,30
30,28,30,29
30,28,29,28
30,29,30,30
30,29,30,29
30,31,30,30
30,31,30,31
30,32,30,30
30,32,30,29
30,32,29,28
30,32,28,27
30,32,27,26
30,32,26,25
30,32,25,24
30,32,24,32
30,33,30,30
30,33,30,29
30,33,29,28
30,33,28,27
30,33,27,26
30,33,26,25
30,33,25,33
30,34,30,30
30,34,30,29
30,34,29,28
30,34,28,27
30,34,27,26
30,34,26,34
30,35,30,30
30,35,30,29
30,35,29,28
30,35,28,27
30,35,27,35
30,36,30,30
30,36,30,29
30,36,29,28
30,36,28,36
30,37,30,30
30,37,30,29
30,37,29,37
30,38,30,30
30,38,30,38
30,39,30,30
30,39,30,31
30,39,31,39
30,40,30,30
30,40,30,29
30,40,29,28
30,40,28,27
30,40,27,26
30,40,26,25
30,40,25,24
30,40,24,32
30,40,32,40
30,41,30,30
30,41,30,29
30,41,29,28
30,41,28,27
30,41,27,26
30,41,26,25
30,41,25,33
30,41,33,41
30,42,30,30
30,42,30,29
30,42,29,28
30,42,28,27
30,42,27,26
30,42,26,34
30,42,34,42
30,43,30,30
30,43,30,29
30,43,29,28
30,43,28,27
30,43,27,35
30,43,35,43
30,44,30,30
30,44,30,29
30,44,29,28
30,44,28,36
30,44,36,44
30,45,30,30
30,45,30,29
30,45,29,37
30,45,37,45
30,46,30,30
30,46,30,38
30,46,38,46
30,47,30,30
30,47,30,31
30,47,31,39
30,47,39,47
30,48,30,30
30,48,30,29
30,48,29,28
30,48,28,27
30,48,27,26
30,48,26,25
30,48,25,24
30,48,24,32
30,48,32,40
30,48,40,48
30,49,30,30
30,49,30,29
30,49,29,28
30,49,28,27
30,49,27,26
30,49,26,25
30,49,25,33
30,49,33,41
30,49,41,49
30,50,30,30
30,50,30,29
30,50,29,28
30,50,28,27
30,50,27,26
30,50,26,34
30,50,34,42
30,50,42,50
30,51,30,30
30,51,30,29
30,51,29,28
30,51,28,27
30,51,27,35
30,51,35,43
30,51,43,51
30,52,30,30
30,52,30,29
30,52,29,28
30,52,28,36
30,52,36,44
30,52,44,52
30,53,30,30
30,53,30,29
30,53,29,37
30,53,37,45
30,53,45,53
30,54,30,30
30,54,30,38
30,54,38,46
30,54,46,54
30,55,30,30
30,55,30,31
30,55,31,39
30,55,39,47
30,55,47,55
30,56,30,30
30,56,30,29
30,56,29,28
30,56,28,27
30,56,27,26
30,56,26,25
30,56,25,24
30,56,24,32
30,56,32,40
30,56,40,48
30,56,48,56
30,57,30,30
30,57,30,29
30,57,29,28
30,57,28,27
30,57,27,26
30,57,26,25
30,57,25,33
30,57,33,41
30,57,41,49
30,57,49,57
30,58,30,30
30,58,30,29
30,58,29,28
30,58,28,27
30,58,27,26
30,58,26,34
30,58,34,42
30,58,42,50
30,58,50,58
30,59,30,30
30,59,30,29
30,59,29,28
30,59,28,27
30,59,27,35
30,59,35,43
30,59,43,51
30,59,51,59
30,60,30,30
30,60,30,29
30,60,29,28
30,60,28,36
30,60,36,44
30,60,44,52
30,60,52,60
30,61,30,30
30,61,30,29
30,61,29,37
30,61,37,45
30,61,45,53
30,61,53,61
30,62,30,30
30,62,30,38
30,62,38,46
30,62,46,54
30,62,54,62
30,63,30,30
30,63,30,31
30,63,31,39
30,63,39,47
30,63,47,55
30,63,55,63
31,0,31,31
31,0,31,30
31,0,30,29
31,0,29,28
31,0,28,27
31,0,27,19
31,0,19,11
31,0,11,3
31,0,3,2
31,0,2,1
31,0,1,0
31,1,31,31
31,1,31,30
31,1,30,29
31,1,29,28
31,1,28,27
31,1,27,19
31,1,19,11
31,1,11,3
31,1,3,2
31,1,2,1
31,2,31,31
31,2,31,30
31,2,30,29
31,2,29,28
31,2,28,27
31,2,27,19
31,2,19,11
31,2,11,3
31,2,3,2
31,3,31,31
31,3,31,30
31,3,30,29
31,3,29,28
31,3,28,27
31,3,27,19
31,3,19,11
31,3,11,3
31,4,31,31
31,4,31,23
31,4,23,15
31,4,15,7
31,4,7,6
31,4,6,5
31,4,5,4
31,5,31,31
31,5,31,30
31,5,30,29
31,5,29,21
31,5,21,13
31,5,13,5
31,6,31,31
31,6,31,23
31,6,23,15
31,6,15,7
31,6,7,6
31,7,31,31
31,7,31,23
31,7,23,15
31,7,15,7
31,8,31,31
31,8,31,30
31,8,30,29
31,8,29,28
31,8,28,27
31,8,27,19
31,8,19,11
31,8,11,10
31,8,10,9
31,8,9,8
31,9,31,31
31,9,31,30
31,9,30,29
31,9,29,28
31,9,28,27
31,9,27,19
31,9,19,11
31,9,11,10
31,9,10,9
31,10,31,31
31,10,31,30
31,10,30,29
31,10,29,21
31,10,21,13
31,10,13,12
31,10,12,11
31,10,11,10
31,11,31,31
31,11,31,30
31,11,30,29
31,11,29,28
31,11,28,27
31,11,27,19
31,11,19,11
31,12,31,31
31,12,31,30
31,12,30,29
31,12,29,28
31,12,28,20
31,12,20,12
31,13,31,31
31,13,31,23
31,13,23,15
31,13,15,14
31,13,14,13
31,14,31,31
31,14,31,30
31,14,30,22
31,14,22,14
31,15,31,31
31,15,31,23
31,15,23,15
31,16,31,31
31,16,31,30
31,16,30,29
31,16,29,28
31,16,28,27
31,16,27,19
31,16,19,18
31,16,18,17
31,16,17,16
31,17,31,31
31,17,31,30
31,17,30,29
31,17,29,28
31,17,28,20
31,17,20,19
31,17,19,18
31,17,18,17
31,18,31,31
31,18,31,30
31,18,30,29
31,18,29,28
31,18,28,27
31,18,27,19
31,18,19,18
31,19,31,31
31,19,31,30
31,19,30,29
31,19,29,28
31,19,28,20
31,19,20,19
31,20,31,31
31,20,31,30
31,20,30,22
31,20,22,21
31,20,21,20
31,21,31,31
31,21,31,30
31,21,30,29
31,21,29,21
31,22,31,31
31,22,31,23
31,22,23,22
31,23,31,31
31,23,31,23
31,24,31,31
31,24,31,30
31,24,30,29
31,24,29,28
31,24,28,27
31,24,27,26
31,24,26,25
31,24,25,24
31,25,31,31
31,25,31,30
31,25,30,29
31,25,29,28
31,25,28,27
31,25,27,26
31,25,26,25
31,26,31,31
31,26,31,30
31,26,30,29
31,26,29,28
31,26,28,27
31,26,27,26
31,27,31,31
31,27,31,30
31,27,30,29
31,27,29,28
31,27,28,27
31,28,31,31
31,28,31,30
31,28,30,29
31,28,29,28
31,29,31,31
31,29,31,30
31,29,30,29
31,30,31,31
31,30,31,30
31,32,31,31
31,32,31,30
31,32,30,29
31,32,29,28
31,32,28,27
31,32,27,26
31,32,26,25
31,32,25,24
31,32,24,32
31,33,31,31
31,33,31,30
31,33,30,29
31,33,29,28
31,33,28,27
31,33,27,26
31,33,26,25
31,33,25,33
31,34,31,31
31,34,31,30
31,34,30,29
31,34,29,28
31,34,28,27
31,34,27,26
31,34,26,34
31,35,31,31
31,35,31,30
31,35,30,29
31,35,29,28
31,35,28,27
31,35,27,35
31,36,31,31
31,36,31,30
31,36,30,29
31,36,29,28
31,36,28,36
31,37,31,31
31,37,31,30
31,37,30,29
31,37,29,37
31,38,31,31
31,38,31,30
31,38,30,38
31,39,31,31
31,39,31,39
31,40,31,31
31,40,31,30
31,40,30,29
31,40,29,28
31,40,28,27
31,40,27,26
31,40,26,25
31,40,25,24
31,40,24,32
31,40,32,40
31,41,31,31
31,41,31,30
31,41,30,29
31,41,29,28
31,41,28,27
31,41,27,26
31,41,26,25
31,41,25,33
31,41,33,41
31,42,31,31
31,42,31,30
31,42,30,29
31,42,29,28
31,42,28,27
31,42,27,26
31,42,26,34
31,42,34,42
31,43,31,31
31,43,31,30
31,43,30,29
31,43,29,28
31,43,28,27
31,43,27,35
31,43,35,43
31,44,31,31
31,44,31,30
31,44,30,29
31,44,29,28
31,44,28,36
31,44,36,44
31,45,31,31
31,45,31,30
31,45,30,29
31,45,29,37
31,45,37,45
31,46,31,31
31,46,31,30
31,46,30,38
31,46,38,46
31,47,31,31
31,47,31,39
31,47,39,47
31,48,31,31
31,48,31,30
31,48,30,29
31,48,29,28
31,48,28,27
31,48,27,26
31,48,26,25
31,48,25,24
31,48,24,32
31,48,32,40
31,48,40,48
31,49,31,31
31,49,31,30
31,49,30,29
31,49,29,28
31,49,28,27
31,49,27,26
31,49,26,25
31,49,25,33
31,49,33,41
31,49,41,49
31,50,31,31
31,50,31,30
31,50,30,29
31,50,29,28
31,50,28,27
31,50,27,26
31,50,26,34
31,50,34,42
31,50,42,50
31,51,31,31
31,51,31,30
31,51,30,29
31,51,29,28
31,51,28,27
31,51,27,35
31,51,35,43
31,51,43,51
31,52,31,31
31,52,31,30
31,52,30,29
31,52,29,28
31,52,28,36
31,52,36,44
31,52,44,52
31,53,31,31
31,53,31,30
31,53,30,29
31,53,29,37
31,53,37,45
31,53,45,53
31,54,31,31
31,54,31,30
31,54,30,38
31,54,38,46
31,54,46,54
31,55,31,31
31,55,31,39
31,55,39,47
31,55,47,55
31,56,31,31
31,56,31,30
31,56,30,29
31,56,29,28
31,56,28,27
31,56,27,26
31,56,26,25
31,56,25,24
31,56,24,32
31,56,32,40
31,56,40,48
31,56,48,56
31,57,31,31
31,57,31,30
31,57,30,29
31,57,29,28
31,57,28,27
31,57,27,26
31,57,26,25
31,57,25,33
31,57,33,41
31,57,41,49
31,57,49,57
31,58,31,31
31,58,31,30
31,58,30,29
31,58,29,28
31,58,28,27
31,58,27,26
31,58,26,34
31,58,34,42
31,58,42,50
31,58,50,58
31,59,31,31
31,59,31,30
31,59,30,29
31,59,29,28
31,59,28,27
31,59,27,35
31,59,35,43
31,59,43,51
31,59,51,59
31,60,31,31
31,60,31,30
31,60,30,29
31,60,29,28
31,60,28,36
31,60,36,44
31,60,44,52
31,60,52,60
31,61,31,31
31,61,31,30
31,61,30,29
31,61,29,37
31,61,37,45
31,61,45,53
31,61,53,61
31,62,31,31
31,62,31,30
31,62,30,38
31,62,38,46
31,62,46,54
31,62,54,62
31,63,31,31
31,63,31,39
31,63,39,47
31,63,47,55
31,63,55,63
32,0,32,32
32,0,32,24
32,0,24,16
32,0,16,8
32,0,8,0
32,1,32,32
32,1,32,24
32,1,24,16
32,1,16,8
32,1,8,0
32,1,0,1
32,2,32,32
32,2,32,24
32,2,24,16
32,2,16,8
32,2,8,0
32,2,0,1
32,2,1,2
32,3,32,32
32,3,32,33
32,3,33,34
32,3,34,35
32,3,35,27
32,3,27,19
32,3,19,11
32,3,11,3
32,4,32,32
32,4,32,24
32,4,24,16
32,4,16,8
32,4,8,0
32,4,0,1
32,4,1,2
32,4,2,3
32,4,3,4
32,5,32,32
32,5,32,24
32,5,24,16
32,5,16,8
32,5,8,0
32,5,0,1
32,5,1,2
32,5,2,3
32,5,3,4
32,5,4,5
32,6,32,32
32,6,32,24
32,6,24,16
32,6,16,8
32,6,8,0
32,6,0,1
32,6,1,2
32,6,2,3
32,6,3,4
32,6,4,5
32,6,5,6
32,7,32,32
32,7,32,24
32,7,24,16
32,7,16,8
32,7,8,0
32,7,0,1
32,7,1,2
32,7,2,3
32,7,3,4
32,7,4,5
32,7,5,6
32,7,6,7
32,8,32,32
32,8,32,24
32,8,24,16
32,8,16,8
32,9,32,32
32,9,32,24
32,9,24,16
32,9,16,8
32,9,8,9
32,10,32,32
32,10,32,33
32,10,33,34
32,10,34,26
32,10,26,18
32,10,18,10
32,11,32,32
32,11,32,33
32,11,33,34
32,11,34,35
32,11,35,27
32,11,27,19
32,11,19,11
32,12,32,32
32,12,32,33
32,12,33,25
32,12,25,17
32,12,17,9
32,12,9,10
32,12,10,11
32,12,11,12
32,13,32,32
32,13,32,33
32,13,33,34
32,13,34,35
32,13,35,36
32,13,36,37
32,13,37,29
32,13,29,21
32,13,21,13
32,14,32,32
32,14,32,33
32,14,33,25
32,14,25,17
32,14,17,9
32,14,9,10
32,14,10,11
32,14,11,12
32,14,12,13
32,14,13,14
32,15,32,32
32,15,32,33
32,15,33,25
32,15,25,17
32,15,17,9
32,15,9,10
32,15,10,11
32,15,11,12
32,15,12,13
32,15,13,14
32,15,14,15
32,16,32,32
32,16,32,24
32,16,24,16
32,17,32,32
32,17,32,33
32,17,33,25
32,17,25,17
32,18,32,32
32,18,32,24
32,18,24,16
32,18,16,17
32,18,17,18
32,19,32,32
32,19,32,33
32,19,33,34
32,19,34,35
32,19,35,27
32,19,27,19
32,20,32,32
32,20,32,33
32,20,33,34
32,20,34,35
32,20,35,36
32,20,36,28
32,20,28,20
32,21,32,32
32,21,32,33
32,21,33,34
32,21,34,35
32,21,35,36
32,21,36,37
32,21,37,29
32,21,29,21
32,22,32,32
32,22,32,33
32,22,33,34
32,22,34,35
32,22,35,36
32,22,36,37
32,22,37,29
32,22,29,21
32,22,21,22
32,23,32,32
32,23,32,33
32,23,33,34
32,23,34,26
32,23,26,18
32,23,18,19
32,23,19,20
32,23,20,21
32,23,21,22
32,23,22,23
32,24,32,32
32,24,32,24
32,25,32,32
32,25,32,24
32,25,24,25
32,26,32,32
32,26,32,33
32,26,33,34
32,26,34,26
32,27,32,32
32,27,32,33
32,27,33,25
32,27,25,26
32,27,26,27
32,28,32,32
32,28,32,33
32,28,33,34
32,28,34,35
32,28,35,27
32,28,27,28
32,29,32,32
32,29,32,33
32,29,33,34
32,29,34,35
32,29,35,36
32,29,36,28
32,29,28,29
32,30,32,32
32,30,32,33
32,30,33,34
32,30,34,35
32,30,35,27
32,30,27,28
32,30,28,29
32,30,29,30
32,31,32,32
32,31,32,33
32,31,33,34
32,31,34,35
32,31,35,27
32,31,27,28
32,31,28,29
32,31,29,30
32,31,30,31
32,33,32,32
32,33,32,33
32,34,32,32
32,34,32,33
32,34,33,34
32,35,32,32
32,35,32,33
32,35,33,34
32,35,34,35
32,36,32,32
32,36,32,33
32,36,33,34
32,36,34,35
32,36,35,36
32,37,32,32
32,37,32,33
32,37,33,34
32,37,34,35
32,37,35,36
32,37,36,37
32,38,32,32
32,38,32,33
32,38,33,34
32,38,34,35
32,38,35,36
32,38,36,37
32,38,37,38
32,39,32,32
32,39,32,33
32,39,33,34
32,39,34,35
32,39,35,36
32,39,36,37
32,39,37,38
32,39,38,39
32,40,32,32
32,40,32,40
32,41,32,32
32,41,32,33
32,41,33,41
32,42,32,32
32,42,32,33
32,42,33,34
32,42,34,42
32,43,32,32
32,43,32,33
32,43,33,34
32,43,34,35
32,43,35,43
32,44,32,32
32,44,32,33
32,44,33,34
32,44,34,35
32,44,35,36
32,44,36,44
32,45,32,32
32,45,32,33
32,45,33,34
32,45,34,35
32,45,35,36
32,45,36,37
32,45,37,45
32,46,32,32
32,46,32,33
32,46,33,34
32,46,34,35
32,46,35,36
32,46,36,37
32,46,37,38
32,46,38,46
32,47,32,32
32,47,32,33
32,47,33,34
32,47,34,35
32,47,35,36
32,47,36,37
32,47,37,38
32,47,38,39
32,47,39,47
32,48,32,32
32,48,32,40
32,48,40,48
32,49,32,32
32,49,32,33
32,49,33,41
32,49,41,49
32,50,32,32
32,50,32,33
32,50,33,34
32,50,34,42
32,50,42,50
32,51,32,32
32,51,32,33
32,51,33,34
32,51,34,35
32,51,35,43
32,51,43,51
32,52,32,32
32,52,32,33
32,52,33,34
32,52,34,35
32,52,35,36
32,52,36,44
32,52,44,52
32,53,32,32
32,53,32,33
32,53,33,34
32,53,34,35
32,53,35,36
32,53,36,37
32,53,37,45
32,53,45,53
32,54,32,32
32,54,32,33
32,54,33,34
32,54,34,35
32,54,35,36
32,54,36,37
32,54,37,38
32,54,38,46
32,54,46,54
32,55,32,32
32,55,32,33
32,55,33,34
32,55,34,35
32,55,35,36
32,55,36,37
32,55,37,38
32,55,38,39
32,55,39,47
32,55,47,55
32,56,32,32
32,56,32,40
32,56,40,48
32,56,48,56
32,57,32,32
32,57,32,33
32,57,33,41
32,57,41,49
32,57,49,57
32,58,32,32
32,58,32,33
32,58,33,34
32,58,34,42
32,58,42,50
32,58,50,58
32,59,32,32
32,59,32,33
32,59,33,34
32,59,34,35
32,59,35,43
32,59,43,51
32,59,51,59
32,60,32,32
32,60,32,33
32,60,33,34
32,60,34,35
32,60,35,36
32,60,36,44
32,60,44,52
32,60,52,60
32,61,32,32
32,61,32,33
32,61,33,34
32,61,34,35
32,61,35,36
32,61,36,37
32,61,37,45
32,61,45,53
32,61,53,61
32,62,32,32
32,62,32,33
32,62,33,34
32,62,34,35
32,62,35,36
32,62,36,37
32,62,37,38
32,62,38,46
32,62,46,54
32,62,54,62
32,63,32,32
32,63,32,33
32,63,33,34
32,63,34,35
32,63,35,36
32,63,36,37
32,63,37,38
32,63,38,39
32,63,39,47
32,63,47,55
32,63,55,63
33,0,33,33
33,0,33,32
33,0,32,24
33,0,24,16
33,0,16,8
33,0,8,0
33,1,33,33
33,1,33,25
33,1,25,17
33,1,17,9
33,1,9,1
33,2,33,33
33,2,33,25
33,2,25,17
33,2,17,9
33,2,9,1
33,2,1,2
33,3,33,33
33,3,33,34
33,3,34,35
33,3,35,27
33,3,27,19
33,3,19,11
33,3,11,3
33,4,33,33
33,4,33,25
33,4,25,17
33,4,17,9
33,4,9,1
33,4,1,2
33,4,2,3
33,4,3,4
33,5,33,33
33,5,33,25
33,5,25,17
33,5,17,9
33,5,9,1
33,5,1,2
33,5,2,3
33,5,3,4
33,5,4,5
33,6,33,33
33,6,33,25
33,6,25,17
33,6,17,9
33,6,9,1
33,6,1,2
33,6,2,3
33,6,3,4
33,6,4,5
33,6,5,6
33,7,33,33
33,7,33,25
33,7,25,17
33,7,17,9
33,7,9,1
33,7,1,2
33,7,2,3
33,7,3,4
33,7,4,5
33,7,5,6
33,7,6,7
33,8,33,33
33,8,33,32
33,8,32,24
33,8,24,16
33,8,16,8
33,9,33,33
33,9,33,25
33,9,25,17
33,9,17,9
33,10,33,33
33,10,33,25
33,10,25,17
33,10,17,9
33,10,9,10
33,11,33,33
33,11,33,34
33,11,34,35
33,11,35,27
33,11,27,19
33,11,19,11
33,12,33,33
33,12,33,25
33,12,25,17
33,12,17,9
33,12,9,10
33,12,10,11
33,12,11,12
33,13,33,33
33,13,33,25
33,13,25,17
33,13,17,9
33,13,9,10
33,13,10,11
33,13,11,12
33,13,12,13
33,14,33,33
33,14,33,25
33,14,25,17
33,14,17,9
33,14,9,10
33,14,10,11
33,14,11,12
33,14,12,13
33,14,13,14
33,15,33,33
33,15,33,25
33,15,25,17
33,15,17,9
33,15,9,10
33,15,10,11
33,15,11,12
33,15,12,13
33,15,13,14
33,15,14,15
33,16,33,33
33,16,33,25
33,16,25,17
33,16,17,16
33,17,33,33
33,17,33,25
33,17,25,17
33,18,33,33
33,18,33,34
33,18,34,26
33,18,26,18
33,19,33,33
33,19,33,25
33,19,25,17
33,19,17,18
33,19,18,19
33,20,33,33
33,20,33,34
33,20,34,35
33,20,35,36
33,20,36,28
33,20,28,20
33,21,33,33
33,21,33,34
33,21,34,26
33,21,26,18
33,21,18,19
33,21,19,20
33,21,20,21
33,22,33,33
33,22,33,34
33,22,34,26
33,22,26,18
33,22,18,19
33,22,19,20
33,22,20,21
33,22,21,22
33,23,33,33
33,23,33,34
33,23,34,26
33,23,26,18
33,23,18,19
33,23,19,20
33,23,20,21
33,23,21,22
33,23,22,23
33,24,33,33
33,24,33,25
33,24,25,24
33,25,33,33
33,25,33,25
33,26,33,33
33,26,33,25
33,26,25,26
33,27,33,33
33,27,33,34
33,27,34,35
33,27,35,27
33,28,33,33
33,28,33,34
33,28,34,26
33,28,26,27
33,28,27,28
33,29,33,33
33,29,33,34
33,29,34,35
33,29,35,36
33,29,36,28
33,29,28,29
33,30,33,33
33,30,33,34
33,30,34,35
33,30,35,27
33,30,27,28
33,30,28,29
33,30,29,30
33,31,33,33
33,31,33,34
33,31,34,35
33,31,35,27
33,31,27,28
33,31,28,29
33,31,29,30
33,31,30,31
33,32,33,33
33,32,33,32
33,34,33,33
33,34,33,34
33,35,33,33
33,35,33,34
33,35,34,35
33,36,33,33
33,36,33,34
33,36,34,35
33,36,35,36
33,37,33,33
33,37,33,34
33,37,34,35
33,37,35,36
33,37,36,37
33,38,33,33
33,38,33,34
33,38,34,35
33,38,35,36
33,38,36,37
33,38,37,38
33,39,33,33
33,39,33,34
33,39,34,35
33,39,35,36
33,39,36,37
33,39,37,38
33,39,38,39
33,40,33,33
33,40,33,32
33,40,32,40
33,41,33,33
33,41,33,41
33,42,33,33
33,42,33,34
33,42,34,42
33,43,33,33
33,43,33,34
33,43,34,35
33,43,35,43
33,44,33,33
33,44,33,34
33,44,34,35
33,44,35,36
33,44,36,44
33,45,33,33
33,45,33,34
33,45,34,35
33,45,35,36
33,45,36,37
33,45,37,45
33,46,33,33
33,46,33,34
33,46,34,35
33,46,35,36
33,46,36,37
33,46,37,38
33,46,38,46
33,47,33,33
33,47,33,34
33,47,34,35
33,47,35,36
33,47,36,37
33,47,37,38
33,47,38,39
33,47,39,47
33,48,33,33
33,48,33,32
33,48,32,40
33,48,40,48
33,49,33,33
33,49,33,41
33,49,41,49
33,50,33,33
33,50,33,34
33,50,34,42
33,50,42,50
33,51,33,33
33,51,33,34
33,51,34,35
33,51,35,43
33,51,43,51
33,52,33,33
33,52,33,34
33,52,34,35
33,52,35,36
33,52,36,44
33,52,44,52
33,53,33,33
33,53,33,34
33,53,34,35
33,53,35,36
33,53,36,37
33,53,37,45
33,53,45,53
33,54,33,33
33,54,33,34
33,54,34,35
33,54,35,36
33,54,36,37
33,54,37,38
33,54,38,46
33,54,46,54
33,55,33,33
33,55,33,34
33,55,34,35
33,55,35,36
33,55,36,37
33,55,37,38
33,55,38,39
33,55,39,47
33,55,47,55
33,56,33,33
33,56,33,32
33,56,32,40
33,56,40,48
33,56,48,56
33,57,33,33
33,57,33,41
33,57,41,49
33,57,49,57
33,58,33,33
33,58,33,34
33,58,34,42
33,58,42,50
33,58,50,58
33,59,33,33
33,59,33,34
33,59,34,35
33,59,35,43
33,59,43,51
33,59,51,59
33,60,33,33
33,60,33,34
33,60,34,35
33,60,35,36
33,60,36,44
33,60,44,52
33,60,52,60
33,61,33,33
33,61,33,34
33,61,34,35
33,61,35,36
33,61,36,37
33,61,37,45
33,61,45,53
33,61,53,61
33,62,33,33
33,62,33,34
33,62,34,35
33,62,35,36
33,62,36,37
33,62,37,38
33,62,38,46
33,62,46,54
33,62,54,62
33,63,33,33
33,63,33,34
33,63,34,35
33,63,35,36
33,63,36,37
33,63,37,38
33,63,38,39
33,63,39,47
33,63,47,55
33,63,55,63
34,0,34,34
34,0,34,26
34,0,26,18
34,0,18,10
34,0,10,2
34,0,2,1
34,0,1,0
34,1,34,34
34,1,34,26
34,1,26,18
34,1,18,10
34,1,10,2
34,1,2,1
34,2,34,34
34,2,34,26
34,2,26,18
34,2,18,10
34,2,10,2
34,3,34,34
34,3,34,26
34,3,26,18
34,3,18,10
34,3,10,2
34,3,2,3
34,4,34,34
34,4,34,26
34,4,26,18
34,4,18,10
34,4,10,2
34,4,2,3
34,4,3,4
34,5,34,34
34,5,34,26
34,5,26,18
34,5,18,10
34,5,10,2
34,5,2,3
34,5,3,4
34,5,4,5
34,6,34,34
34,6,34,26
34,6,26,18
34,6,18,10
34,6,10,2
34,6,2,3
34,6,3,4
34,6,4,5
34,6,5,6
34,7,34,34
34,7,34,26
34,7,26,18
34,7,18,10
34,7,10,2
34,7,2,3
34,7,3,4
34,7,4,5
34,7,5,6
34,7,6,7
34,8,34,34
34,8,34,26
34,8,26,18
34,8,18,10
34,8,10,9
34,8,9,8
34,9,34,34
34,9,34,26
34,9,26,18
34,9,18,10
34,9,10,9
34,10,34,34
34,10,34,26
34,10,26,18
34,10,18,10
34,11,34,34
34,11,34,26
34,11,26,18
34,11,18,10
34,11,10,11
34,12,34,34
34,12,34,26
34,12,26,18
34,12,18,10
34,12,10,11
34,12,11,12
34,13,34,34
34,13,34,35
34,13,35,36
34,13,36,37
34,13,37,29
34,13,29,21
34,13,21,13
34,14,34,34
34,14,34,26
34,14,26,18
34,14,18,10
34,14,10,11
34,14,11,12
34,14,12,13
34,14,13,14
34,15,34,34
34,15,34,26
34,15,26,18
34,15,18,10
34,15,10,11
34,15,11,12
34,15,12,13
34,15,13,14
34,15,14,15
34,16,34,34
34,16,34,33
34,16,33,32
34,16,32,24
34,16,24,16
34,17,34,34
34,17,34,33
34,17,33,25
34,17,25,17
34,18,34,34
34,18,34,26
34,18,26,18
34,19,34,34
34,19,34,35
34,19,35,27
34,19,27,19
34,20,34,34
34,20,34,26
34,20,26,18
34,20,18,19
34,20,19,20
34,21,34,34
34,21,34,35
34,21,35,36
34,21,36,37
34,21,37,29
34,21,29,21
34,22,34,34
34,22,34,35
34,22,35,36
34,22,36,37
34,22,37,29
34,22,29,21
34,22,21,22
34,23,34,34
34,23,34,26
34,23,26,18
34,23,18,19
34,23,19,20
34,23,20,21
34,23,21,22
34,23,22,23
34,24,34,34
34,24,34,26
34,24,26,25
34,24,25,24
34,25,34,34
34,25,34,26
34,25,26,25
34,26,34,34
34,26,34,26
34,27,34,34
34,27,34,26
34,27,26,27
34,28,34,34
34,28,34,35
34,28,35,36
34,28,36,28
34,29,34,34
34,29,34,35
34,29,35,27
34,29,27,28
34,29,28,29
34,30,34,34
34,30,34,35
34,30,35,27
34,30,27,28
34,30,28,29
34,30,29,30
34,31,34,34
34,31,34,35
34,31,35,27
34,31,27,28
34,31,28,29
34,31,29,30
34,31,30,31
34,32,34,34
34,32,34,33
34,32,33,32
34,33,34,34
34,33,34,33
34,35,34,34
34,35,34,35
34,36,34,34
34,36,34,35
34,36,35,36
34,37,34,34
34,37,34,35
34,37,35,36
34,37,36,37
34,38,34,34
34,38,34,35
34,38,35,36
34,38,36,37
34,38,37,38
34,39,34,34
34,39,34,35
34,39,35,36
34,39,36,37
34,39,37,38
34,39,38,39
34,40,34,34
34,40,34,33
34,40,33,32
34,40,32,40
34,41,34,34
34,41,34,33
34,41,33,41
34,42,34,34
34,42,34,42
34,43,34,34
34,43,34,35
34,43,35,43
34,44,34,34
34,44,34,35
34,44,35,36
34,44,36,44
34,45,34,34
34,45,34,35
34,45,35,36
34,45,36,37
34,45,37,45
34,46,34,34
34,46,34,35
34,46,35,36
34,46,36,37
34,46,37,38
34,46,38,46
34,47,34,34
34,47,34,35
34,47,35,36
34,47,36,37
34,47,37,38
34,47,38,39
34,47,39,47
34,48,34,34
34,48,34,33
34,48,33,32
34,48,32,40
34,48,40,48
34,49,34,34
34,49,34,33
34,49,33,41
34,49,41,49
34,50,34,34
34,50,34,42
34,50,42,50
34,51,34,34
34,51,34,35
34,51,35,43
34,51,43,51
34,52,34,34
34,52,34,35
34,52,35,36
34,52,36,44
34,52,44,52
34,53,34,34
34,53,34,35
34,53,35,36
34,53,36,37
34,53,37,45
34,53,45,53
34,54,34,34
34,54,34,35
34,54,35,36
34,54,36,37
34,54,37,38
34,54,38,46
34,54,46,54
34,55,34,34
34,55,34,35
34,55,35,36
34,55,36,37
34,55,37,38
34,55,38,39
34,55,39,47
34,55,47,55
34,56,34,34
34,56,34,33
34,56,33,32
34,56,32,40
34,56,40,48
34,56,48,56
34,57,34,34
34,57,34,33
34,57,33,41
34,57,41,49
34,57,49,57
34,58,34,34
34,58,34,42
34,58,42,50
34,58,50,58
34,59,34,34
34,59,34,35
34,59,35,43
34,59,43,51
34,59,51,59
34,60,34,34
34,60,34,35
34,60,35,36
34,60,36,44
34,60,44,52
34,60,52,60
34,61,34,34
34,61,34,35
34,61,35,36
34,61,36,37
34,61,37,45
34,61,45,53
34,61,53,61
34,62,34,34
34,62,34,35
34,62,35,36
34,62,36,37
34,62,37,38
34,62,38,46
34,62,46,54
34,62,54,62
34,63,34,34
34,63,34,35
34,63,35,36
34,63,36,37
34,63,37,38
34,63,38,39
34,63,39,47
34,63,47,55
34,63,55,63
35,0,35,35
35,0,35,27
35,0,27,19
35,0,19,11
35,0,11,3
35,0,3,2
35,0,2,1
35,0,1,0
35,1,35,35
35,1,35,27
35,1,27,19
35,1,19,11
35,1,11,3
35,1,3,2
35,1,2,1
35,2,35,35
35,2,35,27
35,2,27,19
35,2,19,11
35,2,11,3
35,2,3,2
35,3,35,35
35,3,35,27
35,3,27,19
35,3,19,11
35,3,11,3
35,4,35,35
35,4,35,27
35,4,27,19
35,4,19,11
35,4,11,3
35,4,3,4
35,5,35,35
35,5,35,27
35,5,27,19
35,5,19,11
35,5,11,3
35,5,3,4
35,5,4,5
35,6,35,35
35,6,35,27
35,6,27,19
35,6,19,11
35,6,11,3
35,6,3,4
35,6,4,5
35,6,5,6
35,7,35,35
35,7,35,27
35,7,27,19
35,7,19,11
35,7,11,3
35,7,3,4
35,7,4,5
35,7,5,6
35,7,6,7
35,8,35,35
35,8,35,27
35,8,27,19
35,8,19,11
35,8,11,10
35,8,10,9
35,8,9,8
35,9,35,35
35,9,35,27
35,9,27,19
35,9,19,11
35,9,11,10
35,9,10,9
35,10,35,35
35,10,35,27
35,10,27,19
35,10,19,11
35,10,11,10
35,11,35,35
35,11,35,27
35,11,27,19
35,11,19,11
35,12,35,35
35,12,35,27
35,12,27,19
35,12,19,11
35,12,11,12
35,13,35,35
35,13,35,27
35,13,27,19
35,13,19,11
35,13,11,12
35,13,12,13
35,14,35,35
35,14,35,27
35,14,27,19
35,14,19,11
35,14,11,12
35,14,12,13
35,14,13,14
35,15,35,35
35,15,35,27
35,15,27,19
35,15,19,11
35,15,11,12
35,15,12,13
35,15,13,14
35,15,14,15
35,16,35,35
35,16,35,27
35,16,27,19
35,16,19,18
35,16,18,17
35,16,17,16
35,17,35,35
35,17,35,27
35,17,27,19
35,17,19,18
35,17,18,17
35,18,35,35
35,18,35,34
35,18,34,26
35,18,26,18
35,19,35,35
35,19,35,27
35,19,27,19
35,20,35,35
35,20,35,36
35,20,36,28
35,20,28,20
35,21,35,35
35,21,35,27
35,21,27,19
35,21,19,20
35,21,20,21
35,22,35,35
35,22,35,27
35,22,27,19
35,22,19,20
35,22,20,21
35,22,21,22
35,23,35,35
35,23,35,27
35,23,27,19
35,23,19,20
35,23,20,21
35,23,21,22
35,23,22,23
35,24,35,35
35,24,35,34
35,24,34,33
35,24,33,25
35,24,25,24
35,25,35,35
35,25,35,34
35,25,34,33
35,25,33,25
35,26,35,35
35,26,35,27
35,26,27,26
35,27,35,35
35,27,35,27
35,28,35,35
35,28,35,27
35,28,27,28
35,29,35,35
35,29,35,36
35,29,36,37
35,29,37,29
35,30,35,35
35,30,35,36
35,30,36,28
35,30,28,29
35,30,29,30
35,31,35,35
35,31,35,36
35,31,36,28
35,31,28,29
35,31,29,30
35,31,30,31
35,32,35,35
35,32,35,34
35,32,34,33
35,32,33,32
35,33,35,35
35,33,35,34
35,33,34,33
35,34,35,35
35,34,35,34
35,36,35,35
35,36,35,36
35,37,35,35
35,37,35,36
35,37,36,37
35,38,35,35
35,38,35,36
35,38,36,37
35,38,37,38
35,39,35,35
35,39,35,36
35,39,36,37
35,39,37,38
35,39,38,39
35,40,35,35
35,40,35,34
35,40,34,33
35,40,33,32
35,40,32,40
35,41,35,35
35,41,35,34
35,41,34,33
35,41,33,41
35,42,35,35
35,42,35,34
35,42,34,42
35,43,35,35
35,43,35,43
35,44,35,35
35,44,35,36
35,44,36,44
35,45,35,35
35,45,35,36
35,45,36,37
35,45,37,45
35,46,35,35
35,46,35,36
35,46,36,37
35,46,37,38
35,46,38,46
35,47,35,35
35,47,35,36
35,47,36,37
35,47,37,38
35,47,38,39
35,47,39,47
35,48,35,35
35,48,35,34
35,48,34,33
35,48,33,32
35,48,32,40
35,48,40,48
35,49,35,35
35,49,35,34
35,49,34,33
35,49,33,41
35,49,41,49
35,50,35,35
35,50,35,34
35,50,34,42
35,50,42,50
35,51,35,35
35,51,35,43
35,51,43,51
35,52,35,35
35,52,35,36
35,52,36,44
35,52,44,52
35,53,35,35
35,53,35,36
35,53,36,37
35,53,37,45
35,53,45,53
35,54,35,35
35,54,35,36
35,54,36,37
35,54,37,38
35,54,38,46
35,54,46,54
35,55,35,35
35,55,35,36
35,55,36,37
35,55,37,38
35,55,38,39
35,55,39,47
35,55,47,55
35,56,35,35
35,56,35,34
35,56,34,33
35,56,33,32
35,56,32,40
35,56,40,48
35,56,48,56
35,57,35,35
35,57,35,34
35,57,34,33
35,57,33,41
35,57,41,49
35,57,49,57
35,58,35,35
35,58,35,34
35,58,34,42
35,58,42,50
35,58,50,58
35,59,35,35
35,59,35,43
35,59,43,51
35,59,51,59
35,60,35,35
35,60,35,36
35,60,36,44
35,60,44,52
35,60,52,60
35,61,35,35
35,61,35,36
35,61,36,37
35,61,37,45
35,61,45,53
35,61,53,61
35,62,35,35
35,62,35,36
35,62,36,37
35,62,37,38
35,62,38,46
35,62,46,54
35,62,54,62
35,63,35,35
35,63,35,36
35,63,36,37
35,63,37,38
35,63,38,39
35,63,39,47
35,63,47,55
35,63,55,63
36,0,36,36
36,0,36,28
36,0,28,20
36,0,20,12
36,0,12,4
36,0,4,3
36,0,3,2
36,0,2,1
36,0,1,0
36,1,36,36
36,1,36,28
36,1,28,20
36,1,20,12
36,1,12,4
36,1,4,3
36,1,3,2
36,1,2,1
36,2,36,36
36,2,36,28
36,2,28,20
36,2,20,12
36,2,12,4
36,2,4,3
36,2,3,2
36,3,36,36
36,3,36,28
36,3,28,20
36,3,20,12
36,3,12,4
36,3,4,3
36,4,36,36
36,4,36,28
36,4,28,20
36,4,20,12
36,4,12,4
36,5,36,36
36,5,36,28
36,5,28,20
36,5,20,12
36,5,12,4
36,5,4,5
36,6,36,36
36,6,36,28
36,6,28,20
36,6,20,12
36,6,12,4
36,6,4,5
36,6,5,6
36,7,36,36
36,7,36,28
36,7,28,20
36,7,20,12
36,7,12,4
36,7,4,5
36,7,5,6
36,7,6,7
36,8,36,36
36,8,36,28
36,8,28,20
36,8,20,12
36,8,12,11
36,8,11,10
36,8,10,9
36,8,9,8
36,9,36,36
36,9,36,28
36,9,28,20
36,9,20,12
36,9,12,11
36,9,11,10
36,9,10,9
36,10,36,36
36,10,36,28
36,10,28,20
36,10,20,12
36,10,12,11
36,10,11,10
36,11,36,36
36,11,36,28
36,11,28,20
36,11,20,12
36,11,12,11
36,12,36,36
36,12,36,28
36,12,28,20
36,12,20,12
36,13,36,36
36,13,36,28
36,13,28,20
36,13,20,12
36,13,12,13
36,14,36,36
36,14,36,28
36,14,28,20
36,14,20,12
36,14,12,13
36,14,13,14
36,15,36,36
36,15,36,28
36,15,28,20
36,15,20,12
36,15,12,13
36,15,13,14
36,15,14,15
36,16,36,36
36,16,36,28
36,16,28,20
36,16,20,19
36,16,19,18
36,16,18,17
36,16,17,16
36,17,36,36
36,17,36,28
36,17,28,20
36,17,20,19
36,17,19,18
36,17,18,17
36,18,36,36
36,18,36,28
36,18,28,20
36,18,20,19
36,18,19,18
36,19,36,36
36,19,36,35
36,19,35,27
36,19,27,19
36,20,36,36
36,20,36,28
36,20,28,20
36,21,36,36
36,21,36,37
36,21,37,29
36,21,29,21
36,22,36,36
36,22,36,28
36,22,28,20
36,22,20,21
36,22,21,22
36,23,36,36
36,23,36,28
36,23,28,20
36,23,20,21
36,23,21,22
36,23,22,23
36,24,36,36
36,24,36,35
36,24,35,27
36,24,27,26
36,24,26,25
36,24,25,24
36,25,36,36
36,25,36,35
36,25,35,27
36,25,27,26
36,25,26,25
36,26,36,36
36,26,36,35
36,26,35,34
36,26,34,26
36,27,36,36
36,27,36,28
36,27,28,27
36,28,36,36
36,28,36,28
36,29,36,36
36,29,36,28
36,29,28,29
36,30,36,36
36,30,36,37
36,30,37,38
36,30,38,30
36,31,36,36
36,31,36,37
36,31,37,38
36,31,38,30
36,31,30,31
36,32,36,36
36,32,36,35
36,32,35,34
36,32,34,33
36,32,33,32
36,33,36,36
36,33,36,35
36,33,35,34
36,33,34,33
36,34,36,36
36,34,36,35
36,34,35,34
36,35,36,36
36,35,36,35
36,37,36,36
36,37,36,37
36,38,36,36
36,38,36,37
36,38,37,38
36,39,36,36
36,39,36,37
36,39,37,38
36,39,38,39
36,40,36,36
36,40,36,35
36,40,35,34
36,40,34,33
36,40,33,32
36,40,32,40
36,41,36,36
36,41,36,35
36,41,35,34
36,41,34,33
36,41,33,41
36,42,36,36
36,42,36,35
36,42,35,34
36,42,34,42
36,43,36,36
36,43,36,35
36,43,35,43
36,44,36,36
36,44,36,44
36,45,36,36
36,45,36,37
36,45,37,45
36,46,36,36
36,46,36,37
36,46,37,38
36,46,38,46
36,47,36,36
36,47,36,37
36,47,37,38
36,47,38,39
36,47,39,47
36,48,36,36
36,48,36,35
36,48,35,34
36,48,34,33
36,48,33,32
36,48,32,40
36,48,40,48
36,49,36,36
36,49,36,35
36,49,35,34
36,49,34,33
36,49,33,41
36,49,41,49
36,50,36,36
36,50,36,35
36,50,35,34
36,50,34,42
36,50,42,50
36,51,36,36
36,51,36,35
36,51,35,43
36,51,43,51
36,52,36,36
36,52,36,44
36,52,44,52
36,53,36,36
36,53,36,37
36,53,37,45
36,53,45,53
36,54,36,36
36,54,36,37
36,54,37,38
36,54,38,46
36,54,46,54
36,55,36,36
36,55,36,37
36,55,37,38
36,55,38,39
36,55,39,47
36,55,47,55
36,56,36,36
36,56,36,35
36,56,35,34
36,56,34,33
36,56,33,32
36,56,32,40
36,56,40,48
36,56,48,56
36,57,36,36
36,57,36,35
36,57,35,34
36,57,34,33
36,57,33,41
36,57,41,49
36,57,49,57
36,58,36,36
36,58,36,35
36,58,35,34
36,58,34,42
36,58,42,50
36,58,50,58
36,59,36,36
36,59,36,35
36,59,35,43
36,59,43,51
36,59,51,59
36,60,36,36
36,60,36,44
36,60,44,52
36,60,52,60
36,61,36,36
36,61,36,37
36,61,37,45
36,61,45,53
36,61,53,61
36,62,36,36
36,62,36,37
36,62,37,38
36,62,38,46
36,62,46,54
36,62,54,62
36,63,36,36
36,63,36,37
36,63,37,38
36,63,38,39
36,63,39,47
36,63,47,55
36,63,55,63
37,0,37,37
37,0,37,29
37,0,29,21
37,0,21,13
37,0,13,5
37,0,5,4
37,0,4,3
37,0,3,2
37,0,2,1
37,0,1,0
37,1,37,37
37,1,37,29
37,1,29,21
37,1,21,13
37,1,13,5
37,1,5,4
37,1,4,3
37,1,3,2
37,1,2,1
37,2,37,37
37,2,37,29
37,2,29,21
37,2,21,13
37,2,13,5
37,2,5,4
37,2,4,3
37,2,3,2
37,3,37,37
37,3,37,29
37,3,29,21
37,3,21,13
37,3,13,5
37,3,5,4
37,3,4,3
37,4,37,37
37,4,37,29
37,4,29,21
37,4,21,13
37,4,13,5
37,4,5,4
37,5,37,37
37,5,37,29
37,5,29,21
37,5,21,13
37,5,13,5
37,6,37,37
37,6,37,29
37,6,29,21
37,6,21,13
37,6,13,5
37,6,5,6
37,7,37,37
37,7,37,29
37,7,29,21
37,7,21,13
37,7,13,5
37,7,5,6
37,7,6,7
37,8,37,37
37,8,37,29
37,8,29,21
37,8,21,13
37,8,13,12
37,8,12,11
37,8,11,10
37,8,10,9
37,8,9,8
37,9,37,37
37,9,37,29
37,9,29,21
37,9,21,13
37,9,13,12
37,9,12,11
37,9,11,10
37,9,10,9
37,10,37,37
37,10,37,36
37,10,36,35
37,10,35,34
37,10,34,26
37,10,26,18
37,10,18,10
37,11,37,37
37,11,37,29
37,11,29,21
37,11,21,13
37,11,13,12
37,11,12,11
37,12,37,37
37,12,37,29
37,12,29,21
37,12,21,13
37,12,13,12
37,13,37,37
37,13,37,29
37,13,29,21
37,13,21,13
37,14,37,37
37,14,37,29
37,14,29,21
37,14,21,13
37,14,13,14
37,15,37,37
37,15,37,29
37,15,29,21
37,15,21,13
37,15,13,14
37,15,14,15
37,16,37,37
37,16,37,29
37,16,29,21
37,16,21,20
37,16,20,19
37,16,19,18
37,16,18,17
37,16,17,16
37,17,37,37
37,17,37,36
37,17,36,35
37,17,35,34
37,17,34,26
37,17,26,18
37,17,18,17
37,18,37,37
37,18,37,36
37,18,36,35
37,18,35,34
37,18,34,26
37,18,26,18
37,19,37,37
37,19,37,29
37,19,29,21
37,19,21,20
37,19,20,19
37,20,37,37
37,20,37,36
37,20,36,28
37,20,28,20
37,21,37,37
37,21,37,29
37,21,29,21
37,22,37,37
37,22,37,38
37,22,38,30
37,22,30,22
37,23,37,37
37,23,37,38
37,23,38,39
37,23,39,31
37,23,31,23
37,24,37,37
37,24,37,36
37,24,36,28
37,24,28,27
37,24,27,26
37,24,26,25
37,24,25,24
37,25,37,37
37,25,37,36
37,25,36,28
37,25,28,27
37,25,27,26
37,25,26,25
37,26,37,37
37,26,37,36
37,26,36,28
37,26,28,27
37,26,27,26
37,27,37,37
37,27,37,36
37,27,36,35
37,27,35,27
37,28,37,37
37,28,37,29
37,28,29,28
37,29,37,37
37,29,37,29
37,30,37,37
37,30,37,29
37,30,29,30
37,31,37,37
37,31,37,29
37,31,29,30
37,31,30,31
37,32,37,37
37,32,37,36
37,32,36,35
37,32,35,34
37,32,34,33
37,32,33,32
37,33,37,37
37,33,37,36
37,33,36,35
37,33,35,34
37,33,34,33
37,34,37,37
37,34,37,36
37,34,36,35
37,34,35,34
37,35,37,37
37,35,37,36
37,35,36,35
37,36,37,37
37,36,37,36
37,38,37,37
37,38,37,38
37,39,37,37
37,39,37,38
37,39,38,39
37,40,37,37
37,40,37,36
37,40,36,35
37,40,35,34
37,40,34,33
37,40,33,32
37,40,32,40
37,41,37,37
37,41,37,36
37,41,36,35
37,41,35,34
37,41,34,33
37,41,33,41
37,42,37,37
37,42,37,36
37,42,36,35
37,42,35,34
37,42,34,42
37,43,37,37
37,43,37,36
37,43,36,35
37,43,35,43
37,44,37,37
37,44,37,36
37,44,36,44
37,45,37,37
37,45,37,45
37,46,37,37
37,46,37,38
37,46,38,46
37,47,37,37
37,47,37,38
37,47,38,39
37,47,39,47
37,48,37,37
37,48,37,36
37,48,36,35
37,48,35,34
37,48,34,33
37,48,33,32
37,48,32,40
37,48,40,48
37,49,37,37
37,49,37,36
37,49,36,35
37,49,35,34
37,49,34,33
37,49,33,41
37,49,41,49
37,50,37,37
37,50,37,36
37,50,36,35
37,50,35,34
37,50,34,42
37,50,42,50
37,51,37,37
37,51,37,36
37,51,36,35
37,51,35,43
37,51,43,51
37,52,37,37
37,52,37,36
37,52,36,44
37,52,44,52
37,53,37,37
37,53,37,45
37,53,45,53
37,54,37,37
37,54,37,38
37,54,38,46
37,54,46,54
37,55,37,37
37,55,37,38
37,55,38,39
37,55,39,47
37,55,47,55
37,56,37,37
37,56,37,36
37,56,36,35
37,56,35,34
37,56,34,33
37,56,33,32
37,56,32,40
37,56,40,48
37,56,48,56
37,57,37,37
37,57,37,36
37,57,36,35
37,57,35,34
37,57,34,33
37,57,33,41
37,57,41,49
37,57,49,57
37,58,37,37
37,58,37,36
37,58,36,35
37,58,35,34
37,58,34,42
37,58,42,50
37,58,50,58
37,59,37,37
37,59,37,36
37,59,36,35
37,59,35,43
37,59,43,51
37,59,51,59
37,60,37,37
37,60,37,36
37,60,36,44
37,60,44,52
37,60,52,60
37,61,37,37
37,61,37,45
37,61,45,53
37,61,53,61
37,62,37,37
37,62,37,38
37,62,38,46
37,62,46,54
37,62,54,62
37,63,37,37
37,63,37,38
37,63,38,39
37,63,39,47
37,63,47,55
37,63,55,63
38,0,38,38
38,0,38,30
38,0,30,22
38,0,22,14
38,0,14,6
38,0,6,5
38,0,5,4
38,0,4,3
38,0,3,2
38,0,2,1
38,0,1,0
38,1,38,38
38,1,38,30
38,1,30,22
38,1,22,14
38,1,14,6
38,1,6,5
38,1,5,4
38,1,4,3
38,1,3,2
38,1,2,1
38,2,38,38
38,2,38,30
38,2,30,22
38,2,22,14
38,2,14,6
38,2,6,5
38,2,5,4
38,2,4,3
38,2,3,2
38,3,38,38
38,3,38,30
38,3,30,22
38,3,22,14
38,3,14,6
38,3,6,5
38,3,5,4
38,3,4,3
38,4,38,38
38,4,38,37
38,4,37,36
38,4,36,28
38,4,28,20
38,4,20,12
38,4,12,4
38,5,38,38
38,5,38,30
38,5,30,22
38,5,22,14
38,5,14,6
38,5,6,5
38,6,38,38
38,6,38,30
38,6,30,22
38,6,22,14
38,6,14,6
38,7,38,38
38,7,38,39
38,7,39,31
38,7,31,23
38,7,23,15
38,7,15,7
38,8,38,38
38,8,38,30
38,8,30,22
38,8,22,14
38,8,14,13
38,8,13,12
38,8,12,11
38,8,11,10
38,8,10,9
38,8,9,8
38,9,38,38
38,9,38,30
38,9,30,22
38,9,22,14
38,9,14,13
38,9,13,12
38,9,12,11
38,9,11,10
38,9,10,9
38,10,38,38
38,10,38,30
38,10,30,22
38,10,22,14
38,10,14,13
38,10,13,12
38,10,12,11
38,10,11,10
38,11,38,38
38,11,38,30
38,11,30,22
38,11,22,14
38,11,14,13
38,11,13,12
38,11,12,11
38,12,38,38
38,12,38,37
38,12,37,36
38,12,36,28
38,12,28,20
38,12,20,12
38,13,38,38
38,13,38,30
38,13,30,22
38,13,22,14
38,13,14,13
38,14,38,38
38,14,38,30
38,14,30,22
38,14,22,14
38,15,38,38
38,15,38,39
38,15,39,31
38,15,31,23
38,15,23,15
38,16,38,38
38,16,38,37
38,16,37,29
38,16,29,21
38,16,21,20
38,16,20,19
38,16,19,18
38,16,18,17
38,16,17,16
38,17,38,38
38,17,38,37
38,17,37,29
38,17,29,21
38,17,21,20
38,17,20,19
38,17,19,18
38,17,18,17
38,18,38,38
38,18,38,37
38,18,37,29
38,18,29,21
38,18,21,20
38,18,20,19
38,18,19,18
38,19,38,38
38,19,38,37
38,19,37,36
38,19,36,35
38,19,35,27
38,19,27,19
38,20,38,38
38,20,38,30
38,20,30,22
38,20,22,21
38,20,21,20
38,21,38,38
38,21,38,37
38,21,37,29
38,21,29,21
38,22,38,38
38,22,38,30
38,22,30,22
38,23,38,38
38,23,38,30
38,23,30,22
38,23,22,23
38,24,38,38
38,24,38,37
38,24,37,36
38,24,36,28
38,24,28,27
38,24,27,26
38,24,26,25
38,24,25,24
38,25,38,38
38,25,38,37
38,25,37,36
38,25,36,28
38,25,28,27
38,25,27,26
38,25,26,25
38,26,38,38
38,26,38,37
38,26,37,36
38,26,36,35
38,26,35,27
38,26,27,26
38,27,38,38
38,27,38,37
38,27,37,29
38,27,29,28
38,27,28,27
38,28,38,38
38,28,38,37
38,28,37,36
38,28,36,28
38,29,38,38
38,29,38,30
38,29,30,29
38,30,38,38
38,30,38,30
38,31,38,38
38,31,38,30
38,31,30,31
38,32,38,38
38,32,38,37
38,32,37,36
38,32,36,35
38,32,35,34
38,32,34,33
38,32,33,32
38,33,38,38
38,33,38,37
38,33,37,36
38,33,36,35
38,33,35,34
38,33,34,33
38,34,38,38
38,34,38,37
38,34,37,36
38,34,36,35
38,34,35,34
38,35,38,38
38,35,38,37
38,35,37,36
38,35,36,35
38,36,38,38
38,36,38,37
38,36,37,36
38,37,38,38
38,37,38,37
38,39,38,38
38,39,38,39
38,40,38,38
38,40,38,37
38,40,37,36
38,40,36,35
38,40,35,34
38,40,34,33
38,40,33,32
38,40,32,40
38,41,38,38
38,41,38,37
38,41,37,36
38,41,36,35
38,41,35,34
38,41,34,33
38,41,33,41
38,42,38,38
38,42,38,37
38,42,37,36
38,42,36,35
38,42,35,34
38,42,34,42
38,43,38,38
38,43,38,37
38,43,37,36
38,43,36,35
38,43,35,43
38,44,38,38
38,44,38,37
38,44,37,36
38,44,36,44
38,45,38,38
38,45,38,37
38,45,37,45
38,46,38,38
38,46,38,46
38,47,38,38
38,47,38,39
38,47,39,47
38,48,38,38
38,48,38,37
38,48,37,36
38,48,36,35
38,48,35,34
38,48,34,33
38,48,33,32
38,48,32,40
38,48,40,48
38,49,38,38
38,49,38,37
38,49,37,36
38,49,36,35
38,49,35,34
38,49,34,33
38,49,33,41
38,49,41,49
38,50,38,38
38,50,38,37
38,50,37,36
38,50,36,35
38,50,35,34
38,50,34,42
38,50,42,50
38,51,38,38
38,51,38,37
38,51,37,36
38,51,36,35
38,51,35,43
38,51,43,51
38,52,38,38
38,52,38,37
38,52,37,36
38,52,36,44
38,52,44,52
38,53,38,38
38,53,38,37
38,53,37,45
38,53,45,53
38,54,38,38
38,54,38,46
38,54,46,54
38,55,38,38
38,55,38,39
38,55,39,47
38,55,47,55
38,56,38,38
38,56,38,37
38,56,37,36
38,56,36,35
38,56,35,34
38,56,34,33
38,56,33,32
38,56,32,40
38,56,40,48
38,56,48,56
38,57,38,38
38,57,38,37
38,57,37,36
38,57,36,35
38,57,35,34
38,57,34,33
38,57,33,41
38,57,41,49
38,57,49,57
38,58,38,38
38,58,38,37
38,58,37,36
38,58,36,35
38,58,35,34
38,58,34,42
38,58,42,50
38,58,50,58
38,59,38,38
38,59,38,37
38,59,37,36
38,59,36,35
38,59,35,43
38,59,43,51
38,59,51,59
38,60,38,38
38,60,38,37
38,60,37,36
38,60,36,44
38,60,44,52
38,60,52,60
38,61,38,38
38,61,38,37
38,61,37,45
38,61,45,53
38,61,53,61
38,62,38,38
38,62,38,46
38,62,46,54
38,62,54,62
38,63,38,38
38,63,38,39
38,63,39,47
38,63,47,55
38,63,55,63
39,0,39,39
39,0,39,31
39,0,31,23
39,0,23,15
39,0,15,7
39,0,7,6
39,0,6,5
39,0,5,4
39,0,4,3
39,0,3,2
39,0,2,1
39,0,1,0
39,1,39,39
39,1,39,31
39,1,31,23
39,1,23,15
39,1,15,7
39,1,7,6
39,1,6,5
39,1,5,4
39,1,4,3
39,1,3,2
39,1,2,1
39,2,39,39
39,2,39,31
39,2,31,23
39,2,23,15
39,2,15,7
39,2,7,6
39,2,6,5
39,2,5,4
39,2,4,3
39,2,3,2
39,3,39,39
39,3,39,31
39,3,31,23
39,3,23,15
39,3,15,7
39,3,7,6
39,3,6,5
39,3,5,4
39,3,4,3
39,4,39,39
39,4,39,38
39,4,38,37
39,4,37,36
39,4,36,28
39,4,28,20
39,4,20,12
39,4,12,4
39,5,39,39
39,5,39,31
39,5,31,23
39,5,23,15
39,5,15,7
39,5,7,6
39,5,6,5
39,6,39,39
39,6,39,31
39,6,31,23
39,6,23,15
39,6,15,7
39,6,7,6
39,7,39,39
39,7,39,31
39,7,31,23
39,7,23,15
39,7,15,7
39,8,39,39
39,8,39,38
39,8,38,30
39,8,30,22
39,8,22,14
39,8,14,13
39,8,13,12
39,8,12,11
39,8,11,10
39,8,10,9
39,8,9,8
39,9,39,39
39,9,39,38
39,9,38,30
39,9,30,22
39,9,22,14
39,9,14,13
39,9,13,12
39,9,12,11
39,9,11,10
39,9,10,9
39,10,39,39
39,10,39,38
39,10,38,37
39,10,37,36
39,10,36,35
39,10,35,34
39,10,34,26
39,10,26,18
39,10,18,10
39,11,39,39
39,11,39,38
39,11,38,30
39,11,30,22
39,11,22,14
39,11,14,13
39,11,13,12
39,11,12,11
39,12,39,39
39,12,39,38
39,12,38,37
39,12,37,36
39,12,36,28
39,12,28,20
39,12,20,12
39,13,39,39
39,13,39,38
39,13,38,37
39,13,37,29
39,13,29,21
39,13,21,13
39,14,39,39
39,14,39,31
39,14,31,23
39,14,23,15
39,14,15,14
39,15,39,39
39,15,39,31
39,15,31,23
39,15,23,15
39,16,39,39
39,16,39,38
39,16,38,37
39,16,37,29
39,16,29,21
39,16,21,20
39,16,20,19
39,16,19,18
39,16,18,17
39,16,17,16
39,17,39,39
39,17,39,38
39,17,38,37
39,17,37,36
39,17,36,35
39,17,35,34
39,17,34,26
39,17,26,18
39,17,18,17
39,18,39,39
39,18,39,38
39,18,38,37
39,18,37,36
39,18,36,35
39,18,35,34
39,18,34,26
39,18,26,18
39,19,39,39
39,19,39,38
39,19,38,37
39,19,37,36
39,19,36,35
39,19,35,27
39,19,27,19
39,20,39,39
39,20,39,38
39,20,38,37
39,20,37,36
39,20,36,28
39,20,28,20
39,21,39,39
39,21,39,31
39,21,31,23
39,21,23,22
39,21,22,21
39,22,39,39
39,22,39,38
39,22,38,30
39,22,30,22
39,23,39,39
39,23,39,31
39,23,31,23
39,24,39,39
39,24,39,38
39,24,38,37
39,24,37,36
39,24,36,28
39,24,28,27
39,24,27,26
39,24,26,25
39,24,25,24
39,25,39,39
39,25,39,38
39,25,38,37
39,25,37,36
39,25,36,28
39,25,28,27
39,25,27,26
39,25,26,25
39,26,39,39
39,26,39,38
39,26,38,37
39,26,37,36
39,26,36,35
39,26,35,27
39,26,27,26
39,27,39,39
39,27,39,38
39,27,38,37
39,27,37,36
39,27,36,28
39,27,28,27
39,28,39,39
39,28,39,38
39,28,38,30
39,28,30,29
39,28,29,28
39,29,39,39
39,29,39,38
39,29,38,37
39,29,37,29
39,30,39,39
39,30,39,31
39,30,31,30
39,31,39,39
39,31,39,31
39,32,39,39
39,32,39,38
39,32,38,37
39,32,37,36
39,32,36,35
39,32,35,34
39,32,34,33
39,32,33,32
39,33,39,39
39,33,39,38
39,33,38,37
39,33,37,36
39,33,36,35
39,33,35,34
39,33,34,33
39,34,39,39
39,34,39,38
39,34,38,37
39,34,37,36
39,34,36,35
39,34,35,34
39,35,39,39
39,35,39,38
39,35,38,37
39,35,37,36
39,35,36,35
39,36,39,39
39,36,39,38
39,36,38,37
39,36,37,36
39,37,39,39
39,37,39,38
39,37,38,37
39,38,39,39
39,38,39,38
39,40,39,39
39,40,39,38
39,40,38,37
39,40,37,36
39,40,36,35
39,40,35,34
39,40,34,33
39,40,33,32
39,40,32,40
39,41,39,39
39,41,39,38
39,41,38,37
39,41,37,36
39,41,36,35
39,41,35,34
39,41,34,33
39,41,33,41
39,42,39,39
39,42,39,38
39,42,38,37
39,42,37,36
39,42,36,35
39,42,35,34
39,42,34,42
39,43,39,39
39,43,39,38
39,43,38,37
39,43,37,36
39,43,36,35
39,43,35,43
39,44,39,39
39,44,39,38
39,44,38,37
39,44,37,36
39,44,36,44
39,45,39,39
39,45,39,38
39,45,38,37
39,45,37,45
39,46,39,39
39,46,39,38
39,46,38,46
39,47,39,39
39,47,39,47
39,48,39,39
39,48,39,38
39,48,38,37
39,48,37,36
39,48,36,35
39,48,35,34
39,48,34,33
39,48,33,32
39,48,32,40
39,48,40,48
39,49,39,39
39,49,39,38
39,49,38,37
39,49,37,36
39,49,36,35
39,49,35,34
39,49,34,33
39,49,33,41
39,49,41,49
39,50,39,39
39,50,39,38
39,50,38,37
39,50,37,36
39,50,36,35
39,50,35,34
39,50,34,42
39,50,42,50
39,51,39,39
39,51,39,38
39,51,38,37
39,51,37,36
39,51,36,35
39,51,35,43
39,51,43,51
39,52,39,39
39,52,39,38
39,52,38,37
39,52,37,36
39,52,36,44
39,52,44,52
39,53,39,39
39,53,39,38
39,53,38,37
39,53,37,45
39,53,45,53
39,54,39,39
39,54,39,38
39,54,38,46
39,54,46,54
39,55,39,39
39,55,39,47
39,55,47,55
39,56,39,39
39,56,39,38
39,56,38,37
39,56,37,36
39,56,36,35
39,56,35,34
39,56,34,33
39,56,33,32
39,56,32,40
39,56,40,48
39,56,48,56
39,57,39,39
39,57,39,38
39,57,38,37
39,57,37,36
39,57,36,35
39,57,35,34
39,57,34,33
39,57,33,41
39,57,41,49
39,57,49,57
39,58,39,39
39,58,39,38
39,58,38,37
39,58,37,36
39,58,36,35
39,58,35,34
39,58,34,42
39,58,42,50
39,58,50,58
39,59,39,39
39,59,39,38
39,59,38,37
39,59,37,36
39,59,36,35
39,59,35,43
39,59,43,51
39,59,51,59
39,60,39,39
39,60,39,38
39,60,38,37
39,60,37,36
39,60,36,44
39,60,44,52
39,60,52,60
39,61,39,39
39,61,39,38
39,61,38,37
39,61,37,45
39,61,45,53
39,61,53,61
39,62,39,39
39,62,39,38
39,62,38,46
39,62,46,54
39,62,54,62
39,63,39,39
39,63,39,47
39,63,47,55
39,63,55,63
40,0,40,40
40,0,40,32
40,0,32,24
40,0,24,16
40,0,16,8
40,0,8,0
40,1,40,40
40,1,40,41
40,1,41,33
40,1,33,25
40,1,25,17
40,1,17,9
40,1,9,1
40,2,40,40
40,2,40,41
40,2,41,42
40,2,42,34
40,2,34,26
40,2,26,18
40,2,18,10
40,2,10,2
40,3,40,40
40,3,40,41
40,3,41,42
40,3,42,43
40,3,43,35
40,3,35,27
40,3,27,19
40,3,19,11
40,3,11,3
40,4,40,40
40,4,40,32
40,4,32,24
40,4,24,16
40,4,16,8
40,4,8,0
40,4,0,1
40,4,1,2
40,4,2,3
40,4,3,4
40,5,40,40
40,5,40,32
40,5,32,24
40,5,24,16
40,5,16,8
40,5,8,0
40,5,0,1
40,5,1,2
40,5,2,3
40,5,3,4
40,5,4,5
40,6,40,40
40,6,40,32
40,6,32,24
40,6,24,16
40,6,16,8
40,6,8,0
40,6,0,1
40,6,1,2
40,6,2,3
40,6,3,4
40,6,4,5
40,6,5,6
40,7,40,40
40,7,40,32
40,7,32,24
40,7,24,16
40,7,16,8
40,7,8,0
40,7,0,1
40,7,1,2
40,7,2,3
40,7,3,4
40,7,4,5
40,7,5,6
40,7,6,7
40,8,40,40
40,8,40,32
40,8,32,24
40,8,24,16
40,8,16,8
40,9,40,40
40,9,40,41
40,9,41,33
40,9,33,25
40,9,25,17
40,9,17,9
40,10,40,40
40,10,40,41
40,10,41,42
40,10,42,34
40,10,34,26
40,10,26,18
40,10,18,10
40,11,40,40
40,11,40,41
40,11,41,42
40,11,42,43
40,11,43,35
40,11,35,27
40,11,27,19
40,11,19,11
40,12,40,40
40,12,40,41
40,12,41,33
40,12,33,25
40,12,25,17
40,12,17,9
40,12,9,10
40,12,10,11
40,12,11,12
40,13,40,40
40,13,40,41
40,13,41,42
40,13,42,43
40,13,43,44
40,13,44,45
40,13,45,37
40,13,37,29
40,13,29,21
40,13,21,13
40,14,40,40
40,14,40,41
40,14,41,33
40,14,33,25
40,14,25,17
40,14,17,9
40,14,9,10
40,14,10,11
40,14,11,12
40,14,12,13
40,14,13,14
40,15,40,40
40,15,40,41
40,15,41,33
40,15,33,25
40,15,25,17
40,15,17,9
40,15,9,10
40,15,10,11
40,15,11,12
40,15,12,13
40,15,13,14
40,15,14,15
40,16,40,40
40,16,40,32
40,16,32,24
40,16,24,16
40,17,40,40
40,17,40,32
40,17,32,24
40,17,24,16
40,17,16,17
40,18,40,40
40,18,40,41
40,18,41,42
40,18,42,34
40,18,34,26
40,18,26,18
40,19,40,40
40,19,40,41
40,19,41,42
40,19,42,43
40,19,43,35
40,19,35,27
40,19,27,19
40,20,40,40
40,20,40,41
40,20,41,42
40,20,42,43
40,20,43,44
40,20,44,36
40,20,36,28
40,20,28,20
40,21,40,40
40,21,40,41
40,21,41,42
40,21,42,43
40,21,43,44
40,21,44,45
40,21,45,37
40,21,37,29
40,21,29,21
40,22,40,40
40,22,40,41
40,22,41,42
40,22,42,43
40,22,43,44
40,22,44,45
40,22,45,46
40,22,46,38
40,22,38,30
40,22,30,22
40,23,40,40
40,23,40,41
40,23,41,42
40,23,42,34
40,23,34,26
40,23,26,18
40,23,18,19
40,23,19,20
40,23,20,21
40,23,21,22
40,23,22,23
40,24,40,40
40,24,40,32
40,24,32,24
40,25,40,40
40,25,40,41
40,25,41,33
40,25,33,25
40,26,40,40
40,26,40,32
40,26,32,24
40,26,24,25
40,26,25,26
40,27,40,40
40,27,40,41
40,27,41,42
40,27,42,43
40,27,43,35
40,27,35,27
40,28,40,40
40,28,40,41
40,28,41,42
40,28,42,43
40,28,43,44
40,28,44,36
40,28,36,28
40,29,40,40
40,29,40,41
40,29,41,42
40,29,42,43
40,29,43,44
40,29,44,45
40,29,45,37
40,29,37,29
40,30,40,40
40,30,40,41
40,30,41,42
40,30,42,43
40,30,43,35
40,30,35,27
40,30,27,28
40,30,28,29
40,30,29,30
40,31,40,40
40,31,40,41
40,31,41,42
40,31,42,43
40,31,43,35
40,31,35,27
40,31,27,28
40,31,28,29
40,31,29,30
40,31,30,31
40,32,40,40
40,32,40,32
40,33,40,40
40,33,40,32
40,33,32,33
40,34,40,40
40,34,40,41
40,34,41,42
40,34,42,34
40,35,40,40
40,35,40,41
40,35,41,33
40,35,33,34
40,35,34,35
40,36,40,40
40,36,40,41
40,36,41,42
40,36,42,43
40,36,43,35
40,36,35,36
40,37,40,40
40,37,40,41
40,37,41,42
40,37,42,43
40,37,43,44
40,37,44,36
40,37,36,37
40,38,40,40
40,38,40,41
40,38,41,42
40,38,42,43
40,38,43,44
40,38,44,45
40,38,45,37
40,38,37,38
40,39,40,40
40,39,40,41
40,39,41,42
40,39,42,43
40,39,43,44
40,39,44,45
40,39,45,37
40,39,37,38
40,39,38,39
40,41,40,40
40,41,40,41
40,42,40,40
40,42,40,41
40,42,41,42
40,43,40,40
40,43,40,41
40,43,41,42
40,43,42,43
40,44,40,40
40,44,40,41
40,44,41,42
40,44,42,43
40,44,43,44
40,45,40,40
40,45,40,41
40,45,41,42
40,45,42,43
40,45,43,44
40,45,44,45
40,46,40,40
40,46,40,41
40,46,41,42
40,46,42,43
40,46,43,44
40,46,44,45
40,46,45,46
40,47,40,40
40,47,40,41
40,47,41,42
40,47,42,43
40,47,43,44
40,47,44,45
40,47,45,46
40,47,46,47
40,48,40,40
40,48,40,48
40,49,40,40
40,49,40,41
40,49,41,49
40,50,40,40
40,50,40,41
40,50,41,42
40,50,42,50
40,51,40,40
40,51,40,41
40,51,41,42
40,51,42,43
40,51,43,51
40,52,40,40
40,52,40,41
40,52,41,42
40,52,42,43
40,52,43,44
40,52,44,52
40,53,40,40
40,53,40,41
40,53,41,42
40,53,42,43
40,53,43,44
40,53,44,45
40,53,45,53
40,54,40,40
40,54,40,41
40,54,41,42
40,54,42,43
40,54,43,44
40,54,44,45
40,54,45,46
40,54,46,54
40,55,40,40
40,55,40,41
40,55,41,42
40,55,42,43
40,55,43,44
40,55,44,45
40,55,45,46
40,55,46,47
40,55,47,55
40,56,40,40
40,56,40,48
40,56,48,56
40,57,40,40
40,57,40,41
40,57,41,49
40,57,49,57
40,58,40,40
40,58,40,41
40,58,41,42
40,58,42,50
40,58,50,58
40,59,40,40
40,59,40,41
40,59,41,42
40,59,42,43
40,59,43,51
40,59,51,59
40,60,40,40
40,60,40,41
40,60,41,42
40,60,42,43
40,60,43,44
40,60,44,52
40,60,52,60
40,61,40,40
40,61,40,41
40,61,41,42
40,61,42,43
40,61,43,44
40,61,44,45
40,61,45,53
40,61,53,61
40,62,40,40
40,62,40,41
40,62,41,42
40,62,42,43
40,62,43,44
40,62,44,45
40,62,45,46
40,62,46,54
40,62,54,62
40,63,40,40
40,63,40,41
40,63,41,42
40,63,42,43
40,63,43,44
40,63,44,45
40,63,45,46
40,63,46,47
40,63,47,55
40,63,55,63
41,0,41,41
41,0,41,33
41,0,33,25
41,0,25,17
41,0,17,9
41,0,9,1
41,0,1,0
41,1,41,41
41,1,41,33
41,1,33,25
41,1,25,17
41,1,17,9
41,1,9,1
41,2,41,41
41,2,41,33
41,2,33,25
41,2,25,17
41,2,17,9
41,2,9,1
41,2,1,2
41,3,41,41
41,3,41,33
41,3,33,25
41,3,25,17
41,3,17,9
41,3,9,1
41,3,1,2
41,3,2,3
41,4,41,41
41,4,41,42
41,4,42,43
41,4,43,44
41,4,44,36
41,4,36,28
41,4,28,20
41,4,20,12
41,4,12,4
41,5,41,41
41,5,41,42
41,5,42,43
41,5,43,44
41,5,44,45
41,5,45,37
41,5,37,29
41,5,29,21
41,5,21,13
41,5,13,5
41,6,41,41
41,6,41,42
41,6,42,43
41,6,43,44
41,6,44,45
41,6,45,37
41,6,37,29
41,6,29,21
41,6,21,13
41,6,13,5
41,6,5,6
41,7,41,41
41,7,41,42
41,7,42,43
41,7,43,44
41,7,44,45
41,7,45,37
41,7,37,29
41,7,29,21
41,7,21,13
41,7,13,5
41,7,5,6
41,7,6,7
41,8,41,41
41,8,41,33
41,8,33,25
41,8,25,17
41,8,17,9
41,8,9,8
41,9,41,41
41,9,41,33
41,9,33,25
41,9,25,17
41,9,17,9
41,10,41,41
41,10,41,42
41,10,42,34
41,10,34,26
41,10,26,18
41,10,18,10
41,11,41,41
41,11,41,33
41,11,33,25
41,11,25,17
41,11,17,9
41,11,9,10
41,11,10,11
41,12,41,41
41,12,41,42
41,12,42,43
41,12,43,44
41,12,44,36
41,12,36,28
41,12,28,20
41,12,20,12
41,13,41,41
41,13,41,42
41,13,42,43
41,13,43,44
41,13,44,45
41,13,45,37
41,13,37,29
41,13,29,21
41,13,21,13
41,14,41,41
41,14,41,42
41,14,42,43
41,14,43,44
41,14,44,45
41,14,45,37
41,14,37,29
41,14,29,21
41,14,21,13
41,14,13,14
41,15,41,41
41,15,41,42
41,15,42,43
41,15,43,44
41,15,44,45
41,15,45,37
41,15,37,29
41,15,29,21
41,15,21,13
41,15,13,14
41,15,14,15
41,16,41,41
41,16,41,40
41,16,40,32
41,16,32,24
41,16,24,16
41,17,41,41
41,17,41,33
41,17,33,25
41,17,25,17
41,18,41,41
41,18,41,33
41,18,33,25
41,18,25,17
41,18,17,18
41,19,41,41
41,19,41,42
41,19,42,43
41,19,43,35
41,19,35,27
41,19,27,19
41,20,41,41
41,20,41,42
41,20,42,43
41,20,43,44
41,20,44,36
41,20,36,28
41,20,28,20
41,21,41,41
41,21,41,42
41,21,42,43
41,21,43,44
41,21,44,45
41,21,45,37
41,21,37,29
41,21,29,21
41,22,41,41
41,22,41,42
41,22,42,43
41,22,43,44
41,22,44,45
41,22,45,46
41,22,46,38
41,22,38,30
41,22,30,22
41,23,41,41
41,23,41,42
41,23,42,43
41,23,43,44
41,23,44,45
41,23,45,37
41,23,37,29
41,23,29,21
41,23,21,22
41,23,22,23
41,24,41,41
41,24,41,33
41,24,33,25
41,24,25,24
41,25,41,41
41,25,41,33
41,25,33,25
41,26,41,41
41,26,41,42
41,26,42,34
41,26,34,26
41,27,41,41
41,27,41,33
41,27,33,25
41,27,25,26
41,27,26,27
41,28,41,41
41,28,41,42
41,28,42,43
41,28,43,44
41,28,44,36
41,28,36,28
41,29,41,41
41,29,41,42
41,29,42,43
41,29,43,44
41,29,44,45
41,29,45,37
41,29,37,29
41,30,41,41
41,30,41,42
41,30,42,43
41,30,43,44
41,30,44,45
41,30,45,37
41,30,37,29
41,30,29,30
41,31,41,41
41,31,41,42
41,31,42,43
41,31,43,44
41,31,44,45
41,31,45,37
41,31,37,29
41,31,29,30
41,31,30,31
41,32,41,41
41,32,41,33
41,32,33,32
41,33,41,41
41,33,41,33
41,34,41,41
41,34,41,33
41,34,33,34
41,35,41,41
41,35,41,42
41,35,42,43
41,35,43,35
41,36,41,41
41,36,41,42
41,36,42,34
41,36,34,35
41,36,35,36
41,37,41,41
41,37,41,42
41,37,42,43
41,37,43,44
41,37,44,36
41,37,36,37
41,38,41,41
41,38,41,42
41,38,42,43
41,38,43,35
41,38,35,36
41,38,36,37
41,38,37,38
41,39,41,41
41,39,41,42
41,39,42,43
41,39,43,35
41,39,35,36
41,39,36,37
41,39,37,38
41,39,38,39
41,40,41,41
41,40,41,40
41,42,41,41
41,42,41,42
41,43,41,41
41,43,41,42
41,43,42,43
41,44,41,41
41,44,41,42
41,44,42,43
41,44,43,44
41,45,41,41
41,45,41,42
41,45,42,43
41,45,43,44
41,45,44,45
41,46,41,41
41,46,41,42
41,46,42,43
41,46,43,44
41,46,44,45
41,46,45,46
41,47,41,41
41,47,41,42
41,47,42,43
41,47,43,44
41,47,44,45
41,47,45,46
41,47,46,47
41,48,41,41
41,48,41,40
41,48,40,48
41,49,41,41
41,49,41,49
41,50,41,41
41,50,41,42
41,50,42,50
41,51,41,41
41,51,41,42
41,51,42,43
41,51,43,51
41,52,41,41
41,52,41,42
41,52,42,43
41,52,43,44
41,52,44,52
41,53,41,41
41,53,41,42
41,53,42,43
41,53,43,44
41,53,44,45
41,53,45,53
41,54,41,41
41,54,41,42
41,54,42,43
41,54,43,44
41,54,44,45
41,54,45,46
41,54,46,54
41,55,41,41
41,55,41,42
41,55,42,43
41,55,43,44
41,55,44,45
41,55,45,46
41,55,46,47
41,55,47,55
41,56,41,41
41,56,41,40
41,56,40,48
41,56,48,56
41,57,41,41
41,57,41,49
41,57,49,57
41,58,41,41
41,58,41,42
41,58,42,50
41,58,50,58
41,59,41,41
41,59,41,42
41,59,42,43
41,59,43,51
41,59,51,59
41,60,41,41
41,60,41,42
41,60,42,43
41,60,43,44
41,60,44,52
41,60,52,60
41,61,41,41
41,61,41,42
41,61,42,43
41,61,43,44
41,61,44,45
41,61,45,53
41,61,53,61
41,62,41,41
41,62,41,42
41,62,42,43
41,62,43,44
41,62,44,45
41,62,45,46
41,62,46,54
41,62,54,62
41,63,41,41
41,63,41,42
41,63,42,43
41,63,43,44
41,63,44,45
41,63,45,46
41,63,46,47
41,63,47,55
41,63,55,63
42,0,42,42
42,0,42,34
42,0,34,26
42,0,26,18
42,0,18,10
42,0,10,2
42,0,2,1
42,0,1,0
42,1,42,42
42,1,42,34
42,1,34,26
42,1,26,18
42,1,18,10
42,1,10,2
42,1,2,1
42,2,42,42
42,2,42,34
42,2,34,26
42,2,26,18
42,2,18,10
42,2,10,2
42,3,42,42
42,3,42,34
42,3,34,26
42,3,26,18
42,3,18,10
42,3,10,2
42,3,2,3
42,4,42,42
42,4,42,43
42,4,43,44
42,4,44,36
42,4,36,28
42,4,28,20
42,4,20,12
42,4,12,4
42,5,42,42
42,5,42,43
42,5,43,44
42,5,44,45
42,5,45,37
42,5,37,29
42,5,29,21
42,5,21,13
42,5,13,5
42,6,42,42
42,6,42,43
42,6,43,44
42,6,44,45
42,6,45,37
42,6,37,29
42,6,29,21
42,6,21,13
42,6,13,5
42,6,5,6
42,7,42,42
42,7,42,43
42,7,43,44
42,7,44,45
42,7,45,37
42,7,37,29
42,7,29,21
42,7,21,13
42,7,13,5
42,7,5,6
42,7,6,7
42,8,42,42
42,8,42,34
42,8,34,26
42,8,26,18
42,8,18,10
42,8,10,9
42,8,9,8
42,9,42,42
42,9,42,34
42,9,34,26
42,9,26,18
42,9,18,10
42,9,10,9
42,10,42,42
42,10,42,34
42,10,34,26
42,10,26,18
42,10,18,10
42,11,42,42
42,11,42,34
42,11,34,26
42,11,26,18
42,11,18,10
42,11,10,11
42,12,42,42
42,12,42,43
42,12,43,44
42,12,44,36
42,12,36,28
42,12,28,20
42,12,20,12
42,13,42,42
42,13,42,34
42,13,34,26
42,13,26,18
42,13,18,10
42,13,10,11
42,13,11,12
42,13,12,13
42,14,42,42
42,14,42,43
42,14,43,44
42,14,44,45
42,14,45,37
42,14,37,29
42,14,29,21
42,14,21,13
42,14,13,14
42,15,42,42
42,15,42,43
42,15,43,44
42,15,44,45
42,15,45,37
42,15,37,29
42,15,29,21
42,15,21,13
42,15,13,14
42,15,14,15
42,16,42,42
42,16,42,34
42,16,34,26
42,16,26,18
42,16,18,17
42,16,17,16
42,17,42,42
42,17,42,34
42,17,34,26
42,17,26,18
42,17,18,17
42,18,42,42
42,18,42,34
42,18,34,26
42,18,26,18
42,19,42,42
42,19,42,34
42,19,34,26
42,19,26,18
42,19,18,19
42,20,42,42
42,20,42,43
42,20,43,44
42,20,44,36
42,20,36,28
42,20,28,20
42,21,42,42
42,21,42,34
42,21,34,26
42,21,26,18
42,21,18,19
42,21,19,20
42,21,20,21
42,22,42,42
42,22,42,34
42,22,34,26
42,22,26,18
42,22,18,19
42,22,19,20
42,22,20,21
42,22,21,22
42,23,42,42
42,23,42,43
42,23,43,44
42,23,44,45
42,23,45,37
42,23,37,29
42,23,29,21
42,23,21,22
42,23,22,23
42,24,42,42
42,24,42,41
42,24,41,40
42,24,40,32
42,24,32,24
42,25,42,42
42,25,42,41
42,25,41,33
42,25,33,25
42,26,42,42
42,26,42,34
42,26,34,26
42,27,42,42
42,27,42,43
42,27,43,35
42,27,35,27
42,28,42,42
42,28,42,34
42,28,34,26
42,28,26,27
42,28,27,28
42,29,42,42
42,29,42,43
42,29,43,44
42,29,44,45
42,29,45,37
42,29,37,29
42,30,42,42
42,30,42,43
42,30,43,44
42,30,44,45
42,30,45,37
42,30,37,29
42,30,29,30
42,31,42,42
42,31,42,43
42,31,43,44
42,31,44,45
42,31,45,37
42,31,37,29
42,31,29,30
42,31,30,31
42,32,42,42
42,32,42,34
42,32,34,33
42,32,33,32
42,33,42,42
42,33,42,34
42,33,34,33
42,34,42,42
42,34,42,34
42,35,42,42
42,35,42,34
42,35,34,35
42,36,42,42
42,36,42,43
42,36,43,44
42,36,44,36
42,37,42,42
42,37,42,43
42,37,43,35
42,37,35,36
42,37,36,37
42,38,42,42
42,38,42,43
42,38,43,35
42,38,35,36
42,38,36,37
42,38,37,38
42,39,42,42
42,39,42,43
42,39,43,35
42,39,35,36
42,39,36,37
42,39,37,38
42,39,38,39
42,40,42,42
42,40,42,41
42,40,41,40
42,41,42,42
42,41,42,41
42,43,42,42
42,43,42,43
42,44,42,42
42,44,42,43
42,44,43,44
42,45,42,42
42,45,42,43
42,45,43,44
42,45,44,45
42,46,42,42
42,46,42,43
42,46,43,44
42,46,44,45
42,46,45,46
42,47,42,42
42,47,42,43
42,47,43,44
42,47,44,45
42,47,45,46
42,47,46,47
42,48,42,42
42,48,42,41
42,48,41,40
42,48,40,48
42,49,42,42
42,49,42,41
42,49,41,49
42,50,42,42
42,50,42,50
42,51,42,42
42,51,42,43
42,51,43,51
42,52,42,42
42,52,42,43
42,52,43,44
42,52,44,52
42,53,42,42
42,53,42,43
42,53,43,44
42,53,44,45
42,53,45,53
42,54,42,42
42,54,42,43
42,54,43,44
42,54,44,45
42,54,45,46
42,54,46,54
42,55,42,42
42,55,42,43
42,55,43,44
42,55,44,45
42,55,45,46
42,55,46,47
42,55,47,55
42,56,42,42
42,56,42,41
42,56,41,40
42,56,40,48
42,56,48,56
42,57,42,42
42,57,42,41
42,57,41,49
42,57,49,57
42,58,42,42
42,58,42,50
42,58,50,58
42,59,42,42
42,59,42,43
42,59,43,51
42,59,51,59
42,60,42,42
42,60,42,43
42,60,43,44
42,60,44,52
42,60,52,60
42,61,42,42
42,61,42,43
42,61,43,44
42,61,44,45
42,61,45,53
42,61,53,61
42,62,42,42
42,62,42,43
42,62,43,44
42,62,44,45
42,62,45,46
42,62,46,54
42,62,54,62
42,63,42,42
42,63,42,43
42,63,43,44
42,63,44,45
42,63,45,46
42,63,46,47
42,63,47,55
42,63,55,63
43,0,43,43
43,0,43,35
43,0,35,27
43,0,27,19
43,0,19,11
43,0,11,3
43,0,3,2
43,0,2,1
43,0,1,0
43,1,43,43
43,1,43,35
43,1,35,27
43,1,27,19
43,1,19,11
43,1,11,3
43,1,3,2
43,1,2,1
43,2,43,43
43,2,43,35
43,2,35,27
43,2,27,19
43,2,19,11
43,2,11,3
43,2,3,2
43,3,43,43
43,3,43,35
43,3,35,27
43,3,27,19
43,3,19,11
43,3,11,3
43,4,43,43
43,4,43,35
43,4,35,27
43,4,27,19
43,4,19,11
43,4,11,3
43,4,3,4
43,5,43,43
43,5,43,35
43,5,35,27
43,5,27,19
43,5,19,11
43,5,11,3
43,5,3,4
43,5,4,5
43,6,43,43
43,6,43,35
43,6,35,27
43,6,27,19
43,6,19,11
43,6,11,3
43,6,3,4
43,6,4,5
43,6,5,6
43,7,43,43
43,7,43,35
43,7,35,27
43,7,27,19
43,7,19,11
43,7,11,3
43,7,3,4
43,7,4,5
43,7,5,6
43,7,6,7
43,8,43,43
43,8,43,35
43,8,35,27
43,8,27,19
43,8,19,11
43,8,11,10
43,8,10,9
43,8,9,8
43,9,43,43
43,9,43,35
43,9,35,27
43,9,27,19
43,9,19,11
43,9,11,10
43,9,10,9
43,10,43,43
43,10,43,35
43,10,35,27
43,10,27,19
43,10,19,11
43,10,11,10
43,11,43,43
43,11,43,35
43,11,35,27
43,11,27,19
43,11,19,11
43,12,43,43
43,12,43,35
43,12,35,27
43,12,27,19
43,12,19,11
43,12,11,12
43,13,43,43
43,13,43,44
43,13,44,45
43,13,45,37
43,13,37,29
43,13,29,21
43,13,21,13
43,14,43,43
43,14,43,35
43,14,35,27
43,14,27,19
43,14,19,11
43,14,11,12
43,14,12,13
43,14,13,14
43,15,43,43
43,15,43,35
43,15,35,27
43,15,27,19
43,15,19,11
43,15,11,12
43,15,12,13
43,15,13,14
43,15,14,15
43,16,43,43
43,16,43,35
43,16,35,27
43,16,27,19
43,16,19,18
43,16,18,17
43,16,17,16
43,17,43,43
43,17,43,35
43,17,35,27
43,17,27,19
43,17,19,18
43,17,18,17
43,18,43,43
43,18,43,35
43,18,35,27
43,18,27,19
43,18,19,18
43,19,43,43
43,19,43,35
43,19,35,27
43,19,27,19
43,20,43,43
43,20,43,35
43,20,35,27
43,20,27,19
43,20,19,20
43,21,43,43
43,21,43,44
43,21,44,45
43,21,45,37
43,21,37,29
43,21,29,21
43,22,43,43
43,22,43,44
43,22,44,45
43,22,45,46
43,22,46,38
43,22,38,30
43,22,30,22
43,23,43,43
43,23,43,35
43,23,35,27
43,23,27,19
43,23,19,20
43,23,20,21
43,23,21,22
43,23,22,23
43,24,43,43
43,24,43,35
43,24,35,27
43,24,27,26
43,24,26,25
43,24,25,24
43,25,43,43
43,25,43,35
43,25,35,27
43,25,27,26
43,25,26,25
43,26,43,43
43,26,43,42
43,26,42,34
43,26,34,26
43,27,43,43
43,27,43,35
43,27,35,27
43,28,43,43
43,28,43,44
43,28,44,36
43,28,36,28
43,29,43,43
43,29,43,35
43,29,35,27
43,29,27,28
43,29,28,29
43,30,43,43
43,30,43,35
43,30,35,27
43,30,27,28
43,30,28,29
43,30,29,30
43,31,43,43
43,31,43,35
43,31,35,27
43,31,27,28
43,31,28,29
43,31,29,30
43,31,30,31
43,32,43,43
43,32,43,42
43,32,42,41
43,32,41,33
43,32,33,32
43,33,43,43
43,33,43,42
43,33,42,41
43,33,41,33
43,34,43,43
43,34,43,35
43,34,35,34
43,35,43,43
43,35,43,35
43,36,43,43
43,36,43,35
43,36,35,36
43,37,43,43
43,37,43,44
43,37,44,45
43,37,45,37
43,38,43,43
43,38,43,44
43,38,44,36
43,38,36,37
43,38,37,38
43,39,43,43
43,39,43,44
43,39,44,36
43,39,36,37
43,39,37,38
43,39,38,39
43,40,43,43
43,40,43,42
43,40,42,41
43,40,41,40
43,41,43,43
43,41,43,42
43,41,42,41
43,42,43,43
43,42,43,42
43,44,43,43
43,44,43,44
43,45,43,43
43,45,43,44
43,45,44,45
43,46,43,43
43,46,43,44
43,46,44,45
43,46,45,46
43,47,43,43
43,47,43,44
43,47,44,45
43,47,45,46
43,47,46,47
43,48,43,43
43,48,43,42
43,48,42,41
43,48,41,40
43,48,40,48
43,49,43,43
43,49,43,42
43,49,42,41
43,49,41,49
43,50,43,43
43,50,43,42
43,50,42,50
43,51,43,43
43,51,43,51
43,52,43,43
43,52,43,44
43,52,44,52
43,53,43,43
43,53,43,44
43,53,44,45
43,53,45,53
43,54,43,43
43,54,43,44
43,54,44,45
43,54,45,46
43,54,46,54
43,55,43,43
43,55,43,44
43,55,44,45
43,55,45,46
43,55,46,47
43,55,47,55
43,56,43,43
43,56,43,42
43,56,42,41
43,56,41,40
43,56,40,48
43,56,48,56
43,57,43,43
43,57,43,42
43,57,42,41
43,57,41,49
43,57,49,57
43,58,43,43
43,58,43,42
43,58,42,50
43,58,50,58
43,59,43,43
43,59,43,51
43,59,51,59
43,60,43,43
43,60,43,44
43,60,44,52
43,60,52,60
43,61,43,43
43,61,43,44
43,61,44,45
43,61,45,53
43,61,53,61
43,62,43,43
43,62,43,44
43,62,44,45
43,62,45,46
43,62,46,54
43,62,54,62
43,63,43,43
43,63,43,44
43,63,44,45
43,63,45,46
43,63,46,47
43,63,47,55
43,63,55,63
44,0,44,44
44,0,44,36
44,0,36,28
44,0,28,20
44,0,20,12
44,0,12,4
44,0,4,3
44,0,3,2
44,0,2,1
44,0,1,0
44,1,44,44
44,1,44,36
44,1,36,28
44,1,28,20
44,1,20,12
44,1,12,4
44,1,4,3
44,1,3,2
44,1,2,1
44,2,44,44
44,2,44,36
44,2,36,28
44,2,28,20
44,2,20,12
44,2,12,4
44,2,4,3
44,2,3,2
44,3,44,44
44,3,44,36
44,3,36,28
44,3,28,20
44,3,20,12
44,3,12,4
44,3,4,3
44,4,44,44
44,4,44,36
44,4,36,28
44,4,28,20
44,4,20,12
44,4,12,4
44,5,44,44
44,5,44,36
44,5,36,28
44,5,28,20
44,5,20,12
44,5,12,4
44,5,4,5
44,6,44,44
44,6,44,36
44,6,36,28
44,6,28,20
44,6,20,12
44,6,12,4
44,6,4,5
44,6,5,6
44,7,44,44
44,7,44,36
44,7,36,28
44,7,28,20
44,7,20,12
44,7,12,4
44,7,4,5
44,7,5,6
44,7,6,7
44,8,44,44
44,8,44,36
44,8,36,28
44,8,28,20
44,8,20,12
44,8,12,11
44,8,11,10
44,8,10,9
44,8,9,8
44,9,44,44
44,9,44,36
44,9,36,28
44,9,28,20
44,9,20,12
44,9,12,11
44,9,11,10
44,9,10,9
44,10,44,44
44,10,44,43
44,10,43,42
44,10,42,34
44,10,34,26
44,10,26,18
44,10,18,10
44,11,44,44
44,11,44,36
44,11,36,28
44,11,28,20
44,11,20,12
44,11,12,11
44,12,44,44
44,12,44,36
44,12,36,28
44,12,28,20
44,12,20,12
44,13,44,44
44,13,44,36
44,13,36,28
44,13,28,20
44,13,20,12
44,13,12,13
44,14,44,44
44,14,44,36
44,14,36,28
44,14,28,20
44,14,20,12
44,14,12,13
44,14,13,14
44,15,44,44
44,15,44,36
44,15,36,28
44,15,28,20
44,15,20,12
44,15,12,13
44,15,13,14
44,15,14,15
44,16,44,44
44,16,44,36
44,16,36,28
44,16,28,20
44,16,20,19
44,16,19,18
44,16,18,17
44,16,17,16
44,17,44,44
44,17,44,43
44,17,43,42
44,17,42,41
44,17,41,33
44,17,33,25
44,17,25,17
44,18,44,44
44,18,44,43
44,18,43,42
44,18,42,34
44,18,34,26
44,18,26,18
44,19,44,44
44,19,44,36
44,19,36,28
44,19,28,20
44,19,20,19
44,20,44,44
44,20,44,36
44,20,36,28
44,20,28,20
44,21,44,44
44,21,44,36
44,21,36,28
44,21,28,20
44,21,20,21
44,22,44,44
44,22,44,36
44,22,36,28
44,22,28,20
44,22,20,21
44,22,21,22
44,23,44,44
44,23,44,36
44,23,36,28
44,23,28,20
44,23,20,21
44,23,21,22
44,23,22,23
44,24,44,44
44,24,44,36
44,24,36,28
44,24,28,27
44,24,27,26
44,24,26,25
44,24,25,24
44,25,44,44
44,25,44,36
44,25,36,28
44,25,28,27
44,25,27,26
44,25,26,25
44,26,44,44
44,26,44,36
44,26,36,28
44,26,28,27
44,26,27,26
44,27,44,44
44,27,44,43
44,27,43,35
44,27,35,27
44,28,44,44
44,28,44,36
44,28,36,28
44,29,44,44
44,29,44,45
44,29,45,37
44,29,37,29
44,30,44,44
44,30,44,36
44,30,36,28
44,30,28,29
44,30,29,30
44,31,44,44
44,31,44,36
44,31,36,28
44,31,28,29
44,31,29,30
44,31,30,31
44,32,44,44
44,32,44,43
44,32,43,35
44,32,35,34
44,32,34,33
44,32,33,32
44,33,44,44
44,33,44,43
44,33,43,35
44,33,35,34
44,33,34,33
44,34,44,44
44,34,44,43
44,34,43,42
44,34,42,34
44,35,44,44
44,35,44,36
44,35,36,35
44,36,44,44
44,36,44,36
44,37,44,44
44,37,44,36
44,37,36,37
44,38,44,44
44,38,44,45
44,38,45,46
44,38,46,38
44,39,44,44
44,39,44,45
44,39,45,46
44,39,46,38
44,39,38,39
44,40,44,44
44,40,44,43
44,40,43,42
44,40,42,41
44,40,41,40
44,41,44,44
44,41,44,43
44,41,43,42
44,41,42,41
44,42,44,44
44,42,44,43
44,42,43,42
44,43,44,44
44,43,44,43
44,45,44,44
44,45,44,45
44,46,44,44
44,46,44,45
44,46,45,46
44,47,44,44
44,47,44,45
44,47,45,46
44,47,46,47
44,48,44,44
44,48,44,43
44,48,43,42
44,48,42,41
44,48,41,40
44,48,40,48
44,49,44,44
44,49,44,43
44,49,43,42
44,49,42,41
44,49,41,49
44,50,44,44
44,50,44,43
44,50,43,42
44,50,42,50
44,51,44,44
44,51,44,43
44,51,43,51
44,52,44,44
44,52,44,52
44,53,44,44
44,53,44,45
44,53,45,53
44,54,44,44
44,54,44,45
44,54,45,46
44,54,46,54
44,55,44,44
44,55,44,45
44,55,45,46
44,55,46,47
44,55,47,55
44,56,44,44
44,56,44,43
44,56,43,42
44,56,42,41
44,56,41,40
44,56,40,48
44,56,48,56
44,57,44,44
44,57,44,43
44,57,43,42
44,57,42,41
44,57,41,49
44,57,49,57
44,58,44,44
44,58,44,43
44,58,43,42
44,58,42,50
44,58,50,58
44,59,44,44
44,59,44,43
44,59,43,51
44,59,51,59
44,60,44,44
44,60,44,52
44,60,52,60
44,61,44,44
44,61,44,45
44,61,45,53
44,61,53,61
44,62,44,44
44,62,44,45
44,62,45,46
44,62,46,54
44,62,54,62
44,63,44,44
44,63,44,45
44,63,45,46
44,63,46,47
44,63,47,55
44,63,55,63
45,0,45,45
45,0,45,44
45,0,44,43
45,0,43,42
45,0,42,34
45,0,34,26
45,0,26,18
45,0,18,10
45,0,10,2
45,0,2,1
45,0,1,0
45,1,45,45
45,1,45,44
45,1,44,43
45,1,43,42
45,1,42,34
45,1,34,26
45,1,26,18
45,1,18,10
45,1,10,2
45,1,2,1
45,2,45,45
45,2,45,44
45,2,44,43
45,2,43,42
45,2,42,34
45,2,34,26
45,2,26,18
45,2,18,10
45,2,10,2
45,3,45,45
45,3,45,44
45,3,44,43
45,3,43,35
45,3,35,27
45,3,27,19
45,3,19,11
45,3,11,3
45,4,45,45
45,4,45,37
45,4,37,29
45,4,29,21
45,4,21,13
45,4,13,5
45,4,5,4
45,5,45,45
45,5,45,37
45,5,37,29
45,5,29,21
45,5,21,13
45,5,13,5
45,6,45,45
45,6,45,37
45,6,37,29
45,6,29,21
45,6,21,13
45,6,13,5
45,6,5,6
45,7,45,45
45,7,45,37
45,7,37,29
45,7,29,21
45,7,21,13
45,7,13,5
45,7,5,6
45,7,6,7
45,8,45,45
45,8,45,44
45,8,44,43
45,8,43,42
45,8,42,34
45,8,34,26
45,8,26,18
45,8,18,10
45,8,10,9
45,8,9,8
45,9,45,45
45,9,45,44
45,9,44,43
45,9,43,42
45,9,42,34
45,9,34,26
45,9,26,18
45,9,18,10
45,9,10,9
45,10,45,45
45,10,45,37
45,10,37,29
45,10,29,21
45,10,21,13
45,10,13,12
45,10,12,11
45,10,11,10
45,11,45,45
45,11,45,44
45,11,44,43
45,11,43,35
45,11,35,27
45,11,27,19
45,11,19,11
45,12,45,45
45,12,45,37
45,12,37,29
45,12,29,21
45,12,21,13
45,12,13,12
45,13,45,45
45,13,45,37
45,13,37,29
45,13,29,21
45,13,21,13
45,14,45,45
45,14,45,37
45,14,37,29
45,14,29,21
45,14,21,13
45,14,13,14
45,15,45,45
45,15,45,37
45,15,37,29
45,15,29,21
45,15,21,13
45,15,13,14
45,15,14,15
45,16,45,45
45,16,45,44
45,16,44,43
45,16,43,42
45,16,42,34
45,16,34,26
45,16,26,18
45,16,18,17
45,16,17,16
45,17,45,45
45,17,45,37
45,17,37,29
45,17,29,21
45,17,21,20
45,17,20,19
45,17,19,18
45,17,18,17
45,18,45,45
45,18,45,37
45,18,37,29
45,18,29,21
45,18,21,20
45,18,20,19
45,18,19,18
45,19,45,45
45,19,45,44
45,19,44,43
45,19,43,35
45,19,35,27
45,19,27,19
45,20,45,45
45,20,45,37
45,20,37,29
45,20,29,21
45,20,21,20
45,21,45,45
45,21,45,37
45,21,37,29
45,21,29,21
45,22,45,45
45,22,45,37
45,22,37,29
45,22,29,21
45,22,21,22
45,23,45,45
45,23,45,37
45,23,37,29
45,23,29,21
45,23,21,22
45,23,22,23
45,24,45,45
45,24,45,44
45,24,44,43
45,24,43,42
45,24,42,34
45,24,34,26
45,24,26,25
45,24,25,24
45,25,45,45
45,25,45,44
45,25,44,43
45,25,43,42
45,25,42,34
45,25,34,26
45,25,26,25
45,26,45,45
45,26,45,44
45,26,44,43
45,26,43,42
45,26,42,34
45,26,34,26
45,27,45,45
45,27,45,37
45,27,37,29
45,27,29,28
45,27,28,27
45,28,45,45
45,28,45,44
45,28,44,36
45,28,36,28
45,29,45,45
45,29,45,37
45,29,37,29
45,30,45,45
45,30,45,46
45,30,46,38
45,30,38,30
45,31,45,45
45,31,45,46
45,31,46,47
45,31,47,39
45,31,39,31
45,32,45,45
45,32,45,44
45,32,44,36
45,32,36,35
45,32,35,34
45,32,34,33
45,32,33,32
45,33,45,45
45,33,45,44
45,33,44,36
45,33,36,35
45,33,35,34
45,33,34,33
45,34,45,45
45,34,45,44
45,34,44,36
45,34,36,35
45,34,35,34
45,35,45,45
45,35,45,44
45,35,44,43
45,35,43,35
45,36,45,45
45,36,45,37
45,36,37,36
45,37,45,45
45,37,45,37
45,38,45,45
45,38,45,37
45,38,37,38
45,39,45,45
45,39,45,37
45,39,37,38
45,39,38,39
45,40,45,45
45,40,45,44
45,40,44,43
45,40,43,42
45,40,42,41
45,40,41,40
45,41,45,45
45,41,45,44
45,41,44,43
45,41,43,42
45,41,42,41
45,42,45,45
45,42,45,44
45,42,44,43
45,42,43,42
45,43,45,45
45,43,45,44
45,43,44,43
45,44,45,45
45,44,45,44
45,46,45,45
45,46,45,46
45,47,45,45
45,47,45,46
45,47,46,47
45,48,45,45
45,48,45,44
45,48,44,43
45,48,43,42
45,48,42,41
45,48,41,40
45,48,40,48
45,49,45,45
45,49,45,44
45,49,44,43
45,49,43,42
45,49,42,41
45,49,41,49
45,50,45,45
45,50,45,44
45,50,44,43
45,50,43,42
45,50,42,50
45,51,45,45
45,51,45,44
45,51,44,43
45,51,43,51
45,52,45,45
45,52,45,44
45,52,44,52
45,53,45,45
45,53,45,53
45,54,45,45
45,54,45,46
45,54,46,54
45,55,45,45
45,55,45,46
45,55,46,47
45,55,47,55
45,56,45,45
45,56,45,44
45,56,44,43
45,56,43,42
45,56,42,41
45,56,41,40
45,56,40,48
45,56,48,56
45,57,45,45
45,57,45,44
45,57,44,43
45,57,43,42
45,57,42,41
45,57,41,49
45,57,49,57
45,58,45,45
45,58,45,44
45,58,44,43
45,58,43,42
45,58,42,50
45,58,50,58
45,59,45,45
45,59,45,44
45,59,44,43
45,59,43,51
45,59,51,59
45,60,45,45
45,60,45,44
45,60,44,52
45,60,52,60
45,61,45,45
45,61,45,53
45,61,53,61
45,62,45,45
45,62,45,46
45,62,46,54
45,62,54,62
45,63,45,45
45,63,45,46
45,63,46,47
45,63,47,55
45,63,55,63
46,0,46,46
46,0,46,45
46,0,45,44
46,0,44,43
46,0,43,42
46,0,42,34
46,0,34,26
46,0,26,18
46,0,18,10
46,0,10,2
46,0,2,1
46,0,1,0
46,1,46,46
46,1,46,45
46,1,45,44
46,1,44,43
46,1,43,42
46,1,42,34
46,1,34,26
46,1,26,18
46,1,18,10
46,1,10,2
46,1,2,1
46,2,46,46
46,2,46,45
46,2,45,44
46,2,44,43
46,2,43,42
46,2,42,34
46,2,34,26
46,2,26,18
46,2,18,10
46,2,10,2
46,3,46,46
46,3,46,45
46,3,45,44
46,3,44,43
46,3,43,35
46,3,35,27
46,3,27,19
46,3,19,11
46,3,11,3
46,4,46,46
46,4,46,38
46,4,38,30
46,4,30,22
46,4,22,14
46,4,14,6
46,4,6,5
46,4,5,4
46,5,46,46
46,5,46,38
46,5,38,30
46,5,30,22
46,5,22,14
46,5,14,6
46,5,6,5
46,6,46,46
46,6,46,38
46,6,38,30
46,6,30,22
46,6,22,14
46,6,14,6
46,7,46,46
46,7,46,38
46,7,38,30
46,7,30,22
46,7,22,14
46,7,14,6
46,7,6,7
46,8,46,46
46,8,46,45
46,8,45,44
46,8,44,43
46,8,43,42
46,8,42,34
46,8,34,26
46,8,26,18
46,8,18,10
46,8,10,9
46,8,9,8
46,9,46,46
46,9,46,45
46,9,45,44
46,9,44,43
46,9,43,42
46,9,42,34
46,9,34,26
46,9,26,18
46,9,18,10
46,9,10,9
46,10,46,46
46,10,46,45
46,10,45,44
46,10,44,43
46,10,43,42
46,10,42,34
46,10,34,26
46,10,26,18
46,10,18,10
46,11,46,46
46,11,46,45
46,11,45,44
46,11,44,43
46,11,43,35
46,11,35,27
46,11,27,19
46,11,19,11
46,12,46,46
46,12,46,38
46,12,38,30
46,12,30,22
46,12,22,14
46,12,14,13
46,12,13,12
46,13,46,46
46,13,46,45
46,13,45,37
46,13,37,29
46,13,29,21
46,13,21,13
46,14,46,46
46,14,46,38
46,14,38,30
46,14,30,22
46,14,22,14
46,15,46,46
46,15,46,38
46,15,38,30
46,15,30,22
46,15,22,14
46,15,14,15
46,16,46,46
46,16,46,45
46,16,45,44
46,16,44,43
46,16,43,42
46,16,42,34
46,16,34,26
46,16,26,18
46,16,18,17
46,16,17,16
46,17,46,46
46,17,46,45
46,17,45,44
46,17,44,43
46,17,43,42
46,17,42,41
46,17,41,33
46,17,33,25
46,17,25,17
46,18,46,46
46,18,46,45
46,18,45,44
46,18,44,43
46,18,43,42
46,18,42,34
46,18,34,26
46,18,26,18
46,19,46,46
46,19,46,45
46,19,45,44
46,19,44,43
46,19,43,35
46,19,35,27
46,19,27,19
46,20,46,46
46,20,46,45
46,20,45,44
46,20,44,36
46,20,36,28
46,20,28,20
46,21,46,46
46,21,46,38
46,21,38,30
46,21,30,22
46,21,22,21
46,22,46,46
46,22,46,38
46,22,38,30
46,22,30,22
46,23,46,46
46,23,46,47
46,23,47,39
46,23,39,31
46,23,31,23
46,24,46,46
46,24,46,45
46,24,45,44
46,24,44,43
46,24,43,42
46,24,42,34
46,24,34,26
46,24,26,25
46,24,25,24
46,25,46,46
46,25,46,45
46,25,45,44
46,25,44,43
46,25,43,42
46,25,42,34
46,25,34,26
46,25,26,25
46,26,46,46
46,26,46,45
46,26,45,44
46,26,44,43
46,26,43,42
46,26,42,34
46,26,34,26
46,27,46,46
46,27,46,45
46,27,45,44
46,27,44,43
46,27,43,35
46,27,35,27
46,28,46,46
46,28,46,38
46,28,38,30
46,28,30,29
46,28,29,28
46,29,46,46
46,29,46,45
46,29,45,37
46,29,37,29
46,30,46,46
46,30,46,38
46,30,38,30
46,31,46,46
46,31,46,38
46,31,38,30
46,31,30,31
46,32,46,46
46,32,46,45
46,32,45,44
46,32,44,36
46,32,36,35
46,32,35,34
46,32,34,33
46,32,33,32
46,33,46,46
46,33,46,45
46,33,45,44
46,33,44,36
46,33,36,35
46,33,35,34
46,33,34,33
46,34,46,46
46,34,46,45
46,34,45,44
46,34,44,43
46,34,43,35
46,34,35,34
46,35,46,46
46,35,46,45
46,35,45,37
46,35,37,36
46,35,36,35
46,36,46,46
46,36,46,45
46,36,45,44
46,36,44,36
46,37,46,46
46,37,46,38
46,37,38,37
46,38,46,46
46,38,46,38
46,39,46,46
46,39,46,38
46,39,38,39
46,40,46,46
46,40,46,45
46,40,45,44
46,40,44,43
46,40,43,42
46,40,42,41
46,40,41,40
46,41,46,46
46,41,46,45
46,41,45,44
46,41,44,43
46,41,43,42
46,41,42,41
46,42,46,46
46,42,46,45
46,42,45,44
46,42,44,43
46,42,43,42
46,43,46,46
46,43,46,45
46,43,45,44
46,43,44,43
46,44,46,46
46,44,46,45
46,44,45,44
46,45,46,46
46,45,46,45
46,47,46,46
46,47,46,47
46,48,46,46
46,48,46,45
46,48,45,44
46,48,44,43
46,48,43,42
46,48,42,41
46,48,41,40
46,48,40,48
46,49,46,46
46,49,46,45
46,49,45,44
46,49,44,43
46,49,43,42
46,49,42,41
46,49,41,49
46,50,46,46
46,50,46,45
46,50,45,44
46,50,44,43
46,50,43,42
46,50,42,50
46,51,46,46
46,51,46,45
46,51,45,44
46,51,44,43
46,51,43,51
46,52,46,46
46,52,46,45
46,52,45,44
46,52,44,52
46,53,46,46
46,53,46,45
46,53,45,53
46,54,46,46
46,54,46,54
46,55,46,46
46,55,46,47
46,55,47,55
46,56,46,46
46,56,46,45
46,56,45,44
46,56,44,43
46,56,43,42
46,56,42,41
46,56,41,40
46,56,40,48
46,56,48,56
46,57,46,46
46,57,46,45
46,57,45,44
46,57,44,43
46,57,43,42
46,57,42,41
46,57,41,49
46,57,49,57
46,58,46,46
46,58,46,45
46,58,45,44
46,58,44,43
46,58,43,42
46,58,42,50
46,58,50,58
46,59,46,46
46,59,46,45
46,59,45,44
46,59,44,43
46,59,43,51
46,59,51,59
46,60,46,46
46,60,46,45
46,60,45,44
46,60,44,52
46,60,52,60
46,61,46,46
46,61,46,45
46,61,45,53
46,61,53,61
46,62,46,46
46,62,46,54
46,62,54,62
46,63,46,46
46,63,46,47
46,63,47,55
46,63,55,63
47,0,47,47
47,0,47,39
47,0,39,31
47,0,31,23
47,0,23,15
47,0,15,7
47,0,7,6
47,0,6,5
47,0,5,4
47,0,4,3
47,0,3,2
47,0,2,1
47,0,1,0
47,1,47,47
47,1,47,39
47,1,39,31
47,1,31,23
47,1,23,15
47,1,15,7
47,1,7,6
47,1,6,5
47,1,5,4
47,1,4,3
47,1,3,2
47,1,2,1
47,2,47,47
47,2,47,39
47,2,39,31
47,2,31,23
47,2,23,15
47,2,15,7
47,2,7,6
47,2,6,5
47,2,5,4
47,2,4,3
47,2,3,2
47,3,47,47
47,3,47,39
47,3,39,31
47,3,31,23
47,3,23,15
47,3,15,7
47,3,7,6
47,3,6,5
47,3,5,4
47,3,4,3
47,4,47,47
47,4,47,46
47,4,46,45
47,4,45,44
47,4,44,36
47,4,36,28
47,4,28,20
47,4,20,12
47,4,12,4
47,5,47,47
47,5,47,46
47,5,46,45
47,5,45,37
47,5,37,29
47,5,29,21
47,5,21,13
47,5,13,5
47,6,47,47
47,6,47,46
47,6,46,38
47,6,38,30
47,6,30,22
47,6,22,14
47,6,14,6
47,7,47,47
47,7,47,39
47,7,39,31
47,7,31,23
47,7,23,15
47,7,15,7
47,8,47,47
47,8,47,46
47,8,46,38
47,8,38,30
47,8,30,22
47,8,22,14
47,8,14,13
47,8,13,12
47,8,12,11
47,8,11,10
47,8,10,9
47,8,9,8
47,9,47,47
47,9,47,46
47,9,46,38
47,9,38,30
47,9,30,22
47,9,22,14
47,9,14,13
47,9,13,12
47,9,12,11
47,9,11,10
47,9,10,9
47,10,47,47
47,10,47,46
47,10,46,45
47,10,45,44
47,10,44,43
47,10,43,42
47,10,42,34
47,10,34,26
47,10,26,18
47,10,18,10
47,11,47,47
47,11,47,46
47,11,46,38
47,11,38,30
47,11,30,22
47,11,22,14
47,11,14,13
47,11,13,12
47,11,12,11
47,12,47,47
47,12,47,46
47,12,46,45
47,12,45,44
47,12,44,36
47,12,36,28
47,12,28,20
47,12,20,12
47,13,47,47
47,13,47,46
47,13,46,45
47,13,45,37
47,13,37,29
47,13,29,21
47,13,21,13
47,14,47,47
47,14,47,46
47,14,46,38
47,14,38,30
47,14,30,22
47,14,22,14
47,15,47,47
47,15,47,39
47,15,39,31
47,15,31,23
47,15,23,15
47,16,47,47
47,16,47,46
47,16,46,45
47,16,45,37
47,16,37,29
47,16,29,21
47,16,21,20
47,16,20,19
47,16,19,18
47,16,18,17
47,16,17,16
47,17,47,47
47,17,47,46
47,17,46,45
47,17,45,44
47,17,44,43
47,17,43,42
47,17,42,41
47,17,41,33
47,17,33,25
47,17,25,17
47,18,47,47
47,18,47,46
47,18,46,45
47,18,45,44
47,18,44,43
47,18,43,42
47,18,42,34
47,18,34,26
47,18,26,18
47,19,47,47
47,19,47,46
47,19,46,45
47,19,45,44
47,19,44,43
47,19,43,35
47,19,35,27
47,19,27,19
47,20,47,47
47,20,47,46
47,20,46,45
47,20,45,44
47,20,44,36
47,20,36,28
47,20,28,20
47,21,47,47
47,21,47,46
47,21,46,45
47,21,45,37
47,21,37,29
47,21,29,21
47,22,47,47
47,22,47,39
47,22,39,31
47,22,31,23
47,22,23,22
47,23,47,47
47,23,47,39
47,23,39,31
47,23,31,23
47,24,47,47
47,24,47,46
47,24,46,45
47,24,45,44
47,24,44,36
47,24,36,28
47,24,28,27
47,24,27,26
47,24,26,25
47,24,25,24
47,25,47,47
47,25,47,46
47,25,46,45
47,25,45,44
47,25,44,36
47,25,36,28
47,25,28,27
47,25,27,26
47,25,26,25
47,26,47,47
47,26,47,46
47,26,46,45
47,26,45,44
47,26,44,43
47,26,43,42
47,26,42,34
47,26,34,26
47,27,47,47
47,27,47,46
47,27,46,45
47,27,45,44
47,27,44,43
47,27,43,35
47,27,35,27
47,28,47,47
47,28,47,46
47,28,46,45
47,28,45,44
47,28,44,36
47,28,36,28
47,29,47,47
47,29,47,39
47,29,39,31
47,29,31,30
47,29,30,29
47,30,47,47
47,30,47,46
47,30,46,38
47,30,38,30
47,31,47,47
47,31,47,39
47,31,39,31
47,32,47,47
47,32,47,46
47,32,46,45
47,32,45,44
47,32,44,43
47,32,43,42
47,32,42,34
47,32,34,33
47,32,33,32
47,33,47,47
47,33,47,46
47,33,46,45
47,33,45,44
47,33,44,43
47,33,43,42
47,33,42,34
47,33,34,33
47,34,47,47
47,34,47,46
47,34,46,45
47,34,45,44
47,34,44,43
47,34,43,35
47,34,35,34
47,35,47,47
47,35,47,46
47,35,46,45
47,35,45,44
47,35,44,36
47,35,36,35
47,36,47,47
47,36,47,46
47,36,46,38
47,36,38,37
47,36,37,36
47,37,47,47
47,37,47,46
47,37,46,45
47,37,45,37
47,38,47,47
47,38,47,39
47,38,39,38
47,39,47,47
47,39,47,39
47,40,47,47
47,40,47,46
47,40,46,45
47,40,45,44
47,40,44,43
47,40,43,42
47,40,42,41
47,40,41,40
47,41,47,47
47,41,47,46
47,41,46,45
47,41,45,44
47,41,44,43
47,41,43,42
47,41,42,41
47,42,47,47
47,42,47,46
47,42,46,45
47,42,45,44
47,42,44,43
47,42,43,42
47,43,47,47
47,43,47,46
47,43,46,45
47,43,45,44
47,43,44,43
47,44,47,47
47,44,47,46
47,44,46,45
47,44,45,44
47,45,47,47
47,45,47,46
47,45,46,45
47,46,47,47
47,46,47,46
47,48,47,47
47,48,47,46
47,48,46,45
47,48,45,44
47,48,44,43
47,48,43,42
47,48,42,41
47,48,41,40
47,48,40,48
47,49,47,47
47,49,47,46
47,49,46,45
47,49,45,44
47,49,44,43
47,49,43,42
47,49,42,41
47,49,41,49
47,50,47,47
47,50,47,46
47,50,46,45
47,50,45,44
47,50,44,43
47,50,43,42
47,50,42,50
47,51,47,47
47,51,47,46
47,51,46,45
47,51,45,44
47,51,44,43
47,51,43,51
47,52,47,47
47,52,47,46
47,52,46,45
47,52,45,44
47,52,44,52
47,53,47,47
47,53,47,46
47,53,46,45
47,53,45,53
47,54,47,47
47,54,47,46
47,54,46,54
47,55,47,47
47,55,47,55
47,56,47,47
47,56,47,46
47,56,46,45
47,56,45,44
47,56,44,43
47,56,43,42
47,56,42,41
47,56,41,40
47,56,40,48
47,56,48,56
47,57,47,47
47,57,47,46
47,57,46,45
47,57,45,44
47,57,44,43
47,57,43,42
47,57,42,41
47,57,41,49
47,57,49,57
47,58,47,47
47,58,47,46
47,58,46,45
47,58,45,44
47,58,44,43
47,58,43,42
47,58,42,50
47,58,50,58
47,59,47,47
47,59,47,46
47,59,46,45
47,59,45,44
47,59,44,43
47,59,43,51
47,59,51,59
47,60,47,47
47,60,47,46
47,60,46,45
47,60,45,44
47,60,44,52
47,60,52,60
47,61,47,47
47,61,47,46
47,61,46,45
47,61,45,53
47,61,53,61
47,62,47,47
47,62,47,46
47,62,46,54
47,62,54,62
47,63,47,47
47,63,47,55
47,63,55,63
48,0,48,48
48,0,48,40
48,0,40,32
48,0,32,24
48,0,24,16
48,0,16,8
48,0,8,0
48,1,48,48
48,1,48,49
48,1,49,41
48,1,41,33
48,1,33,25
48,1,25,17
48,1,17,9
48,1,9,1
48,2,48,48
48,2,48,49
48,2,49,50
48,2,50,42
48,2,42,34
48,2,34,26
48,2,26,18
48,2,18,10
48,2,10,2
48,3,48,48
48,3,48,49
48,3,49,50
48,3,50,51
48,3,51,43
48,3,43,35
48,3,35,27
48,3,27,19
48,3,19,11
48,3,11,3
48,4,48,48
48,4,48,40
48,4,40,32
48,4,32,24
48,4,24,16
48,4,16,8
48,4,8,0
48,4,0,1
48,4,1,2
48,4,2,3
48,4,3,4
48,5,48,48
48,5,48,40
48,5,40,32
48,5,32,24
48,5,24,16
48,5,16,8
48,5,8,0
48,5,0,1
48,5,1,2
48,5,2,3
48,5,3,4
48,5,4,5
48,6,48,48
48,6,48,40
48,6,40,32
48,6,32,24
48,6,24,16
48,6,16,8
48,6,8,0
48,6,0,1
48,6,1,2
48,6,2,3
48,6,3,4
48,6,4,5
48,6,5,6
48,7,48,48
48,7,48,40
48,7,40,32
48,7,32,24
48,7,24,16
48,7,16,8
48,7,8,0
48,7,0,1
48,7,1,2
48,7,2,3
48,7,3,4
48,7,4,5
48,7,5,6
48,7,6,7
48,8,48,48
48,8,48,40
48,8,40,32
48,8,32,24
48,8,24,16
48,8,16,8
48,9,48,48
48,9,48,49
48,9,49,41
48,9,41,33
48,9,33,25
48,9,25,17
48,9,17,9
48,10,48,48
48,10,48,49
48,10,49,50
48,10,50,42
48,10,42,34
48,10,34,26
48,10,26,18
48,10,18,10
48,11,48,48
48,11,48,49
48,11,49,50
48,11,50,51
48,11,51,43
48,11,43,35
48,11,35,27
48,11,27,19
48,11,19,11
48,12,48,48
48,12,48,49
48,12,49,41
48,12,41,33
48,12,33,25
48,12,25,17
48,12,17,9
48,12,9,10
48,12,10,11
48,12,11,12
48,13,48,48
48,13,48,49
48,13,49,50
48,13,50,51
48,13,51,52
48,13,52,53
48,13,53,45
48,13,45,37
48,13,37,29
48,13,29,21
48,13,21,13
48,14,48,48
48,14,48,49
48,14,49,41
48,14,41,33
48,14,33,25
48,14,25,17
48,14,17,9
48,14,9,10
48,14,10,11
48,14,11,12
48,14,12,13
48,14,13,14
48,15,48,48
48,15,48,49
48,15,49,41
48,15,41,33
48,15,33,25
48,15,25,17
48,15,17,9
48,15,9,10
48,15,10,11
48,15,11,12
48,15,12,13
48,15,13,14
48,15,14,15
48,16,48,48
48,16,48,40
48,16,40,32
48,16,32,24
48,16,24,16
48,17,48,48
48,17,48,40
48,17,40,32
48,17,32,24
48,17,24,16
48,17,16,17
48,18,48,48
48,18,48,49
48,18,49,50
48,18,50,42
48,18,42,34
48,18,34,26
48,18,26,18
48,19,48,48
48,19,48,49
48,19,49,50
48,19,50,51
48,19,51,43
48,19,43,35
48,19,35,27
48,19,27,19
48,20,48,48
48,20,48,49
48,20,49,50
48,20,50,51
48,20,51,52
48,20,52,44
48,20,44,36
48,20,36,28
48,20,28,20
48,21,48,48
48,21,48,49
48,21,49,50
48,21,50,51
48,21,51,52
48,21,52,53
48,21,53,45
48,21,45,37
48,21,37,29
48,21,29,21
48,22,48,48
48,22,48,49
48,22,49,50
48,22,50,51
48,22,51,52
48,22,52,53
48,22,53,54
48,22,54,46
48,22,46,38
48,22,38,30
48,22,30,22
48,23,48,48
48,23,48,49
48,23,49,50
48,23,50,42
48,23,42,34
48,23,34,26
48,23,26,18
48,23,18,19
48,23,19,20
48,23,20,21
48,23,21,22
48,23,22,23
48,24,48,48
48,24,48,40
48,24,40,32
48,24,32,24
48,25,48,48
48,25,48,49
48,25,49,41
48,25,41,33
48,25,33,25
48,26,48,48
48,26,48,40
48,26,40,32
48,26,32,24
48,26,24,25
48,26,25,26
48,27,48,48
48,27,48,49
48,27,49,50
48,27,50,51
48,27,51,43
48,27,43,35
48,27,35,27
48,28,48,48
48,28,48,49
48,28,49,50
48,28,50,51
48,28,51,52
48,28,52,44
48,28,44,36
48,28,36,28
48,29,48,48
48,29,48,49
48,29,49,50
48,29,50,51
48,29,51,52
48,29,52,53
48,29,53,45
48,29,45,37
48,29,37,29
48,30,48,48
48,30,48,49
48,30,49,50
48,30,50,51
48,30,51,43
48,30,43,35
48,30,35,27
48,30,27,28
48,30,28,29
48,30,29,30
48,31,48,48
48,31,48,49
48,31,49,50
48,31,50,51
48,31,51,43
48,31,43,35
48,31,35,27
48,31,27,28
48,31,28,29
48,31,29,30
48,31,30,31
48,32,48,48
48,32,48,40
48,32,40,32
48,33,48,48
48,33,48,49
48,33,49,41
48,33,41,33
48,34,48,48
48,34,48,49
48,34,49,50
48,34,50,42
48,34,42,34
48,35,48,48
48,35,48,49
48,35,49,41
48,35,41,33
48,35,33,34
48,35,34,35
48,36,48,48
48,36,48,49
48,36,49,50
48,36,50,51
48,36,51,52
48,36,52,44
48,36,44,36
48,37,48,48
48,37,48,49
48,37,49,50
48,37,50,51
48,37,51,52
48,37,52,53
48,37,53,45
48,37,45,37
48,38,48,48
48,38,48,49
48,38,49,50
48,38,50,51
48,38,51,52
48,38,52,53
48,38,53,54
48,38,54,46
48,38,46,38
48,39,48,48
48,39,48,49
48,39,49,50
48,39,50,51
48,39,51,52
48,39,52,53
48,39,53,54
48,39,54,46
48,39,46,38
48,39,38,39
48,40,48,48
48,40,48,40
48,41,48,48
48,41,48,40
48,41,40,41
48,42,48,48
48,42,48,49
48,42,49,50
48,42,50,42
48,43,48,48
48,43,48,49
48,43,49,50
48,43,50,51
48,43,51,43
48,44,48,48
48,44,48,49
48,44,49,50
48,44,50,42
48,44,42,43
48,44,43,44
48,45,48,48
48,45,48,49
48,45,49,50
48,45,50,51
48,45,51,52
48,45,52,44
48,45,44,45
48,46,48,48
48,46,48,49
48,46,49,50
48,46,50,51
48,46,51,52
48,46,52,53
48,46,53,45
48,46,45,46
48,47,48,48
48,47,48,49
48,47,49,50
48,47,50,51
48,47,51,52
48,47,52,53
48,47,53,45
48,47,45,46
48,47,46,47
48,49,48,48
48,49,48,49
48,50,48,48
48,50,48,49
48,50,49,50
48,51,48,48
48,51,48,49
48,51,49,50
48,51,50,51
48,52,48,48
48,52,48,49
48,52,49,50
48,52,50,51
48,52,51,52
48,53,48,48
48,53,48,49
48,53,49,50
48,53,50,51
48,53,51,52
48,53,52,53
48,54,48,48
48,54,48,49
48,54,49,50
48,54,50,51
48,54,51,52
48,54,52,53
48,54,53,54
48,55,48,48
48,55,48,49
48,55,49,50
48,55,50,51
48,55,51,52
48,55,52,53
48,55,53,54
48,55,54,55
48,56,48,48
48,56,48,56
48,57,48,48
48,57,48,49
48,57,49,57
48,58,48,48
48,58,48,49
48,58,49,50
48,58,50,58
48,59,48,48
48,59,48,49
48,59,49,50
48,59,50,51
48,59,51,59
48,60,48,48
48,60,48,49
48,60,49,50
48,60,50,51
48,60,51,52
48,60,52,60
48,61,48,48
48,61,48,49
48,61,49,50
48,61,50,51
48,61,51,52
48,61,52,53
48,61,53,61
48,62,48,48
48,62,48,49
48,62,49,50
48,62,50,51
48,62,51,52
48,62,52,53
48,62,53,54
48,62,54,62
48,63,48,48
48,63,48,49
48,63,49,50
48,63,50,51
48,63,51,52
48,63,52,53
48,63,53,54
48,63,54,55
48,63,55,63
49,0,49,49
49,0,49,41
49,0,41,33
49,0,33,25
49,0,25,17
49,0,17,9
49,0,9,1
49,0,1,0
49,1,49,49
49,1,49,41
49,1,41,33
49,1,33,25
49,1,25,17
49,1,17,9
49,1,9,1
49,2,49,49
49,2,49,50
49,2,50,42
49,2,42,34
49,2,34,26
49,2,26,18
49,2,18,10
49,2,10,2
49,3,49,49
49,3,49,50
49,3,50,51
49,3,51,43
49,3,43,35
49,3,35,27
49,3,27,19
49,3,19,11
49,3,11,3
49,4,49,49
49,4,49,41
49,4,41,33
49,4,33,25
49,4,25,17
49,4,17,9
49,4,9,1
49,4,1,2
49,4,2,3
49,4,3,4
49,5,49,49
49,5,49,41
49,5,41,33
49,5,33,25
49,5,25,17
49,5,17,9
49,5,9,1
49,5,1,2
49,5,2,3
49,5,3,4
49,5,4,5
49,6,49,49
49,6,49,41
49,6,41,33
49,6,33,25
49,6,25,17
49,6,17,9
49,6,9,1
49,6,1,2
49,6,2,3
49,6,3,4
49,6,4,5
49,6,5,6
49,7,49,49
49,7,49,41
49,7,41,33
49,7,33,25
49,7,25,17
49,7,17,9
49,7,9,1
49,7,1,2
49,7,2,3
49,7,3,4
49,7,4,5
49,7,5,6
49,7,6,7
49,8,49,49
49,8,49,41
49,8,41,33
49,8,33,25
49,8,25,17
49,8,17,9
49,8,9,8
49,9,49,49
49,9,49,41
49,9,41,33
49,9,33,25
49,9,25,17
49,9,17,9
49,10,49,49
49,10,49,50
49,10,50,42
49,10,42,34
49,10,34,26
49,10,26,18
49,10,18,10
49,11,49,49
49,11,49,50
49,11,50,51
49,11,51,43
49,11,43,35
49,11,35,27
49,11,27,19
49,11,19,11
49,12,49,49
49,12,49,41
49,12,41,33
49,12,33,25
49,12,25,17
49,12,17,9
49,12,9,10
49,12,10,11
49,12,11,12
49,13,49,49
49,13,49,50
49,13,50,51
49,13,51,52
49,13,52,53
49,13,53,45
49,13,45,37
49,13,37,29
49,13,29,21
49,13,21,13
49,14,49,49
49,14,49,41
49,14,41,33
49,14,33,25
49,14,25,17
49,14,17,9
49,14,9,10
49,14,10,11
49,14,11,12
49,14,12,13
49,14,13,14
49,15,49,49
49,15,49,41
49,15,41,33
49,15,33,25
49,15,25,17
49,15,17,9
49,15,9,10
49,15,10,11
49,15,11,12
49,15,12,13
49,15,13,14
49,15,14,15
49,16,49,49
49,16,49,41
49,16,41,33
49,16,33,25
49,16,25,17
49,16,17,16
49,17,49,49
49,17,49,41
49,17,41,33
49,17,33,25
49,17,25,17
49,18,49,49
49,18,49,50
49,18,50,42
49,18,42,34
49,18,34,26
49,18,26,18
49,19,49,49
49,19,49,50
49,19,50,51
49,19,51,43
49,19,43,35
49,19,35,27
49,19,27,19
49,20,49,49
49,20,49,50
49,20,50,51
49,20,51,52
49,20,52,44
49,20,44,36
49,20,36,28
49,20,28,20
49,21,49,49
49,21,49,50
49,21,50,51
49,21,51,52
49,21,52,53
49,21,53,45
49,21,45,37
49,21,37,29
49,21,29,21
49,22,49,49
49,22,49,50
49,22,50,51
49,22,51,52
49,22,52,53
49,22,53,54
49,22,54,46
49,22,46,38
49,22,38,30
49,22,30,22
49,23,49,49
49,23,49,50
49,23,50,42
49,23,42,34
49,23,34,26
49,23,26,18
49,23,18,19
49,23,19,20
49,23,20,21
49,23,21,22
49,23,22,23
49,24,49,49
49,24,49,48
49,24,48,40
49,24,40,32
49,24,32,24
49,25,49,49
49,25,49,41
49,25,41,33
49,25,33,25
49,26,49,49
49,26,49,41
49,26,41,33
49,26,33,25
49,26,25,26
49,27,49,49
49,27,49,50
49,27,50,51
49,27,51,43
49,27,43,35
49,27,35,27
49,28,49,49
49,28,49,50
49,28,50,51
49,28,51,52
49,28,52,44
49,28,44,36
49,28,36,28
49,29,49,49
49,29,49,50
49,29,50,51
49,29,51,52
49,29,52,53
49,29,53,45
49,29,45,37
49,29,37,29
49,30,49,49
49,30,49,50
49,30,50,51
49,30,51,43
49,30,43,35
49,30,35,27
49,30,27,28
49,30,28,29
49,30,29,30
49,31,49,49
49,31,49,50
49,31,50,51
49,31,51,43
49,31,43,35
49,31,35,27
49,31,27,28
49,31,28,29
49,31,29,30
49,31,30,31
49,32,49,49
49,32,49,41
49,32,41,33
49,32,33,32
49,33,49,49
49,33,49,41
49,33,41,33
49,34,49,49
49,34,49,50
49,34,50,42
49,34,42,34
49,35,49,49
49,35,49,41
49,35,41,33
49,35,33,34
49,35,34,35
49,36,49,49
49,36,49,50
49,36,50,51
49,36,51,52
49,36,52,44
49,36,44,36
49,37,49,49
49,37,49,50
49,37,50,51
49,37,51,52
49,37,52,53
49,37,53,45
49,37,45,37
49,38,49,49
49,38,49,50
49,38,50,51
49,38,51,52
49,38,52,53
49,38,53,54
49,38,54,46
49,38,46,38
49,39,49,49
49,39,49,50
49,39,50,51
49,39,51,52
49,39,52,53
49,39,53,54
49,39,54,46
49,39,46,38
49,39,38,39
49,40,49,49
49,40,49,41
49,40,41,40
49,41,49,49
49,41,49,41
49,42,49,49
49,42,49,41
49,42,41,42
49,43,49,49
49,43,49,50
49,43,50,51
49,43,51,43
49,44,49,49
49,44,49,50
49,44,50,42
49,44,42,43
49,44,43,44
49,45,49,49
49,45,49,50
49,45,50,51
49,45,51,52
49,45,52,44
49,45,44,45
49,46,49,49
49,46,49,50
49,46,50,51
49,46,51,52
49,46,52,53
49,46,53,45
49,46,45,46
49,47,49,49
49,47,49,50
49,47,50,51
49,47,51,52
49,47,52,53
49,47,53,45
49,47,45,46
49,47,46,47
49,48,49,49
49,48,49,48
49,50,49,49
49,50,49,50
49,51,49,49
49,51,49,50
49,51,50,51
49,52,49,49
49,52,49,50
49,52,50,51
49,52,51,52
49,53,49,49
49,53,49,50
49,53,50,51
49,53,51,52
49,53,52,53
49,54,49,49
49,54,49,50
49,54,50,51
49,54,51,52
49,54,52,53
49,54,53,54
49,55,49,49
49,55,49,50
49,55,50,51
49,55,51,52
49,55,52,53
49,55,53,54
49,55,54,55
49,56,49,49
49,56,49,48
49,56,48,56
49,57,49,49
49,57,49,57
49,58,49,49
49,58,49,50
49,58,50,58
49,59,49,49
49,59,49,50
49,59,50,51
49,59,51,59
49,60,49,49
49,60,49,50
49,60,50,51
49,60,51,52
49,60,52,60
49,61,49,49
49,61,49,50
49,61,50,51
49,61,51,52
49,61,52,53
49,61,53,61
49,62,49,49
49,62,49,50
49,62,50,51
49,62,51,52
49,62,52,53
49,62,53,54
49,62,54,62
49,63,49,49
49,63,49,50
49,63,50,51
49,63,51,52
49,63,52,53
49,63,53,54
49,63,54,55
49,63,55,63
50,0,50,50
50,0,50,42
50,0,42,34
50,0,34,26
50,0,26,18
50,0,18,10
50,0,10,2
50,0,2,1
50,0,1,0
50,1,50,50
50,1,50,42
50,1,42,34
50,1,34,26
50,1,26,18
50,1,18,10
50,1,10,2
50,1,2,1
50,2,50,50
50,2,50,42
50,2,42,34
50,2,34,26
50,2,26,18
50,2,18,10
50,2,10,2
50,3,50,50
50,3,50,42
50,3,42,34
50,3,34,26
50,3,26,18
50,3,18,10
50,3,10,2
50,3,2,3
50,4,50,50
50,4,50,51
50,4,51,52
50,4,52,44
50,4,44,36
50,4,36,28
50,4,28,20
50,4,20,12
50,4,12,4
50,5,50,50
50,5,50,51
50,5,51,52
50,5,52,53
50,5,53,45
50,5,45,37
50,5,37,29
50,5,29,21
50,5,21,13
50,5,13,5
50,6,50,50
50,6,50,51
50,6,51,52
50,6,52,53
50,6,53,54
50,6,54,46
50,6,46,38
50,6,38,30
50,6,30,22
50,6,22,14
50,6,14,6
50,7,50,50
50,7,50,51
50,7,51,52
50,7,52,53
50,7,53,54
50,7,54,46
50,7,46,38
50,7,38,30
50,7,30,22
50,7,22,14
50,7,14,6
50,7,6,7
50,8,50,50
50,8,50,42
50,8,42,34
50,8,34,26
50,8,26,18
50,8,18,10
50,8,10,9
50,8,9,8
50,9,50,50
50,9,50,42
50,9,42,34
50,9,34,26
50,9,26,18
50,9,18,10
50,9,10,9
50,10,50,50
50,10,50,42
50,10,42,34
50,10,34,26
50,10,26,18
50,10,18,10
50,11,50,50
50,11,50,42
50,11,42,34
50,11,34,26
50,11,26,18
50,11,18,10
50,11,10,11
50,12,50,50
50,12,50,51
50,12,51,52
50,12,52,44
50,12,44,36
50,12,36,28
50,12,28,20
50,12,20,12
50,13,50,50
50,13,50,51
50,13,51,52
50,13,52,53
50,13,53,45
50,13,45,37
50,13,37,29
50,13,29,21
50,13,21,13
50,14,50,50
50,14,50,51
50,14,51,52
50,14,52,53
50,14,53,54
50,14,54,46
50,14,46,38
50,14,38,30
50,14,30,22
50,14,22,14
50,15,50,50
50,15,50,51
50,15,51,52
50,15,52,53
50,15,53,54
50,15,54,46
50,15,46,38
50,15,38,30
50,15,30,22
50,15,22,14
50,15,14,15
50,16,50,50
50,16,50,42
50,16,42,34
50,16,34,26
50,16,26,18
50,16,18,17
50,16,17,16
50,17,50,50
50,17,50,49
50,17,49,41
50,17,41,33
50,17,33,25
50,17,25,17
50,18,50,50
50,18,50,42
50,18,42,34
50,18,34,26
50,18,26,18
50,19,50,50
50,19,50,51
50,19,51,43
50,19,43,35
50,19,35,27
50,19,27,19
50,20,50,50
50,20,50,51
50,20,51,52
50,20,52,44
50,20,44,36
50,20,36,28
50,20,28,20
50,21,50,50
50,21,50,51
50,21,51,52
50,21,52,53
50,21,53,45
50,21,45,37
50,21,37,29
50,21,29,21
50,22,50,50
50,22,50,51
50,22,51,52
50,22,52,53
50,22,53,54
50,22,54,46
50,22,46,38
50,22,38,30
50,22,30,22
50,23,50,50
50,23,50,51
50,23,51,52
50,23,52,53
50,23,53,54
50,23,54,46
50,23,46,38
50,23,38,30
50,23,30,22
50,23,22,23
50,24,50,50
50,24,50,42
50,24,42,34
50,24,34,26
50,24,26,25
50,24,25,24
50,25,50,50
50,25,50,42
50,25,42,34
50,25,34,26
50,25,26,25
50,26,50,50
50,26,50,42
50,26,42,34
50,26,34,26
50,27,50,50
50,27,50,42
50,27,42,34
50,27,34,26
50,27,26,27
50,28,50,50
50,28,50,51
50,28,51,52
50,28,52,44
50,28,44,36
50,28,36,28
50,29,50,50
50,29,50,51
50,29,51,52
50,29,52,53
50,29,53,45
50,29,45,37
50,29,37,29
50,30,50,50
50,30,50,51
50,30,51,52
50,30,52,53
50,30,53,54
50,30,54,46
50,30,46,38
50,30,38,30
50,31,50,50
50,31,50,51
50,31,51,52
50,31,52,53
50,31,53,54
50,31,54,46
50,31,46,38
50,31,38,30
50,31,30,31
50,32,50,50
50,32,50,49
50,32,49,48
50,32,48,40
50,32,40,32
50,33,50,50
50,33,50,49
50,33,49,41
50,33,41,33
50,34,50,50
50,34,50,42
50,34,42,34
50,35,50,50
50,35,50,51
50,35,51,43
50,35,43,35
50,36,50,50
50,36,50,42
50,36,42,34
50,36,34,35
50,36,35,36
50,37,50,50
50,37,50,51
50,37,51,52
50,37,52,53
50,37,53,45
50,37,45,37
50,38,50,50
50,38,50,51
50,38,51,43
50,38,43,35
50,38,35,36
50,38,36,37
50,38,37,38
50,39,50,50
50,39,50,51
50,39,51,43
50,39,43,35
50,39,35,36
50,39,36,37
50,39,37,38
50,39,38,39
50,40,50,50
50,40,50,42
50,40,42,41
50,40,41,40
50,41,50,50
50,41,50,42
50,41,42,41
50,42,50,50
50,42,50,42
50,43,50,50
50,43,50,42
50,43,42,43
50,44,50,50
50,44,50,51
50,44,51,52
50,44,52,44
50,45,50,50
50,45,50,51
50,45,51,43
50,45,43,44
50,45,44,45
50,46,50,50
50,46,50,51
50,46,51,52
50,46,52,53
50,46,53,45
50,46,45,46
50,47,50,50
50,47,50,51
50,47,51,43
50,47,43,44
50,47,44,45
50,47,45,46
50,47,46,47
50,48,50,50
50,48,50,49
50,48,49,48
50,49,50,50
50,49,50,49
50,51,50,50
50,51,50,51
50,52,50,50
50,52,50,51
50,52,51,52
50,53,50,50
50,53,50,51
50,53,51,52
50,53,52,53
50,54,50,50
50,54,50,51
50,54,51,52
50,54,52,53
50,54,53,54
50,55,50,50
50,55,50,51
50,55,51,52
50,55,52,53
50,55,53,54
50,55,54,55
50,56,50,50
50,56,50,49
50,56,49,48
50,56,48,56
50,57,50,50
50,57,50,49
50,57,49,57
50,58,50,50
50,58,50,58
50,59,50,50
50,59,50,51
50,59,51,59
50,60,50,50
50,60,50,51
50,60,51,52
50,60,52,60
50,61,50,50
50,61,50,51
50,61,51,52
50,61,52,53
50,61,53,61
50,62,50,50
50,62,50,51
50,62,51,52
50,62,52,53
50,62,53,54
50,62,54,62
50,63,50,50
50,63,50,51
50,63,51,52
50,63,52,53
50,63,53,54
50,63,54,55
50,63,55,63
51,0,51,51
51,0,51,50
51,0,50,49
51,0,49,48
51,0,48,40
51,0,40,32
51,0,32,24
51,0,24,16
51,0,16,8
51,0,8,0
51,1,51,51
51,1,51,50
51,1,50,49
51,1,49,41
51,1,41,33
51,1,33,25
51,1,25,17
51,1,17,9
51,1,9,1
51,2,51,51
51,2,51,50
51,2,50,42
51,2,42,34
51,2,34,26
51,2,26,18
51,2,18,10
51,2,10,2
51,3,51,51
51,3,51,43
51,3,43,35
51,3,35,27
51,3,27,19
51,3,19,11
51,3,11,3
51,4,51,51
51,4,51,43
51,4,43,35
51,4,35,27
51,4,27,19
51,4,19,11
51,4,11,3
51,4,3,4
51,5,51,51
51,5,51,43
51,5,43,35
51,5,35,27
51,5,27,19
51,5,19,11
51,5,11,3
51,5,3,4
51,5,4,5
51,6,51,51
51,6,51,43
51,6,43,35
51,6,35,27
51,6,27,19
51,6,19,11
51,6,11,3
51,6,3,4
51,6,4,5
51,6,5,6
51,7,51,51
51,7,51,43
51,7,43,35
51,7,35,27
51,7,27,19
51,7,19,11
51,7,11,3
51,7,3,4
51,7,4,5
51,7,5,6
51,7,6,7
51,8,51,51
51,8,51,50
51,8,50,49
51,8,49,48
51,8,48,40
51,8,40,32
51,8,32,24
51,8,24,16
51,8,16,8
51,9,51,51
51,9,51,50
51,9,50,49
51,9,49,41
51,9,41,33
51,9,33,25
51,9,25,17
51,9,17,9
51,10,51,51
51,10,51,43
51,10,43,35
51,10,35,27
51,10,27,19
51,10,19,11
51,10,11,10
51,11,51,51
51,11,51,43
51,11,43,35
51,11,35,27
51,11,27,19
51,11,19,11
51,12,51,51
51,12,51,43
51,12,43,35
51,12,35,27
51,12,27,19
51,12,19,11
51,12,11,12
51,13,51,51
51,13,51,43
51,13,43,35
51,13,35,27
51,13,27,19
51,13,19,11
51,13,11,12
51,13,12,13
51,14,51,51
51,14,51,43
51,14,43,35
51,14,35,27
51,14,27,19
51,14,19,11
51,14,11,12
51,14,12,13
51,14,13,14
51,15,51,51
51,15,51,43
51,15,43,35
51,15,35,27
51,15,27,19
51,15,19,11
51,15,11,12
51,15,12,13
51,15,13,14
51,15,14,15
51,16,51,51
51,16,51,50
51,16,50,49
51,16,49,48
51,16,48,40
51,16,40,32
51,16,32,24
51,16,24,16
51,17,51,51
51,17,51,43
51,17,43,35
51,17,35,27
51,17,27,19
51,17,19,18
51,17,18,17
51,18,51,51
51,18,51,50
51,18,50,42
51,18,42,34
51,18,34,26
51,18,26,18
51,19,51,51
51,19,51,43
51,19,43,35
51,19,35,27
51,19,27,19
51,20,51,51
51,20,51,52
51,20,52,44
51,20,44,36
51,20,36,28
51,20,28,20
51,21,51,51
51,21,51,43
51,21,43,35
51,21,35,27
51,21,27,19
51,21,19,20
51,21,20,21
51,22,51,51
51,22,51,43
51,22,43,35
51,22,35,27
51,22,27,19
51,22,19,20
51,22,20,21
51,22,21,22
51,23,51,51
51,23,51,43
51,23,43,35
51,23,35,27
51,23,27,19
51,23,19,20
51,23,20,21
51,23,21,22
51,23,22,23
51,24,51,51
51,24,51,50
51,24,50,49
51,24,49,48
51,24,48,40
51,24,40,32
51,24,32,24
51,25,51,51
51,25,51,50
51,25,50,49
51,25,49,41
51,25,41,33
51,25,33,25
51,26,51,51
51,26,51,43
51,26,43,35
51,26,35,27
51,26,27,26
51,27,51,51
51,27,51,43
51,27,43,35
51,27,35,27
51,28,51,51
51,28,51,43
51,28,43,35
51,28,35,27
51,28,27,28
51,29,51,51
51,29,51,52
51,29,52,53
51,29,53,45
51,29,45,37
51,29,37,29
51,30,51,51
51,30,51,43
51,30,43,35
51,30,35,27
51,30,27,28
51,30,28,29
51,30,29,30
51,31,51,51
51,31,51,43
51,31,43,35
51,31,35,27
51,31,27,28
51,31,28,29
51,31,29,30
51,31,30,31
51,32,51,51
51,32,51,43
51,32,43,35
51,32,35,34
51,32,34,33
51,32,33,32
51,33,51,51
51,33,51,43
51,33,43,35
51,33,35,34
51,33,34,33
51,34,51,51
51,34,51,50
51,34,50,42
51,34,42,34
51,35,51,51
51,35,51,43
51,35,43,35
51,36,51,51
51,36,51,52
51,36,52,44
51,36,44,36
51,37,51,51
51,37,51,43
51,37,43,35
51,37,35,36
51,37,36,37
51,38,51,51
51,38,51,52
51,38,52,53
51,38,53,54
51,38,54,46
51,38,46,38
51,39,51,51
51,39,51,52
51,39,52,53
51,39,53,54
51,39,54,46
51,39,46,38
51,39,38,39
51,40,51,51
51,40,51,50
51,40,50,49
51,40,49,41
51,40,41,40
51,41,51,51
51,41,51,50
51,41,50,49
51,41,49,41
51,42,51,51
51,42,51,43
51,42,43,42
51,43,51,51
51,43,51,43
51,44,51,51
51,44,51,43
51,44,43,44
51,45,51,51
51,45,51,52
51,45,52,53
51,45,53,45
51,46,51,51
51,46,51,52
51,46,52,44
51,46,44,45
51,46,45,46
51,47,51,51
51,47,51,52
51,47,52,44
51,47,44,45
51,47,45,46
51,47,46,47
51,48,51,51
51,48,51,50
51,48,50,49
51,48,49,48
51,49,51,51
51,49,51,50
51,49,50,49
51,50,51,51
51,50,51,50
51,52,51,51
51,52,51,52
51,53,51,51
51,53,51,52
51,53,52,53
51,54,51,51
51,54,51,52
51,54,52,53
51,54,53,54
51,55,51,51
51,55,51,52
51,55,52,53
51,55,53,54
51,55,54,55
51,56,51,51
51,56,51,50
51,56,50,49
51,56,49,48
51,56,48,56
51,57,51,51
51,57,51,50
51,57,50,49
51,57,49,57
51,58,51,51
51,58,51,50
51,58,50,58
51,59,51,51
51,59,51,59
51,60,51,51
51,60,51,52
51,60,52,60
51,61,51,51
51,61,51,52
51,61,52,53
51,61,53,61
51,62,51,51
51,62,51,52
51,62,52,53
51,62,53,54
51,62,54,62
51,63,51,51
51,63,51,52
51,63,52,53
51,63,53,54
51,63,54,55
51,63,55,63
52,0,52,52
52,0,52,44
52,0,44,36
52,0,36,28
52,0,28,20
52,0,20,12
52,0,12,4
52,0,4,3
52,0,3,2
52,0,2,1
52,0,1,0
52,1,52,52
52,1,52,44
52,1,44,36
52,1,36,28
52,1,28,20
52,1,20,12
52,1,12,4
52,1,4,3
52,1,3,2
52,1,2,1
52,2,52,52
52,2,52,44
52,2,44,36
52,2,36,28
52,2,28,20
52,2,20,12
52,2,12,4
52,2,4,3
52,2,3,2
52,3,52,52
52,3,52,44
52,3,44,36
52,3,36,28
52,3,28,20
52,3,20,12
52,3,12,4
52,3,4,3
52,4,52,52
52,4,52,44
52,4,44,36
52,4,36,28
52,4,28,20
52,4,20,12
52,4,12,4
52,5,52,52
52,5,52,53
52,5,53,45
52,5,45,37
52,5,37,29
52,5,29,21
52,5,21,13
52,5,13,5
52,6,52,52
52,6,52,53
52,6,53,54
52,6,54,46
52,6,46,38
52,6,38,30
52,6,30,22
52,6,22,14
52,6,14,6
52,7,52,52
52,7,52,53
52,7,53,54
52,7,54,55
52,7,55,47
52,7,47,39
52,7,39,31
52,7,31,23
52,7,23,15
52,7,15,7
52,8,52,52
52,8,52,44
52,8,44,36
52,8,36,28
52,8,28,20
52,8,20,12
52,8,12,11
52,8,11,10
52,8,10,9
52,8,9,8
52,9,52,52
52,9,52,44
52,9,44,36
52,9,36,28
52,9,28,20
52,9,20,12
52,9,12,11
52,9,11,10
52,9,10,9
52,10,52,52
52,10,52,44
52,10,44,36
52,10,36,28
52,10,28,20
52,10,20,12
52,10,12,11
52,10,11,10
52,11,52,52
52,11,52,44
52,11,44,36
52,11,36,28
52,11,28,20
52,11,20,12
52,11,12,11
52,12,52,52
52,12,52,44
52,12,44,36
52,12,36,28
52,12,28,20
52,12,20,12
52,13,52,52
52,13,52,44
52,13,44,36
52,13,36,28
52,13,28,20
52,13,20,12
52,13,12,13
52,14,52,52
52,14,52,53
52,14,53,54
52,14,54,46
52,14,46,38
52,14,38,30
52,14,30,22
52,14,22,14
52,15,52,52
52,15,52,53
52,15,53,54
52,15,54,55
52,15,55,47
52,15,47,39
52,15,39,31
52,15,31,23
52,15,23,15
52,16,52,52
52,16,52,44
52,16,44,36
52,16,36,28
52,16,28,20
52,16,20,19
52,16,19,18
52,16,18,17
52,16,17,16
52,17,52,52
52,17,52,44
52,17,44,36
52,17,36,28
52,17,28,20
52,17,20,19
52,17,19,18
52,17,18,17
52,18,52,52
52,18,52,44
52,18,44,36
52,18,36,28
52,18,28,20
52,18,20,19
52,18,19,18
52,19,52,52
52,19,52,51
52,19,51,43
52,19,43,35
52,19,35,27
52,19,27,19
52,20,52,52
52,20,52,44
52,20,44,36
52,20,36,28
52,20,28,20
52,21,52,52
52,21,52,53
52,21,53,45
52,21,45,37
52,21,37,29
52,21,29,21
52,22,52,52
52,22,52,44
52,22,44,36
52,22,36,28
52,22,28,20
52,22,20,21
52,22,21,22
52,23,52,52
52,23,52,53
52,23,53,54
52,23,54,55
52,23,55,47
52,23,47,39
52,23,39,31
52,23,31,23
52,24,52,52
52,24,52,44
52,24,44,36
52,24,36,28
52,24,28,27
52,24,27,26
52,24,26,25
52,24,25,24
52,25,52,52
52,25,52,44
52,25,44,36
52,25,36,28
52,25,28,27
52,25,27,26
52,25,26,25
52,26,52,52
52,26,52,51
52,26,51,50
52,26,50,42
52,26,42,34
52,26,34,26
52,27,52,52
52,27,52,44
52,27,44,36
52,27,36,28
52,27,28,27
52,28,52,52
52,28,52,44
52,28,44,36
52,28,36,28
52,29,52,52
52,29,52,44
52,29,44,36
52,29,36,28
52,29,28,29
52,30,52,52
52,30,52,53
52,30,53,54
52,30,54,46
52,30,46,38
52,30,38,30
52,31,52,52
52,31,52,53
52,31,53,54
52,31,54,55
52,31,55,47
52,31,47,39
52,31,39,31
52,32,52,52
52,32,52,51
52,32,51,50
52,32,50,49
52,32,49,41
52,32,41,33
52,32,33,32
52,33,52,52
52,33,52,51
52,33,51,50
52,33,50,49
52,33,49,41
52,33,41,33
52,34,52,52
52,34,52,44
52,34,44,36
52,34,36,35
52,34,35,34
52,35,52,52
52,35,52,51
52,35,51,43
52,35,43,35
52,36,52,52
52,36,52,44
52,36,44,36
52,37,52,52
52,37,52,53
52,37,53,45
52,37,45,37
52,38,52,52
52,38,52,44
52,38,44,36
52,38,36,37
52,38,37,38
52,39,52,52
52,39,52,44
52,39,44,36
52,39,36,37
52,39,37,38
52,39,38,39
52,40,52,52
52,40,52,51
52,40,51,43
52,40,43,42
52,40,42,41
52,40,41,40
52,41,52,52
52,41,52,51
52,41,51,43
52,41,43,42
52,41,42,41
52,42,52,52
52,42,52,51
52,42,51,50
52,42,50,42
52,43,52,52
52,43,52,44
52,43,44,43
52,44,52,52
52,44,52,44
52,45,52,52
52,45,52,44
52,45,44,45
52,46,52,52
52,46,52,53
52,46,53,54
52,46,54,46
52,47,52,52
52,47,52,53
52,47,53,54
52,47,54,46
52,47,46,47
52,48,52,52
52,48,52,51
52,48,51,50
52,48,50,49
52,48,49,48
52,49,52,52
52,49,52,51
52,49,51,50
52,49,50,49
52,50,52,52
52,50,52,51
52,50,51,50
52,51,52,52
52,51,52,51
52,53,52,52
52,53,52,53
52,54,52,52
52,54,52,53
52,54,53,54
52,55,52,52
52,55,52,53
52,55,53,54
52,55,54,55
52,56,52,52
52,56,52,51
52,56,51,50
52,56,50,49
52,56,49,48
52,56,48,56
52,57,52,52
52,57,52,51
52,57,51,50
52,57,50,49
52,57,49,57
52,58,52,52
52,58,52,51
52,58,51,50
52,58,50,58
52,59,52,52
52,59,52,51
52,59,51,59
52,60,52,52
52,60,52,60
52,61,52,52
52,61,52,53
52,61,53,61
52,62,52,52
52,62,52,53
52,62,53,54
52,62,54,62
52,63,52,52
52,63,52,53
52,63,53,54
52,63,54,55
52,63,55,63
53,0,53,53
53,0,53,52
53,0,52,51
53,0,51,50
53,0,50,49
53,0,49,41
53,0,41,33
53,0,33,25
53,0,25,17
53,0,17,9
53,0,9,1
53,0,1,0
53,1,53,53
53,1,53,52
53,1,52,51
53,1,51,50
53,1,50,49
53,1,49,41
53,1,41,33
53,1,33,25
53,1,25,17
53,1,17,9
53,1,9,1
53,2,53,53
53,2,53,52
53,2,52,51
53,2,51,50
53,2,50,42
53,2,42,34
53,2,34,26
53,2,26,18
53,2,18,10
53,2,10,2
53,3,53,53
53,3,53,52
53,3,52,51
53,3,51,43
53,3,43,35
53,3,35,27
53,3,27,19
53,3,19,11
53,3,11,3
53,4,53,53
53,4,53,45
53,4,45,37
53,4,37,29
53,4,29,21
53,4,21,13
53,4,13,5
53,4,5,4
53,5,53,53
53,5,53,45
53,5,45,37
53,5,37,29
53,5,29,21
53,5,21,13
53,5,13,5
53,6,53,53
53,6,53,45
53,6,45,37
53,6,37,29
53,6,29,21
53,6,21,13
53,6,13,5
53,6,5,6
53,7,53,53
53,7,53,45
53,7,45,37
53,7,37,29
53,7,29,21
53,7,21,13
53,7,13,5
53,7,5,6
53,7,6,7
53,8,53,53
53,8,53,52
53,8,52,51
53,8,51,50
53,8,50,49
53,8,49,41
53,8,41,33
53,8,33,25
53,8,25,17
53,8,17,9
53,8,9,8
53,9,53,53
53,9,53,52
53,9,52,51
53,9,51,50
53,9,50,49
53,9,49,41
53,9,41,33
53,9,33,25
53,9,25,17
53,9,17,9
53,10,53,53
53,10,53,52
53,10,52,51
53,10,51,50
53,10,50,42
53,10,42,34
53,10,34,26
53,10,26,18
53,10,18,10
53,11,53,53
53,11,53,52
53,11,52,51
53,11,51,43
53,11,43,35
53,11,35,27
53,11,27,19
53,11,19,11
53,12,53,53
53,12,53,45
53,12,45,37
53,12,37,29
53,12,29,21
53,12,21,13
53,12,13,12
53,13,53,53
53,13,53,45
53,13,45,37
53,13,37,29
53,13,29,21
53,13,21,13
53,14,53,53
53,14,53,45
53,14,45,37
53,14,37,29
53,14,29,21
53,14,21,13
53,14,13,14
53,15,53,53
53,15,53,45
53,15,45,37
53,15,37,29
53,15,29,21
53,15,21,13
53,15,13,14
53,15,14,15
53,16,53,53
53,16,53,52
53,16,52,51
53,16,51,50
53,16,50,49
53,16,49,41
53,16,41,33
53,16,33,25
53,16,25,17
53,16,17,16
53,17,53,53
53,17,53,52
53,17,52,51
53,17,51,50
53,17,50,49
53,17,49,41
53,17,41,33
53,17,33,25
53,17,25,17
53,18,53,53
53,18,53,52
53,18,52,51
53,18,51,50
53,18,50,42
53,18,42,34
53,18,34,26
53,18,26,18
53,19,53,53
53,19,53,52
53,19,52,51
53,19,51,43
53,19,43,35
53,19,35,27
53,19,27,19
53,20,53,53
53,20,53,52
53,20,52,44
53,20,44,36
53,20,36,28
53,20,28,20
53,21,53,53
53,21,53,45
53,21,45,37
53,21,37,29
53,21,29,21
53,22,53,53
53,22,53,54
53,22,54,46
53,22,46,38
53,22,38,30
53,22,30,22
53,23,53,53
53,23,53,45
53,23,45,37
53,23,37,29
53,23,29,21
53,23,21,22
53,23,22,23
53,24,53,53
53,24,53,52
53,24,52,51
53,24,51,50
53,24,50,49
53,24,49,41
53,24,41,33
53,24,33,25
53,24,25,24
53,25,53,53
53,25,53,52
53,25,52,51
53,25,51,50
53,25,50,49
53,25,49,41
53,25,41,33
53,25,33,25
53,26,53,53
53,26,53,52
53,26,52,51
53,26,51,50
53,26,50,42
53,26,42,34
53,26,34,26
53,27,53,53
53,27,53,52
53,27,52,51
53,27,51,43
53,27,43,35
53,27,35,27
53,28,53,53
53,28,53,45
53,28,45,37
53,28,37,29
53,28,29,28
53,29,53,53
53,29,53,45
53,29,45,37
53,29,37,29
53,30,53,53
53,30,53,45
53,30,45,37
53,30,37,29
53,30,29,30
53,31,53,53
53,31,53,45
53,31,45,37
53,31,37,29
53,31,29,30
53,31,30,31
53,32,53,53
53,32,53,52
53,32,52,44
53,32,44,36
53,32,36,35
53,32,35,34
53,32,34,33
53,32,33,32
53,33,53,53
53,33,53,52
53,33,52,44
53,33,44,36
53,33,36,35
53,33,35,34
53,33,34,33
53,34,53,53
53,34,53,52
53,34,52,51
53,34,51,50
53,34,50,42
53,34,42,34
53,35,53,53
53,35,53,45
53,35,45,37
53,35,37,36
53,35,36,35
53,36,53,53
53,36,53,52
53,36,52,44
53,36,44,36
53,37,53,53
53,37,53,45
53,37,45,37
53,38,53,53
53,38,53,54
53,38,54,46
53,38,46,38
53,39,53,53
53,39,53,54
53,39,54,55
53,39,55,47
53,39,47,39
53,40,53,53
53,40,53,52
53,40,52,44
53,40,44,43
53,40,43,42
53,40,42,41
53,40,41,40
53,41,53,53
53,41,53,52
53,41,52,51
53,41,51,50
53,41,50,42
53,41,42,41
53,42,53,53
53,42,53,52
53,42,52,44
53,42,44,43
53,42,43,42
53,43,53,53
53,43,53,52
53,43,52,51
53,43,51,43
53,44,53,53
53,44,53,45
53,44,45,44
53,45,53,53
53,45,53,45
53,46,53,53
53,46,53,45
53,46,45,46
53,47,53,53
53,47,53,45
53,47,45,46
53,47,46,47
53,48,53,53
53,48,53,52
53,48,52,51
53,48,51,50
53,48,50,49
53,48,49,48
53,49,53,53
53,49,53,52
53,49,52,51
53,49,51,50
53,49,50,49
53,50,53,53
53,50,53,52
53,50,52,51
53,50,51,50
53,51,53,53
53,51,53,52
53,51,52,51
53,52,53,53
53,52,53,52
53,54,53,53
53,54,53,54
53,55,53,53
53,55,53,54
53,55,54,55
53,56,53,53
53,56,53,52
53,56,52,51
53,56,51,50
53,56,50,49
53,56,49,48
53,56,48,56
53,57,53,53
53,57,53,52
53,57,52,51
53,57,51,50
53,57,50,49
53,57,49,57
53,58,53,53
53,58,53,52
53,58,52,51
53,58,51,50
53,58,50,58
53,59,53,53
53,59,53,52
53,59,52,51
53,59,51,59
53,60,53,53
53,60,53,52
53,60,52,60
53,61,53,53
53,61,53,61
53,62,53,53
53,62,53,54
53,62,54,62
53,63,53,53
53,63,53,54
53,63,54,55
53,63,55,63
54,0,54,54
54,0,54,46
54,0,46,38
54,0,38,30
54,0,30,22
54,0,22,14
54,0,14,6
54,0,6,5
54,0,5,4
54,0,4,3
54,0,3,2
54,0,2,1
54,0,1,0
54,1,54,54
54,1,54,46
54,1,46,38
54,1,38,30
54,1,30,22
54,1,22,14
54,1,14,6
54,1,6,5
54,1,5,4
54,1,4,3
54,1,3,2
54,1,2,1
54,2,54,54
54,2,54,46
54,2,46,38
54,2,38,30
54,2,30,22
54,2,22,14
54,2,14,6
54,2,6,5
54,2,5,4
54,2,4,3
54,2,3,2
54,3,54,54
54,3,54,46
54,3,46,38
54,3,38,30
54,3,30,22
54,3,22,14
54,3,14,6
54,3,6,5
54,3,5,4
54,3,4,3
54,4,54,54
54,4,54,53
54,4,53,52
54,4,52,44
54,4,44,36
54,4,36,28
54,4,28,20
54,4,20,12
54,4,12,4
54,5,54,54
54,5,54,53
54,5,53,45
54,5,45,37
54,5,37,29
54,5,29,21
54,5,21,13
54,5,13,5
54,6,54,54
54,6,54,46
54,6,46,38
54,6,38,30
54,6,30,22
54,6,22,14
54,6,14,6
54,7,54,54
54,7,54,46
54,7,46,38
54,7,38,30
54,7,30,22
54,7,22,14
54,7,14,6
54,7,6,7
54,8,54,54
54,8,54,46
54,8,46,38
54,8,38,30
54,8,30,22
54,8,22,14
54,8,14,13
54,8,13,12
54,8,12,11
54,8,11,10
54,8,10,9
54,8,9,8
54,9,54,54
54,9,54,46
54,9,46,38
54,9,38,30
54,9,30,22
54,9,22,14
54,9,14,13
54,9,13,12
54,9,12,11
54,9,11,10
54,9,10,9
54,10,54,54
54,10,54,53
54,10,53,52
54,10,52,51
54,10,51,50
54,10,50,42
54,10,42,34
54,10,34,26
54,10,26,18
54,10,18,10
54,11,54,54
54,11,54,46
54,11,46,38
54,11,38,30
54,11,30,22
54,11,22,14
54,11,14,13
54,11,13,12
54,11,12,11
54,12,54,54
54,12,54,53
54,12,53,52
54,12,52,44
54,12,44,36
54,12,36,28
54,12,28,20
54,12,20,12
54,13,54,54
54,13,54,53
54,13,53,45
54,13,45,37
54,13,37,29
54,13,29,21
54,13,21,13
54,14,54,54
54,14,54,46
54,14,46,38
54,14,38,30
54,14,30,22
54,14,22,14
54,15,54,54
54,15,54,46
54,15,46,38
54,15,38,30
54,15,30,22
54,15,22,14
54,15,14,15
54,16,54,54
54,16,54,53
54,16,53,45
54,16,45,37
54,16,37,29
54,16,29,21
54,16,21,20
54,16,20,19
54,16,19,18
54,16,18,17
54,16,17,16
54,17,54,54
54,17,54,53
54,17,53,52
54,17,52,51
54,17,51,50
54,17,50,49
54,17,49,41
54,17,41,33
54,17,33,25
54,17,25,17
54,18,54,54
54,18,54,53
54,18,53,52
54,18,52,51
54,18,51,50
54,18,50,42
54,18,42,34
54,18,34,26
54,18,26,18
54,19,54,54
54,19,54,53
54,19,53,52
54,19,52,51
54,19,51,43
54,19,43,35
54,19,35,27
54,19,27,19
54,20,54,54
54,20,54,53
54,20,53,52
54,20,52,44
54,20,44,36
54,20,36,28
54,20,28,20
54,21,54,54
54,21,54,53
54,21,53,45
54,21,45,37
54,21,37,29
54,21,29,21
54,22,54,54
54,22,54,46
54,22,46,38
54,22,38,30
54,22,30,22
54,23,54,54
54,23,54,46
54,23,46,38
54,23,38,30
54,23,30,22
54,23,22,23
54,24,54,54
54,24,54,53
54,24,53,52
54,24,52,44
54,24,44,36
54,24,36,28
54,24,28,27
54,24,27,26
54,24,26,25
54,24,25,24
54,25,54,54
54,25,54,53
54,25,53,52
54,25,52,44
54,25,44,36
54,25,36,28
54,25,28,27
54,25,27,26
54,25,26,25
54,26,54,54
54,26,54,53
54,26,53,52
54,26,52,51
54,26,51,50
54,26,50,42
54,26,42,34
54,26,34,26
54,27,54,54
54,27,54,53
54,27,53,52
54,27,52,51
54,27,51,43
54,27,43,35
54,27,35,27
54,28,54,54
54,28,54,53
54,28,53,52
54,28,52,44
54,28,44,36
54,28,36,28
54,29,54,54
54,29,54,46
54,29,46,38
54,29,38,30
54,29,30,29
54,30,54,54
54,30,54,46
54,30,46,38
54,30,38,30
54,31,54,54
54,31,54,55
54,31,55,47
54,31,47,39
54,31,39,31
54,32,54,54
54,32,54,53
54,32,53,52
54,32,52,51
54,32,51,50
54,32,50,49
54,32,49,41
54,32,41,33
54,32,33,32
54,33,54,54
54,33,54,53
54,33,53,52
54,33,52,51
54,33,51,50
54,33,50,49
54,33,49,41
54,33,41,33
54,34,54,54
54,34,54,53
54,34,53,52
54,34,52,51
54,34,51,50
54,34,50,42
54,34,42,34
54,35,54,54
54,35,54,53
54,35,53,52
54,35,52,51
54,35,51,43
54,35,43,35
54,36,54,54
54,36,54,46
54,36,46,38
54,36,38,37
54,36,37,36
54,37,54,54
54,37,54,53
54,37,53,45
54,37,45,37
54,38,54,54
54,38,54,46
54,38,46,38
54,39,54,54
54,39,54,46
54,39,46,38
54,39,38,39
54,40,54,54
54,40,54,53
54,40,53,52
54,40,52,51
54,40,51,50
54,40,50,42
54,40,42,41
54,40,41,40
54,41,54,54
54,41,54,53
54,41,53,52
54,41,52,51
54,41,51,50
54,41,50,42
54,41,42,41
54,42,54,54
54,42,54,53
54,42,53,52
54,42,52,51
54,42,51,43
54,42,43,42
54,43,54,54
54,43,54,53
54,43,53,45
54,43,45,44
54,43,44,43
54,44,54,54
54,44,54,53
54,44,53,52
54,44,52,44
54,45,54,54
54,45,54,46
54,45,46,45
54,46,54,54
54,46,54,46
54,47,54,54
54,47,54,46
54,47,46,47
54,48,54,54
54,48,54,53
54,48,53,52
54,48,52,51
54,48,51,50
54,48,50,49
54,48,49,48
54,49,54,54
54,49,54,53
54,49,53,52
54,49,52,51
54,49,51,50
54,49,50,49
54,50,54,54
54,50,54,53
54,50,53,52
54,50,52,51
54,50,51,50
54,51,54,54
54,51,54,53
54,51,53,52
54,51,52,51
54,52,54,54
54,52,54,53
54,52,53,52
54,53,54,54
54,53,54,53
54,55,54,54
54,55,54,55
54,56,54,54
54,56,54,53
54,56,53,52
54,56,52,51
54,56,51,50
54,56,50,49
54,56,49,48
54,56,48,56
54,57,54,54
54,57,54,53
54,57,53,52
54,57,52,51
54,57,51,50
54,57,50,49
54,57,49,57
54,58,54,54
54,58,54,53
54,58,53,52
54,58,52,51
54,58,51,50
54,58,50,58
54,59,54,54
54,59,54,53
54,59,53,52
54,59,52,51
54,59,51,59
54,60,54,54
54,60,54,53
54,60,53,52
54,60,52,60
54,61,54,54
54,61,54,53
54,61,53,61
54,62,54,54
54,62,54,62
54,63,54,54
54,63,54,55
54,63,55,63
55,0,55,55
55,0,55,47
55,0,47,39
55,0,39,31
55,0,31,23
55,0,23,15
55,0,15,7
55,0,7,6
55,0,6,5
55,0,5,4
55,0,4,3
55,0,3,2
55,0,2,1
55,0,1,0
55,1,55,55
55,1,55,47
55,1,47,39
55,1,39,31
55,1,31,23
55,1,23,15
55,1,15,7
55,1,7,6
55,1,6,5
55,1,5,4
55,1,4,3
55,1,3,2
55,1,2,1
55,2,55,55
55,2,55,47
55,2,47,39
55,2,39,31
55,2,31,23
55,2,23,15
55,2,15,7
55,2,7,6
55,2,6,5
55,2,5,4
55,2,4,3
55,2,3,2
55,3,55,55
55,3,55,47
55,3,47,39
55,3,39,31
55,3,31,23
55,3,23,15
55,3,15,7
55,3,7,6
55,3,6,5
55,3,5,4
55,3,4,3
55,4,55,55
55,4,55,54
55,4,54,53
55,4,53,52
55,4,52,44
55,4,44,36
55,4,36,28
55,4,28,20
55,4,20,12
55,4,12,4
55,5,55,55
55,5,55,54
55,5,54,53
55,5,53,45
55,5,45,37
55,5,37,29
55,5,29,21
55,5,21,13
55,5,13,5
55,6,55,55
55,6,55,54
55,6,54,46
55,6,46,38
55,6,38,30
55,6,30,22
55,6,22,14
55,6,14,6
55,7,55,55
55,7,55,47
55,7,47,39
55,7,39,31
55,7,31,23
55,7,23,15
55,7,15,7
55,8,55,55
55,8,55,54
55,8,54,46
55,8,46,38
55,8,38,30
55,8,30,22
55,8,22,14
55,8,14,13
55,8,13,12
55,8,12,11
55,8,11,10
55,8,10,9
55,8,9,8
55,9,55,55
55,9,55,54
55,9,54,46
55,9,46,38
55,9,38,30
55,9,30,22
55,9,22,14
55,9,14,13
55,9,13,12
55,9,12,11
55,9,11,10
55,9,10,9
55,10,55,55
55,10,55,54
55,10,54,53
55,10,53,52
55,10,52,51
55,10,51,50
55,10,50,42
55,10,42,34
55,10,34,26
55,10,26,18
55,10,18,10
55,11,55,55
55,11,55,54
55,11,54,46
55,11,46,38
55,11,38,30
55,11,30,22
55,11,22,14
55,11,14,13
55,11,13,12
55,11,12,11
55,12,55,55
55,12,55,54
55,12,54,53
55,12,53,52
55,12,52,44
55,12,44,36
55,12,36,28
55,12,28,20
55,12,20,12
55,13,55,55
55,13,55,54
55,13,54,53
55,13,53,45
55,13,45,37
55,13,37,29
55,13,29,21
55,13,21,13
55,14,55,55
55,14,55,54
55,14,54,46
55,14,46,38
55,14,38,30
55,14,30,22
55,14,22,14
55,15,55,55
55,15,55,47
55,15,47,39
55,15,39,31
55,15,31,23
55,15,23,15
55,16,55,55
55,16,55,54
55,16,54,53
55,16,53,45
55,16,45,37
55,16,37,29
55,16,29,21
55,16,21,20
55,16,20,19
55,16,19,18
55,16,18,17
55,16,17,16
55,17,55,55
55,17,55,54
55,17,54,53
55,17,53,52
55,17,52,51
55,17,51,50
55,17,50,49
55,17,49,41
55,17,41,33
55,17,33,25
55,17,25,17
55,18,55,55
55,18,55,54
55,18,54,53
55,18,53,52
55,18,52,51
55,18,51,50
55,18,50,42
55,18,42,34
55,18,34,26
55,18,26,18
55,19,55,55
55,19,55,54
55,19,54,53
55,19,53,52
55,19,52,51
55,19,51,43
55,19,43,35
55,19,35,27
55,19,27,19
55,20,55,55
55,20,55,54
55,20,54,53
55,20,53,52
55,20,52,44
55,20,44,36
55,20,36,28
55,20,28,20
55,21,55,55
55,21,55,54
55,21,54,53
55,21,53,45
55,21,45,37
55,21,37,29
55,21,29,21
55,22,55,55
55,22,55,47
55,22,47,39
55,22,39,31
55,22,31,23
55,22,23,22
55,23,55,55
55,23,55,47
55,23,47,39
55,23,39,31
55,23,31,23
55,24,55,55
55,24,55,54
55,24,54,53
55,24,53,52
55,24,52,44
55,24,44,36
55,24,36,28
55,24,28,27
55,24,27,26
55,24,26,25
55,24,25,24
55,25,55,55
55,25,55,54
55,25,54,53
55,25,53,52
55,25,52,44
55,25,44,36
55,25,36,28
55,25,28,27
55,25,27,26
55,25,26,25
55,26,55,55
55,26,55,54
55,26,54,53
55,26,53,52
55,26,52,51
55,26,51,50
55,26,50,42
55,26,42,34
55,26,34,26
55,27,55,55
55,27,55,54
55,27,54,53
55,27,53,52
55,27,52,51
55,27,51,43
55,27,43,35
55,27,35,27
55,28,55,55
55,28,55,54
55,28,54,53
55,28,53,52
55,28,52,44
55,28,44,36
55,28,36,28
55,29,55,55
55,29,55,47
55,29,47,39
55,29,39,31
55,29,31,30
55,29,30,29
55,30,55,55
55,30,55,54
55,30,54,46
55,30,46,38
55,30,38,30
55,31,55,55
55,31,55,47
55,31,47,39
55,31,39,31
55,32,55,55
55,32,55,54
55,32,54,53
55,32,53,52
55,32,52,51
55,32,51,50
55,32,50,49
55,32,49,41
55,32,41,33
55,32,33,32
55,33,55,55
55,33,55,54
55,33,54,53
55,33,53,52
55,33,52,51
55,33,51,50
55,33,50,49
55,33,49,41
55,33,41,33
55,34,55,55
55,34,55,54
55,34,54,53
55,34,53,52
55,34,52,51
55,34,51,50
55,34,50,42
55,34,42,34
55,35,55,55
55,35,55,54
55,35,54,53
55,35,53,52
55,35,52,51
55,35,51,43
55,35,43,35
55,36,55,55
55,36,55,54
55,36,54,46
55,36,46,38
55,36,38,37
55,36,37,36
55,37,55,55
55,37,55,54
55,37,54,53
55,37,53,45
55,37,45,37
55,38,55,55
55,38,55,54
55,38,54,46
55,38,46,38
55,39,55,55
55,39,55,47
55,39,47,39
55,40,55,55
55,40,55,54
55,40,54,53
55,40,53,52
55,40,52,51
55,40,51,50
55,40,50,42
55,40,42,41
55,40,41,40
55,41,55,55
55,41,55,54
55,41,54,53
55,41,53,52
55,41,52,51
55,41,51,50
55,41,50,42
55,41,42,41
55,42,55,55
55,42,55,54
55,42,54,53
55,42,53,52
55,42,52,51
55,42,51,43
55,42,43,42
55,43,55,55
55,43,55,54
55,43,54,53
55,43,53,45
55,43,45,44
55,43,44,43
55,44,55,55
55,44,55,54
55,44,54,53
55,44,53,52
55,44,52,44
55,45,55,55
55,45,55,54
55,45,54,53
55,45,53,45
55,46,55,55
55,46,55,47
55,46,47,46
55,47,55,55
55,47,55,47
55,48,55,55
55,48,55,54
55,48,54,53
55,48,53,52
55,48,52,51
55,48,51,50
55,48,50,49
55,48,49,48
55,49,55,55
55,49,55,54
55,49,54,53
55,49,53,52
55,49,52,51
55,49,51,50
55,49,50,49
55,50,55,55
55,50,55,54
55,50,54,53
55,50,53,52
55,50,52,51
55,50,51,50
55,51,55,55
55,51,55,54
55,51,54,53
55,51,53,52
55,51,52,51
55,52,55,55
55,52,55,54
55,52,54,53
55,52,53,52
55,53,55,55
55,53,55,54
55,53,54,53
55,54,55,55
55,54,55,54
55,56,55,55
55,56,55,54
55,56,54,53
55,56,53,52
55,56,52,51
55,56,51,50
55,56,50,49
55,56,49,48
55,56,48,56
55,57,55,55
55,57,55,54
55,57,54,53
55,57,53,52
55,57,52,51
55,57,51,50
55,57,50,49
55,57,49,57
55,58,55,55
55,58,55,54
55,58,54,53
55,58,53,52
55,58,52,51
55,58,51,50
55,58,50,58
55,59,55,55
55,59,55,54
55,59,54,53
55,59,53,52
55,59,52,51
55,59,51,59
55,60,55,55
55,60,55,54
55,60,54,53
55,60,53,52
55,60,52,60
55,61,55,55
55,61,55,54
55,61,54,53
55,61,53,61
55,62,55,55
55,62,55,54
55,62,54,62
55,63,55,55
55,63,55,63
56,0,56,56
56,0,56,48
56,0,48,40
56,0,40,32
56,0,32,24
56,0,24,16
56,0,16,8
56,0,8,0
56,1,56,56
56,1,56,57
56,1,57,49
56,1,49,41
56,1,41,33
56,1,33,25
56,1,25,17
56,1,17,9
56,1,9,1
56,2,56,56
56,2,56,57
56,2,57,58
56,2,58,50
56,2,50,42
56,2,42,34
56,2,34,26
56,2,26,18
56,2,18,10
56,2,10,2
56,3,56,56
56,3,56,57
56,3,57,58
56,3,58,59
56,3,59,51
56,3,51,43
56,3,43,35
56,3,35,27
56,3,27,19
56,3,19,11
56,3,11,3
56,4,56,56
56,4,56,48
56,4,48,40
56,4,40,32
56,4,32,24
56,4,24,16
56,4,16,8
56,4,8,0
56,4,0,1
56,4,1,2
56,4,2,3
56,4,3,4
56,5,56,56
56,5,56,48
56,5,48,40
56,5,40,32
56,5,32,24
56,5,24,16
56,5,16,8
56,5,8,0
56,5,0,1
56,5,1,2
56,5,2,3
56,5,3,4
56,5,4,5
56,6,56,56
56,6,56,48
56,6,48,40
56,6,40,32
56,6,32,24
56,6,24,16
56,6,16,8
56,6,8,0
56,6,0,1
56,6,1,2
56,6,2,3
56,6,3,4
56,6,4,5
56,6,5,6
56,7,56,56
56,7,56,48
56,7,48,40
56,7,40,32
56,7,32,24
56,7,24,16
56,7,16,8
56,7,8,0
56,7,0,1
56,7,1,2
56,7,2,3
56,7,3,4
56,7,4,5
56,7,5,6
56,7,6,7
56,8,56,56
56,8,56,48
56,8,48,40
56,8,40,32
56,8,32,24
56,8,24,16
56,8,16,8
56,9,56,56
56,9,56,57
56,9,57,49
56,9,49,41
56,9,41,33
56,9,33,25
56,9,25,17
56,9,17,9
56,10,56,56
56,10,56,57
56,10,57,58
56,10,58,50
56,10,50,42
56,10,42,34
56,10,34,26
56,10,26,18
56,10,18,10
56,11,56,56
56,11,56,57
56,11,57,58
56,11,58,59
56,11,59,51
56,11,51,43
56,11,43,35
56,11,35,27
56,11,27,19
56,11,19,11
56,12,56,56
56,12,56,57
56,12,57,49
56,12,49,41
56,12,41,33
56,12,33,25
56,12,25,17
56,12,17,9
56,12,9,10
56,12,10,11
56,12,11,12
56,13,56,56
56,13,56,57
56,13,57,58
56,13,58,59
56,13,59,60
56,13,60,61
56,13,61,53
56,13,53,45
56,13,45,37
56,13,37,29
56,13,29,21
56,13,21,13
56,14,56,56
56,14,56,57
56,14,57,49
56,14,49,41
56,14,41,33
56,14,33,25
56,14,25,17
56,14,17,9
56,14,9,10
56,14,10,11
56,14,11,12
56,14,12,13
56,14,13,14
56,15,56,56
56,15,56,57
56,15,57,49
56,15,49,41
56,15,41,33
56,15,33,25
56,15,25,17
56,15,17,9
56,15,9,10
56,15,10,11
56,15,11,12
56,15,12,13
56,15,13,14
56,15,14,15
56,16,56,56
56,16,56,48
56,16,48,40
56,16,40,32
56,16,32,24
56,16,24,16
56,17,56,56
56,17,56,48
56,17,48,40
56,17,40,32
56,17,32,24
56,17,24,16
56,17,16,17
56,18,56,56
56,18,56,57
56,18,57,58
56,18,58,50
56,18,50,42
56,18,42,34
56,18,34,26
56,18,26,18
56,19,56,56
56,19,56,57
56,19,57,58
56,19,58,59
56,19,59,51
56,19,51,43
56,19,43,35
56,19,35,27
56,19,27,19
56,20,56,56
56,20,56,57
56,20,57,58
56,20,58,59
56,20,59,60
56,20,60,52
56,20,52,44
56,20,44,36
56,20,36,28
56,20,28,20
56,21,56,56
56,21,56,57
56,21,57,58
56,21,58,59
56,21,59,60
56,21,60,61
56,21,61,53
56,21,53,45
56,21,45,37
56,21,37,29
56,21,29,21
56,22,56,56
56,22,56,57
56,22,57,58
56,22,58,59
56,22,59,60
56,22,60,61
56,22,61,62
56,22,62,54
56,22,54,46
56,22,46,38
56,22,38,30
56,22,30,22
56,23,56,56
56,23,56,57
56,23,57,58
56,23,58,50
56,23,50,42
56,23,42,34
56,23,34,26
56,23,26,18
56,23,18,19
56,23,19,20
56,23,20,21
56,23,21,22
56,23,22,23
56,24,56,56
56,24,56,48
56,24,48,40
56,24,40,32
56,24,32,24
56,25,56,56
56,25,56,57
56,25,57,49
56,25,49,41
56,25,41,33
56,25,33,25
56,26,56,56
56,26,56,48
56,26,48,40
56,26,40,32
56,26,32,24
56,26,24,25
56,26,25,26
56,27,56,56
56,27,56,57
56,27,57,58
56,27,58,59
56,27,59,51
56,27,51,43
56,27,43,35
56,27,35,27
56,28,56,56
56,28,56,57
56,28,57,58
56,28,58,59
56,28,59,60
56,28,60,52
56,28,52,44
56,28,44,36
56,28,36,28
56,29,56,56
56,29,56,57
56,29,57,58
56,29,58,59
56,29,59,60
56,29,60,61
56,29,61,53
56,29,53,45
56,29,45,37
56,29,37,29
56,30,56,56
56,30,56,57
56,30,57,58
56,30,58,59
56,30,59,51
56,30,51,43
56,30,43,35
56,30,35,27
56,30,27,28
56,30,28,29
56,30,29,30
56,31,56,56
56,31,56,57
56,31,57,58
56,31,58,59
56,31,59,51
56,31,51,43
56,31,43,35
56,31,35,27
56,31,27,28
56,31,28,29
56,31,29,30
56,31,30,31
56,32,56,56
56,32,56,48
56,32,48,40
56,32,40,32
56,33,56,56
56,33,56,57
56,33,57,49
56,33,49,41
56,33,41,33
56,34,56,56
56,34,56,57
56,34,57,58
56,34,58,50
56,34,50,42
56,34,42,34
56,35,56,56
56,35,56,57
56,35,57,49
56,35,49,41
56,35,41,33
56,35,33,34
56,35,34,35
56,36,56,56
56,36,56,57
56,36,57,58
56,36,58,59
56,36,59,60
56,36,60,52
56,36,52,44
56,36,44,36
56,37,56,56
56,37,56,57
56,37,57,58
56,37,58,59
56,37,59,60
56,37,60,61
56,37,61,53
56,37,53,45
56,37,45,37
56,38,56,56
56,38,56,57
56,38,57,58
56,38,58,59
56,38,59,60
56,38,60,61
56,38,61,62
56,38,62,54
56,38,54,46
56,38,46,38
56,39,56,56
56,39,56,57
56,39,57,58
56,39,58,59
56,39,59,60
56,39,60,61
56,39,61,62
56,39,62,63
56,39,63,55
56,39,55,47
56,39,47,39
56,40,56,56
56,40,56,48
56,40,48,40
56,41,56,56
56,41,56,57
56,41,57,49
56,41,49,41
56,42,56,56
56,42,56,57
56,42,57,58
56,42,58,50
56,42,50,42
56,43,56,56
56,43,56,57
56,43,57,58
56,43,58,59
56,43,59,51
56,43,51,43
56,44,56,56
56,44,56,57
56,44,57,58
56,44,58,50
56,44,50,42
56,44,42,43
56,44,43,44
56,45,56,56
56,45,56,57
56,45,57,58
56,45,58,59
56,45,59,60
56,45,60,61
56,45,61,53
56,45,53,45
56,46,56,56
56,46,56,57
56,46,57,58
56,46,58,59
56,46,59,60
56,46,60,61
56,46,61,62
56,46,62,54
56,46,54,46
56,47,56,56
56,47,56,57
56,47,57,58
56,47,58,59
56,47,59,60
56,47,60,61
56,47,61,62
56,47,62,54
56,47,54,46
56,47,46,47
56,48,56,56
56,48,56,48
56,49,56,56
56,49,56,48
56,49,48,49
56,50,56,56
56,50,56,57
56,50,57,58
56,50,58,50
56,51,56,56
56,51,56,57
56,51,57,58
56,51,58,59
56,51,59,51
56,52,56,56
56,52,56,57
56,52,57,58
56,52,58,59
56,52,59,60
56,52,60,52
56,53,56,56
56,53,56,57
56,53,57,58
56,53,58,59
56,53,59,51
56,53,51,52
56,53,52,53
56,54,56,56
56,54,56,57
56,54,57,58
56,54,58,59
56,54,59,60
56,54,60,61
56,54,61,53
56,54,53,54
56,55,56,56
56,55,56,57
56,55,57,58
56,55,58,59
56,55,59,60
56,55,60,61
56,55,61,53
56,55,53,54
56,55,54,55
56,57,56,56
56,57,56,57
56,58,56,56
56,58,56,57
56,58,57,58
56,59,56,56
56,59,56,57
56,59,57,58
56,59,58,59
56,60,56,56
56,60,56,57
56,60,57,58
56,60,58,59
56,60,59,60
56,61,56,56
56,61,56,57
56,61,57,58
56,61,58,59
56,61,59,60
56,61,60,61
56,62,56,56
56,62,56,57
56,62,57,58
56,62,58,59
56,62,59,60
56,62,60,61
56,62,61,62
56,63,56,56
56,63,56,57
56,63,57,58
56,63,58,59
56,63,59,60
56,63,60,61
56,63,61,62
56,63,62,63
57,0,57,57
57,0,57,56
57,0,56,48
57,0,48,40
57,0,40,32
57,0,32,24
57,0,24,16
57,0,16,8
57,0,8,0
57,1,57,57
57,1,57,49
57,1,49,41
57,1,41,33
57,1,33,25
57,1,25,17
57,1,17,9
57,1,9,1
57,2,57,57
57,2,57,58
57,2,58,50
57,2,50,42
57,2,42,34
57,2,34,26
57,2,26,18
57,2,18,10
57,2,10,2
57,3,57,57
57,3,57,58
57,3,58,59
57,3,59,51
57,3,51,43
57,3,43,35
57,3,35,27
57,3,27,19
57,3,19,11
57,3,11,3
57,4,57,57
57,4,57,49
57,4,49,41
57,4,41,33
57,4,33,25
57,4,25,17
57,4,17,9
57,4,9,1
57,4,1,2
57,4,2,3
57,4,3,4
57,5,57,57
57,5,57,49
57,5,49,41
57,5,41,33
57,5,33,25
57,5,25,17
57,5,17,9
57,5,9,1
57,5,1,2
57,5,2,3
57,5,3,4
57,5,4,5
57,6,57,57
57,6,57,49
57,6,49,41
57,6,41,33
57,6,33,25
57,6,25,17
57,6,17,9
57,6,9,1
57,6,1,2
57,6,2,3
57,6,3,4
57,6,4,5
57,6,5,6
57,7,57,57
57,7,57,49
57,7,49,41
57,7,41,33
57,7,33,25
57,7,25,17
57,7,17,9
57,7,9,1
57,7,1,2
57,7,2,3
57,7,3,4
57,7,4,5
57,7,5,6
57,7,6,7
57,8,57,57
57,8,57,56
57,8,56,48
57,8,48,40
57,8,40,32
57,8,32,24
57,8,24,16
57,8,16,8
57,9,57,57
57,9,57,49
57,9,49,41
57,9,41,33
57,9,33,25
57,9,25,17
57,9,17,9
57,10,57,57
57,10,57,58
57,10,58,50
57,10,50,42
57,10,42,34
57,10,34,26
57,10,26,18
57,10,18,10
57,11,57,57
57,11,57,58
57,11,58,59
57,11,59,51
57,11,51,43
57,11,43,35
57,11,35,27
57,11,27,19
57,11,19,11
57,12,57,57
57,12,57,49
57,12,49,41
57,12,41,33
57,12,33,25
57,12,25,17
57,12,17,9
57,12,9,10
57,12,10,11
57,12,11,12
57,13,57,57
57,13,57,58
57,13,58,59
57,13,59,60
57,13,60,61
57,13,61,53
57,13,53,45
57,13,45,37
57,13,37,29
57,13,29,21
57,13,21,13
57,14,57,57
57,14,57,49
57,14,49,41
57,14,41,33
57,14,33,25
57,14,25,17
57,14,17,9
57,14,9,10
57,14,10,11
57,14,11,12
57,14,12,13
57,14,13,14
57,15,57,57
57,15,57,49
57,15,49,41
57,15,41,33
57,15,33,25
57,15,25,17
57,15,17,9
57,15,9,10
57,15,10,11
57,15,11,12
57,15,12,13
57,15,13,14
57,15,14,15
57,16,57,57
57,16,57,56
57,16,56,48
57,16,48,40
57,16,40,32
57,16,32,24
57,16,24,16
57,17,57,57
57,17,57,49
57,17,49,41
57,17,41,33
57,17,33,25
57,17,25,17
57,18,57,57
57,18,57,58
57,18,58,50
57,18,50,42
57,18,42,34
57,18,34,26
57,18,26,18
57,19,57,57
57,19,57,58
57,19,58,59
57,19,59,51
57,19,51,43
57,19,43,35
57,19,35,27
57,19,27,19
57,20,57,57
57,20,57,58
57,20,58,59
57,20,59,60
57,20,60,52
57,20,52,44
57,20,44,36
57,20,36,28
57,20,28,20
57,21,57,57
57,21,57,58
57,21,58,59
57,21,59,60
57,21,60,61
57,21,61,53
57,21,53,45
57,21,45,37
57,21,37,29
57,21,29,21
57,22,57,57
57,22,57,58
57,22,58,59
57,22,59,60
57,22,60,61
57,22,61,62
57,22,62,54
57,22,54,46
57,22,46,38
57,22,38,30
57,22,30,22
57,23,57,57
57,23,57,58
57,23,58,50
57,23,50,42
57,23,42,34
57,23,34,26
57,23,26,18
57,23,18,19
57,23,19,20
57,23,20,21
57,23,21,22
57,23,22,23
57,24,57,57
57,24,57,56
57,24,56,48
57,24,48,40
57,24,40,32
57,24,32,24
57,25,57,57
57,25,57,49
57,25,49,41
57,25,41,33
57,25,33,25
57,26,57,57
57,26,57,49
57,26,49,41
57,26,41,33
57,26,33,25
57,26,25,26
57,27,57,57
57,27,57,58
57,27,58,59
57,27,59,51
57,27,51,43
57,27,43,35
57,27,35,27
57,28,57,57
57,28,57,58
57,28,58,59
57,28,59,60
57,28,60,52
57,28,52,44
57,28,44,36
57,28,36,28
57,29,57,57
57,29,57,58
57,29,58,59
57,29,59,60
57,29,60,61
57,29,61,53
57,29,53,45
57,29,45,37
57,29,37,29
57,30,57,57
57,30,57,58
57,30,58,59
57,30,59,51
57,30,51,43
57,30,43,35
57,30,35,27
57,30,27,28
57,30,28,29
57,30,29,30
57,31,57,57
57,31,57,58
57,31,58,59
57,31,59,51
57,31,51,43
57,31,43,35
57,31,35,27
57,31,27,28
57,31,28,29
57,31,29,30
57,31,30,31
57,32,57,57
57,32,57,49
57,32,49,41
57,32,41,33
57,32,33,32
57,33,57,57
57,33,57,49
57,33,49,41
57,33,41,33
57,34,57,57
57,34,57,58
57,34,58,50
57,34,50,42
57,34,42,34
57,35,57,57
57,35,57,49
57,35,49,41
57,35,41,33
57,35,33,34
57,35,34,35
57,36,57,57
57,36,57,58
57,36,58,59
57,36,59,60
57,36,60,52
57,36,52,44
57,36,44,36
57,37,57,57
57,37,57,58
57,37,58,59
57,37,59,60
57,37,60,61
57,37,61,53
57,37,53,45
57,37,45,37
57,38,57,57
57,38,57,58
57,38,58,59
57,38,59,60
57,38,60,61
57,38,61,62
57,38,62,54
57,38,54,46
57,38,46,38
57,39,57,57
57,39,57,58
57,39,58,59
57,39,59,60
57,39,60,61
57,39,61,62
57,39,62,63
57,39,63,55
57,39,55,47
57,39,47,39
57,40,57,57
57,40,57,56
57,40,56,48
57,40,48,40
57,41,57,57
57,41,57,49
57,41,49,41
57,42,57,57
57,42,57,58
57,42,58,50
57,42,50,42
57,43,57,57
57,43,57,58
57,43,58,59
57,43,59,51
57,43,51,43
57,44,57,57
57,44,57,58
57,44,58,50
57,44,50,42
57,44,42,43
57,44,43,44
57,45,57,57
57,45,57,58
57,45,58,59
57,45,59,60
57,45,60,61
57,45,61,53
57,45,53,45
57,46,57,57
57,46,57,58
57,46,58,59
57,46,59,60
57,46,60,61
57,46,61,62
57,46,62,54
57,46,54,46
57,47,57,57
57,47,57,58
57,47,58,59
57,47,59,60
57,47,60,61
57,47,61,62
57,47,62,54
57,47,54,46
57,47,46,47
57,48,57,57
57,48,57,49
57,48,49,48
57,49,57,57
57,49,57,49
57,50,57,57
57,50,57,49
57,50,49,50
57,51,57,57
57,51,57,58
57,51,58,59
57,51,59,51
57,52,57,57
57,52,57,58
57,52,58,59
57,52,59,60
57,52,60,52
57,53,57,57
57,53,57,58
57,53,58,59
57,53,59,51
57,53,51,52
57,53,52,53
57,54,57,57
57,54,57,58
57,54,58,59
57,54,59,60
57,54,60,61
57,54,61,53
57,54,53,54
57,55,57,57
57,55,57,58
57,55,58,59
57,55,59,60
57,55,60,61
57,55,61,53
57,55,53,54
57,55,54,55
57,56,57,57
57,56,57,56
57,58,57,57
57,58,57,58
57,59,57,57
57,59,57,58
57,59,58,59
57,60,57,57
57,60,57,58
57,60,58,59
57,60,59,60
57,61,57,57
57,61,57,58
57,61,58,59
57,61,59,60
57,61,60,61
57,62,57,57
57,62,57,58
57,62,58,59
57,62,59,60
57,62,60,61
57,62,61,62
57,63,57,57
57,63,57,58
57,63,58,59
57,63,59,60
57,63,60,61
57,63,61,62
57,63,62,63
58,0,58,58
58,0,58,57
58,0,57,56
58,0,56,48
58,0,48,40
58,0,40,32
58,0,32,24
58,0,24,16
58,0,16,8
58,0,8,0
58,1,58,58
58,1,58,57
58,1,57,49
58,1,49,41
58,1,41,33
58,1,33,25
58,1,25,17
58,1,17,9
58,1,9,1
58,2,58,58
58,2,58,50
58,2,50,42
58,2,42,34
58,2,34,26
58,2,26,18
58,2,18,10
58,2,10,2
58,3,58,58
58,3,58,59
58,3,59,51
58,3,51,43
58,3,43,35
58,3,35,27
58,3,27,19
58,3,19,11
58,3,11,3
58,4,58,58
58,4,58,50
58,4,50,42
58,4,42,34
58,4,34,26
58,4,26,18
58,4,18,10
58,4,10,2
58,4,2,3
58,4,3,4
58,5,58,58
58,5,58,50
58,5,50,42
58,5,42,34
58,5,34,26
58,5,26,18
58,5,18,10
58,5,10,2
58,5,2,3
58,5,3,4
58,5,4,5
58,6,58,58
58,6,58,50
58,6,50,42
58,6,42,34
58,6,34,26
58,6,26,18
58,6,18,10
58,6,10,2
58,6,2,3
58,6,3,4
58,6,4,5
58,6,5,6
58,7,58,58
58,7,58,50
58,7,50,42
58,7,42,34
58,7,34,26
58,7,26,18
58,7,18,10
58,7,10,2
58,7,2,3
58,7,3,4
58,7,4,5
58,7,5,6
58,7,6,7
58,8,58,58
58,8,58,57
58,8,57,56
58,8,56,48
58,8,48,40
58,8,40,32
58,8,32,24
58,8,24,16
58,8,16,8
58,9,58,58
58,9,58,50
58,9,50,42
58,9,42,34
58,9,34,26
58,9,26,18
58,9,18,10
58,9,10,9
58,10,58,58
58,10,58,50
58,10,50,42
58,10,42,34
58,10,34,26
58,10,26,18
58,10,18,10
58,11,58,58
58,11,58,59
58,11,59,51
58,11,51,43
58,11,43,35
58,11,35,27
58,11,27,19
58,11,19,11
58,12,58,58
58,12,58,50
58,12,50,42
58,12,42,34
58,12,34,26
58,12,26,18
58,12,18,10
58,12,10,11
58,12,11,12
58,13,58,58
58,13,58,59
58,13,59,60
58,13,60,61
58,13,61,53
58,13,53,45
58,13,45,37
58,13,37,29
58,13,29,21
58,13,21,13
58,14,58,58
58,14,58,50
58,14,50,42
58,14,42,34
58,14,34,26
58,14,26,18
58,14,18,10
58,14,10,11
58,14,11,12
58,14,12,13
58,14,13,14
58,15,58,58
58,15,58,50
58,15,50,42
58,15,42,34
58,15,34,26
58,15,26,18
58,15,18,10
58,15,10,11
58,15,11,12
58,15,12,13
58,15,13,14
58,15,14,15
58,16,58,58
58,16,58,57
58,16,57,56
58,16,56,48
58,16,48,40
58,16,40,32
58,16,32,24
58,16,24,16
58,17,58,58
58,17,58,57
58,17,57,49
58,17,49,41
58,17,41,33
58,17,33,25
58,17,25,17
58,18,58,58
58,18,58,50
58,18,50,42
58,18,42,34
58,18,34,26
58,18,26,18
58,19,58,58
58,19,58,59
58,19,59,51
58,19,51,43
58,19,43,35
58,19,35,27
58,19,27,19
58,20,58,58
58,20,58,59
58,20,59,60
58,20,60,52
58,20,52,44
58,20,44,36
58,20,36,28
58,20,28,20
58,21,58,58
58,21,58,59
58,21,59,60
58,21,60,61
58,21,61,53
58,21,53,45
58,21,45,37
58,21,37,29
58,21,29,21
58,22,58,58
58,22,58,59
58,22,59,60
58,22,60,61
58,22,61,62
58,22,62,54
58,22,54,46
58,22,46,38
58,22,38,30
58,22,30,22
58,23,58,58
58,23,58,50
58,23,50,42
58,23,42,34
58,23,34,26
58,23,26,18
58,23,18,19
58,23,19,20
58,23,20,21
58,23,21,22
58,23,22,23
58,24,58,58
58,24,58,50
58,24,50,42
58,24,42,34
58,24,34,26
58,24,26,25
58,24,25,24
58,25,58,58
58,25,58,57
58,25,57,49
58,25,49,41
58,25,41,33
58,25,33,25
58,26,58,58
58,26,58,50
58,26,50,42
58,26,42,34
58,26,34,26
58,27,58,58
58,27,58,59
58,27,59,51
58,27,51,43
58,27,43,35
58,27,35,27
58,28,58,58
58,28,58,59
58,28,59,60
58,28,60,52
58,28,52,44
58,28,44,36
58,28,36,28
58,29,58,58
58,29,58,59
58,29,59,60
58,29,60,61
58,29,61,53
58,29,53,45
58,29,45,37
58,29,37,29
58,30,58,58
58,30,58,59
58,30,59,51
58,30,51,43
58,30,43,35
58,30,35,27
58,30,27,28
58,30,28,29
58,30,29,30
58,31,58,58
58,31,58,59
58,31,59,51
58,31,51,43
58,31,43,35
58,31,35,27
58,31,27,28
58,31,28,29
58,31,29,30
58,31,30,31
58,32,58,58
58,32,58,57
58,32,57,56
58,32,56,48
58,32,48,40
58,32,40,32
58,33,58,58
58,33,58,50
58,33,50,42
58,33,42,34
58,33,34,33
58,34,58,58
58,34,58,50
58,34,50,42
58,34,42,34
58,35,58,58
58,35,58,50
58,35,50,42
58,35,42,34
58,35,34,35
58,36,58,58
58,36,58,59
58,36,59,60
58,36,60,52
58,36,52,44
58,36,44,36
58,37,58,58
58,37,58,59
58,37,59,60
58,37,60,61
58,37,61,53
58,37,53,45
58,37,45,37
58,38,58,58
58,38,58,59
58,38,59,60
58,38,60,61
58,38,61,62
58,38,62,54
58,38,54,46
58,38,46,38
58,39,58,58
58,39,58,59
58,39,59,60
58,39,60,61
58,39,61,62
58,39,62,63
58,39,63,55
58,39,55,47
58,39,47,39
58,40,58,58
58,40,58,50
58,40,50,42
58,40,42,41
58,40,41,40
58,41,58,58
58,41,58,57
58,41,57,49
58,41,49,41
58,42,58,58
58,42,58,50
58,42,50,42
58,43,58,58
58,43,58,59
58,43,59,51
58,43,51,43
58,44,58,58
58,44,58,50
58,44,50,42
58,44,42,43
58,44,43,44
58,45,58,58
58,45,58,59
58,45,59,60
58,45,60,61
58,45,61,53
58,45,53,45
58,46,58,58
58,46,58,59
58,46,59,60
58,46,60,61
58,46,61,62
58,46,62,54
58,46,54,46
58,47,58,58
58,47,58,59
58,47,59,60
58,47,60,61
58,47,61,62
58,47,62,54
58,47,54,46
58,47,46,47
58,48,58,58
58,48,58,57
58,48,57,56
58,48,56,48
58,49,58,58
58,49,58,50
58,49,50,49
58,50,58,58
58,50,58,50
58,51,58,58
58,51,58,50
58,51,50,51
58,52,58,58
58,52,58,59
58,52,59,60
58,52,60,52
58,53,58,58
58,53,58,59
58,53,59,51
58,53,51,52
58,53,52,53
58,54,58,58
58,54,58,59
58,54,59,60
58,54,60,61
58,54,61,53
58,54,53,54
58,55,58,58
58,55,58,59
58,55,59,60
58,55,60,61
58,55,61,53
58,55,53,54
58,55,54,55
58,56,58,58
58,56,58,57
58,56,57,56
58,57,58,58
58,57,58,57
58,59,58,58
58,59,58,59
58,60,58,58
58,60,58,59
58,60,59,60
58,61,58,58
58,61,58,59
58,61,59,60
58,61,60,61
58,62,58,58
58,62,58,59
58,62,59,60
58,62,60,61
58,62,61,62
58,63,58,58
58,63,58,59
58,63,59,60
58,63,60,61
58,63,61,62
58,63,62,63
59,0,59,59
59,0,59,58
59,0,58,57
59,0,57,56
59,0,56,48
59,0,48,40
59,0,40,32
59,0,32,24
59,0,24,16
59,0,16,8
59,0,8,0
59,1,59,59
59,1,59,58
59,1,58,57
59,1,57,49
59,1,49,41
59,1,41,33
59,1,33,25
59,1,25,17
59,1,17,9
59,1,9,1
59,2,59,59
59,2,59,58
59,2,58,50
59,2,50,42
59,2,42,34
59,2,34,26
59,2,26,18
59,2,18,10
59,2,10,2
59,3,59,59
59,3,59,51
59,3,51,43
59,3,43,35
59,3,35,27
59,3,27,19
59,3,19,11
59,3,11,3
59,4,59,59
59,4,59,51
59,4,51,43
59,4,43,35
59,4,35,27
59,4,27,19
59,4,19,11
59,4,11,3
59,4,3,4
59,5,59,59
59,5,59,51
59,5,51,43
59,5,43,35
59,5,35,27
59,5,27,19
59,5,19,11
59,5,11,3
59,5,3,4
59,5,4,5
59,6,59,59
59,6,59,51
59,6,51,43
59,6,43,35
59,6,35,27
59,6,27,19
59,6,19,11
59,6,11,3
59,6,3,4
59,6,4,5
59,6,5,6
59,7,59,59
59,7,59,51
59,7,51,43
59,7,43,35
59,7,35,27
59,7,27,19
59,7,19,11
59,7,11,3
59,7,3,4
59,7,4,5
59,7,5,6
59,7,6,7
59,8,59,59
59,8,59,58
59,8,58,57
59,8,57,56
59,8,56,48
59,8,48,40
59,8,40,32
59,8,32,24
59,8,24,16
59,8,16,8
59,9,59,59
59,9,59,58
59,9,58,57
59,9,57,49
59,9,49,41
59,9,41,33
59,9,33,25
59,9,25,17
59,9,17,9
59,10,59,59
59,10,59,51
59,10,51,43
59,10,43,35
59,10,35,27
59,10,27,19
59,10,19,11
59,10,11,10
59,11,59,59
59,11,59,51
59,11,51,43
59,11,43,35
59,11,35,27
59,11,27,19
59,11,19,11
59,12,59,59
59,12,59,51
59,12,51,43
59,12,43,35
59,12,35,27
59,12,27,19
59,12,19,11
59,12,11,12
59,13,59,59
59,13,59,60
59,13,60,61
59,13,61,53
59,13,53,45
59,13,45,37
59,13,37,29
59,13,29,21
59,13,21,13
59,14,59,59
59,14,59,51
59,14,51,43
59,14,43,35
59,14,35,27
59,14,27,19
59,14,19,11
59,14,11,12
59,14,12,13
59,14,13,14
59,15,59,59
59,15,59,51
59,15,51,43
59,15,43,35
59,15,35,27
59,15,27,19
59,15,19,11
59,15,11,12
59,15,12,13
59,15,13,14
59,15,14,15
59,16,59,59
59,16,59,58
59,16,58,57
59,16,57,56
59,16,56,48
59,16,48,40
59,16,40,32
59,16,32,24
59,16,24,16
59,17,59,59
59,17,59,51
59,17,51,43
59,17,43,35
59,17,35,27
59,17,27,19
59,17,19,18
59,17,18,17
59,18,59,59
59,18,59,58
59,18,58,50
59,18,50,42
59,18,42,34
59,18,34,26
59,18,26,18
59,19,59,59
59,19,59,51
59,19,51,43
59,19,43,35
59,19,35,27
59,19,27,19
59,20,59,59
59,20,59,60
59,20,60,52
59,20,52,44
59,20,44,36
59,20,36,28
59,20,28,20
59,21,59,59
59,21,59,60
59,21,60,61
59,21,61,53
59,21,53,45
59,21,45,37
59,21,37,29
59,21,29,21
59,22,59,59
59,22,59,60
59,22,60,61
59,22,61,62
59,22,62,54
59,22,54,46
59,22,46,38
59,22,38,30
59,22,30,22
59,23,59,59
59,23,59,51
59,23,51,43
59,23,43,35
59,23,35,27
59,23,27,19
59,23,19,20
59,23,20,21
59,23,21,22
59,23,22,23
59,24,59,59
59,24,59,58
59,24,58,57
59,24,57,56
59,24,56,48
59,24,48,40
59,24,40,32
59,24,32,24
59,25,59,59
59,25,59,58
59,25,58,57
59,25,57,49
59,25,49,41
59,25,41,33
59,25,33,25
59,26,59,59
59,26,59,58
59,26,58,50
59,26,50,42
59,26,42,34
59,26,34,26
59,27,59,59
59,27,59,51
59,27,51,43
59,27,43,35
59,27,35,27
59,28,59,59
59,28,59,60
59,28,60,52
59,28,52,44
59,28,44,36
59,28,36,28
59,29,59,59
59,29,59,60
59,29,60,61
59,29,61,53
59,29,53,45
59,29,45,37
59,29,37,29
59,30,59,59
59,30,59,51
59,30,51,43
59,30,43,35
59,30,35,27
59,30,27,28
59,30,28,29
59,30,29,30
59,31,59,59
59,31,59,51
59,31,51,43
59,31,43,35
59,31,35,27
59,31,27,28
59,31,28,29
59,31,29,30
59,31,30,31
59,32,59,59
59,32,59,51
59,32,51,43
59,32,43,35
59,32,35,34
59,32,34,33
59,32,33,32
59,33,59,59
59,33,59,58
59,33,58,57
59,33,57,49
59,33,49,41
59,33,41,33
59,34,59,59
59,34,59,51
59,34,51,43
59,34,43,35
59,34,35,34
59,35,59,59
59,35,59,51
59,35,51,43
59,35,43,35
59,36,59,59
59,36,59,51
59,36,51,43
59,36,43,35
59,36,35,36
59,37,59,59
59,37,59,60
59,37,60,61
59,37,61,53
59,37,53,45
59,37,45,37
59,38,59,59
59,38,59,60
59,38,60,61
59,38,61,62
59,38,62,54
59,38,54,46
59,38,46,38
59,39,59,59
59,39,59,60
59,39,60,61
59,39,61,62
59,39,62,63
59,39,63,55
59,39,55,47
59,39,47,39
59,40,59,59
59,40,59,58
59,40,58,57
59,40,57,56
59,40,56,48
59,40,48,40
59,41,59,59
59,41,59,51
59,41,51,43
59,41,43,42
59,41,42,41
59,42,59,59
59,42,59,58
59,42,58,50
59,42,50,42
59,43,59,59
59,43,59,51
59,43,51,43
59,44,59,59
59,44,59,60
59,44,60,52
59,44,52,44
59,45,59,59
59,45,59,51
59,45,51,43
59,45,43,44
59,45,44,45
59,46,59,59
59,46,59,60
59,46,60,61
59,46,61,62
59,46,62,54
59,46,54,46
59,47,59,59
59,47,59,60
59,47,60,52
59,47,52,44
59,47,44,45
59,47,45,46
59,47,46,47
59,48,59,59
59,48,59,58
59,48,58,50
59,48,50,49
59,48,49,48
59,49,59,59
59,49,59,58
59,49,58,57
59,49,57,49
59,50,59,59
59,50,59,51
59,50,51,50
59,51,59,59
59,51,59,51
59,52,59,59
59,52,59,51
59,52,51,52
59,53,59,59
59,53,59,60
59,53,60,61
59,53,61,53
59,54,59,59
59,54,59,60
59,54,60,52
59,54,52,53
59,54,53,54
59,55,59,59
59,55,59,60
59,55,60,52
59,55,52,53
59,55,53,54
59,55,54,55
59,56,59,59
59,56,59,58
59,56,58,57
59,56,57,56
59,57,59,59
59,57,59,58
59,57,58,57
59,58,59,59
59,58,59,58
59,60,59,59
59,60,59,60
59,61,59,59
59,61,59,60
59,61,60,61
59,62,59,59
59,62,59,60
59,62,60,61
59,62,61,62
59,63,59,59
59,63,59,60
59,63,60,61
59,63,61,62
59,63,62,63
60,0,60,60
60,0,60,52
60,0,52,44
60,0,44,36
60,0,36,28
60,0,28,20
60,0,20,12
60,0,12,4
60,0,4,3
60,0,3,2
60,0,2,1
60,0,1,0
60,1,60,60
60,1,60,52
60,1,52,44
60,1,44,36
60,1,36,28
60,1,28,20
60,1,20,12
60,1,12,4
60,1,4,3
60,1,3,2
60,1,2,1
60,2,60,60
60,2,60,52
60,2,52,44
60,2,44,36
60,2,36,28
60,2,28,20
60,2,20,12
60,2,12,4
60,2,4,3
60,2,3,2
60,3,60,60
60,3,60,52
60,3,52,44
60,3,44,36
60,3,36,28
60,3,28,20
60,3,20,12
60,3,12,4
60,3,4,3
60,4,60,60
60,4,60,52
60,4,52,44
60,4,44,36
60,4,36,28
60,4,28,20
60,4,20,12
60,4,12,4
60,5,60,60
60,5,60,61
60,5,61,53
60,5,53,45
60,5,45,37
60,5,37,29
60,5,29,21
60,5,21,13
60,5,13,5
60,6,60,60
60,6,60,61
60,6,61,62
60,6,62,54
60,6,54,46
60,6,46,38
60,6,38,30
60,6,30,22
60,6,22,14
60,6,14,6
60,7,60,60
60,7,60,61
60,7,61,62
60,7,62,63
60,7,63,55
60,7,55,47
60,7,47,39
60,7,39,31
60,7,31,23
60,7,23,15
60,7,15,7
60,8,60,60
60,8,60,52
60,8,52,44
60,8,44,36
60,8,36,28
60,8,28,20
60,8,20,12
60,8,12,11
60,8,11,10
60,8,10,9
60,8,9,8
60,9,60,60
60,9,60,52
60,9,52,44
60,9,44,36
60,9,36,28
60,9,28,20
60,9,20,12
60,9,12,11
60,9,11,10
60,9,10,9
60,10,60,60
60,10,60,59
60,10,59,58
60,10,58,50
60,10,50,42
60,10,42,34
60,10,34,26
60,10,26,18
60,10,18,10
60,11,60,60
60,11,60,52
60,11,52,44
60,11,44,36
60,11,36,28
60,11,28,20
60,11,20,12
60,11,12,11
60,12,60,60
60,12,60,52
60,12,52,44
60,12,44,36
60,12,36,28
60,12,28,20
60,12,20,12
60,13,60,60
60,13,60,52
60,13,52,44
60,13,44,36
60,13,36,28
60,13,28,20
60,13,20,12
60,13,12,13
60,14,60,60
60,14,60,61
60,14,61,62
60,14,62,54
60,14,54,46
60,14,46,38
60,14,38,30
60,14,30,22
60,14,22,14
60,15,60,60
60,15,60,61
60,15,61,62
60,15,62,63
60,15,63,55
60,15,55,47
60,15,47,39
60,15,39,31
60,15,31,23
60,15,23,15
60,16,60,60
60,16,60,52
60,16,52,44
60,16,44,36
60,16,36,28
60,16,28,20
60,16,20,19
60,16,19,18
60,16,18,17
60,16,17,16
60,17,60,60
60,17,60,59
60,17,59,58
60,17,58,57
60,17,57,49
60,17,49,41
60,17,41,33
60,17,33,25
60,17,25,17
60,18,60,60
60,18,60,59
60,18,59,58
60,18,58,50
60,18,50,42
60,18,42,34
60,18,34,26
60,18,26,18
60,19,60,60
60,19,60,59
60,19,59,51
60,19,51,43
60,19,43,35
60,19,35,27
60,19,27,19
60,20,60,60
60,20,60,52
60,20,52,44
60,20,44,36
60,20,36,28
60,20,28,20
60,21,60,60
60,21,60,61
60,21,61,53
60,21,53,45
60,21,45,37
60,21,37,29
60,21,29,21
60,22,60,60
60,22,60,52
60,22,52,44
60,22,44,36
60,22,36,28
60,22,28,20
60,22,20,21
60,22,21,22
60,23,60,60
60,23,60,61
60,23,61,62
60,23,62,63
60,23,63,55
60,23,55,47
60,23,47,39
60,23,39,31
60,23,31,23
60,24,60,60
60,24,60,52
60,24,52,44
60,24,44,36
60,24,36,28
60,24,28,27
60,24,27,26
60,24,26,25
60,24,25,24
60,25,60,60
60,25,60,52
60,25,52,44
60,25,44,36
60,25,36,28
60,25,28,27
60,25,27,26
60,25,26,25
60,26,60,60
60,26,60,59
60,26,59,58
60,26,58,50
60,26,50,42
60,26,42,34
60,26,34,26
60,27,60,60
60,27,60,59
60,27,59,51
60,27,51,43
60,27,43,35
60,27,35,27
60,28,60,60
60,28,60,52
60,28,52,44
60,28,44,36
60,28,36,28
60,29,60,60
60,29,60,61
60,29,61,53
60,29,53,45
60,29,45,37
60,29,37,29
60,30,60,60
60,30,60,61
60,30,61,62
60,30,62,54
60,30,54,46
60,30,46,38
60,30,38,30
60,31,60,60
60,31,60,61
60,31,61,62
60,31,62,63
60,31,63,55
60,31,55,47
60,31,47,39
60,31,39,31
60,32,60,60
60,32,60,59
60,32,59,58
60,32,58,57
60,32,57,56
60,32,56,48
60,32,48,40
60,32,40,32
60,33,60,60
60,33,60,59
60,33,59,58
60,33,58,57
60,33,57,49
60,33,49,41
60,33,41,33
60,34,60,60
60,34,60,59
60,34,59,58
60,34,58,50
60,34,50,42
60,34,42,34
60,35,60,60
60,35,60,52
60,35,52,44
60,35,44,36
60,35,36,35
60,36,60,60
60,36,60,52
60,36,52,44
60,36,44,36
60,37,60,60
60,37,60,52
60,37,52,44
60,37,44,36
60,37,36,37
60,38,60,60
60,38,60,61
60,38,61,62
60,38,62,54
60,38,54,46
60,38,46,38
60,39,60,60
60,39,60,52
60,39,52,44
60,39,44,36
60,39,36,37
60,39,37,38
60,39,38,39
60,40,60,60
60,40,60,59
60,40,59,51
60,40,51,43
60,40,43,42
60,40,42,41
60,40,41,40
60,41,60,60
60,41,60,59
60,41,59,58
60,41,58,57
60,41,57,49
60,41,49,41
60,42,60,60
60,42,60,52
60,42,52,44
60,42,44,43
60,42,43,42
60,43,60,60
60,43,60,59
60,43,59,51
60,43,51,43
60,44,60,60
60,44,60,52
60,44,52,44
60,45,60,60
60,45,60,61
60,45,61,53
60,45,53,45
60,46,60,60
60,46,60,52
60,46,52,44
60,46,44,45
60,46,45,46
60,47,60,60
60,47,60,61
60,47,61,62
60,47,62,63
60,47,63,55
60,47,55,47
60,48,60,60
60,48,60,59
60,48,59,51
60,48,51,50
60,48,50,49
60,48,49,48
60,49,60,60
60,49,60,59
60,49,59,51
60,49,51,50
60,49,50,49
60,50,60,60
60,50,60,59
60,50,59,58
60,50,58,50
60,51,60,60
60,51,60,52
60,51,52,51
60,52,60,60
60,52,60,52
60,53,60,60
60,53,60,52
60,53,52,53
60,54,60,60
60,54,60,61
60,54,61,62
60,54,62,54
60,55,60,60
60,55,60,61
60,55,61,53
60,55,53,54
60,55,54,55
60,56,60,60
60,56,60,59
60,56,59,58
60,56,58,57
60,56,57,56
60,57,60,60
60,57,60,59
60,57,59,58
60,57,58,57
60,58,60,60
60,58,60,59
60,58,59,58
60,59,60,60
60,59,60,59
60,61,60,60
60,61,60,61
60,62,60,60
60,62,60,61
60,62,61,62
60,63,60,60
60,63,60,61
60,63,61,62
60,63,62,63
61,0,61,61
61,0,61,53
61,0,53,45
61,0,45,37
61,0,37,29
61,0,29,21
61,0,21,13
61,0,13,5
61,0,5,4
61,0,4,3
61,0,3,2
61,0,2,1
61,0,1,0
61,1,61,61
61,1,61,53
61,1,53,45
61,1,45,37
61,1,37,29
61,1,29,21
61,1,21,13
61,1,13,5
61,1,5,4
61,1,4,3
61,1,3,2
61,1,2,1
61,2,61,61
61,2,61,53
61,2,53,45
61,2,45,37
61,2,37,29
61,2,29,21
61,2,21,13
61,2,13,5
61,2,5,4
61,2,4,3
61,2,3,2
61,3,61,61
61,3,61,53
61,3,53,45
61,3,45,37
61,3,37,29
61,3,29,21
61,3,21,13
61,3,13,5
61,3,5,4
61,3,4,3
61,4,61,61
61,4,61,60
61,4,60,52
61,4,52,44
61,4,44,36
61,4,36,28
61,4,28,20
61,4,20,12
61,4,12,4
61,5,61,61
61,5,61,53
61,5,53,45
61,5,45,37
61,5,37,29
61,5,29,21
61,5,21,13
61,5,13,5
61,6,61,61
61,6,61,62
61,6,62,54
61,6,54,46
61,6,46,38
61,6,38,30
61,6,30,22
61,6,22,14
61,6,14,6
61,7,61,61
61,7,61,62
61,7,62,63
61,7,63,55
61,7,55,47
61,7,47,39
61,7,39,31
61,7,31,23
61,7,23,15
61,7,15,7
61,8,61,61
61,8,61,53
61,8,53,45
61,8,45,37
61,8,37,29
61,8,29,21
61,8,21,13
61,8,13,12
61,8,12,11
61,8,11,10
61,8,10,9
61,8,9,8
61,9,61,61
61,9,61,53
61,9,53,45
61,9,45,37
61,9,37,29
61,9,29,21
61,9,21,13
61,9,13,12
61,9,12,11
61,9,11,10
61,9,10,9
61,10,61,61
61,10,61,60
61,10,60,59
61,10,59,58
61,10,58,50
61,10,50,42
61,10,42,34
61,10,34,26
61,10,26,18
61,10,18,10
61,11,61,61
61,11,61,53
61,11,53,45
61,11,45,37
61,11,37,29
61,11,29,21
61,11,21,13
61,11,13,12
61,11,12,11
61,12,61,61
61,12,61,60
61,12,60,52
61,12,52,44
61,12,44,36
61,12,36,28
61,12,28,20
61,12,20,12
61,13,61,61
61,13,61,53
61,13,53,45
61,13,45,37
61,13,37,29
61,13,29,21
61,13,21,13
61,14,61,61
61,14,61,53
61,14,53,45
61,14,45,37
61,14,37,29
61,14,29,21
61,14,21,13
61,14,13,14
61,15,61,61
61,15,61,62
61,15,62,63
61,15,63,55
61,15,55,47
61,15,47,39
61,15,39,31
61,15,31,23
61,15,23,15
61,16,61,61
61,16,61,53
61,16,53,45
61,16,45,37
61,16,37,29
61,16,29,21
61,16,21,20
61,16,20,19
61,16,19,18
61,16,18,17
61,16,17,16
61,17,61,61
61,17,61,60
61,17,60,59
61,17,59,58
61,17,58,57
61,17,57,49
61,17,49,41
61,17,41,33
61,17,33,25
61,17,25,17
61,18,61,61
61,18,61,60
61,18,60,59
61,18,59,58
61,18,58,50
61,18,50,42
61,18,42,34
61,18,34,26
61,18,26,18
61,19,61,61
61,19,61,60
61,19,60,59
61,19,59,51
61,19,51,43
61,19,43,35
61,19,35,27
61,19,27,19
61,20,61,61
61,20,61,60
61,20,60,52
61,20,52,44
61,20,44,36
61,20,36,28
61,20,28,20
61,21,61,61
61,21,61,53
61,21,53,45
61,21,45,37
61,21,37,29
61,21,29,21
61,22,61,61
61,22,61,62
61,22,62,54
61,22,54,46
61,22,46,38
61,22,38,30
61,22,30,22
61,23,61,61
61,23,61,62
61,23,62,63
61,23,63,55
61,23,55,47
61,23,47,39
61,23,39,31
61,23,31,23
61,24,61,61
61,24,61,60
61,24,60,52
61,24,52,44
61,24,44,36
61,24,36,28
61,24,28,27
61,24,27,26
61,24,26,25
61,24,25,24
61,25,61,61
61,25,61,60
61,25,60,52
61,25,52,44
61,25,44,36
61,25,36,28
61,25,28,27
61,25,27,26
61,25,26,25
61,26,61,61
61,26,61,60
61,26,60,59
61,26,59,58
61,26,58,50
61,26,50,42
61,26,42,34
61,26,34,26
61,27,61,61
61,27,61,60
61,27,60,59
61,27,59,51
61,27,51,43
61,27,43,35
61,27,35,27
61,28,61,61
61,28,61,60
61,28,60,52
61,28,52,44
61,28,44,36
61,28,36,28
61,29,61,61
61,29,61,53
61,29,53,45
61,29,45,37
61,29,37,29
61,30,61,61
61,30,61,62
61,30,62,54
61,30,54,46
61,30,46,38
61,30,38,30
61,31,61,61
61,31,61,53
61,31,53,45
61,31,45,37
61,31,37,29
61,31,29,30
61,31,30,31
61,32,61,61
61,32,61,60
61,32,60,59
61,32,59,58
61,32,58,57
61,32,57,56
61,32,56,48
61,32,48,40
61,32,40,32
61,33,61,61
61,33,61,60
61,33,60,59
61,33,59,58
61,33,58,57
61,33,57,49
61,33,49,41
61,33,41,33
61,34,61,61
61,34,61,60
61,34,60,59
61,34,59,58
61,34,58,50
61,34,50,42
61,34,42,34
61,35,61,61
61,35,61,60
61,35,60,59
61,35,59,51
61,35,51,43
61,35,43,35
61,36,61,61
61,36,61,53
61,36,53,45
61,36,45,37
61,36,37,36
61,37,61,61
61,37,61,53
61,37,53,45
61,37,45,37
61,38,61,61
61,38,61,53
61,38,53,45
61,38,45,37
61,38,37,38
61,39,61,61
61,39,61,62
61,39,62,63
61,39,63,55
61,39,55,47
61,39,47,39
61,40,61,61
61,40,61,60
61,40,60,59
61,40,59,58
61,40,58,57
61,40,57,49
61,40,49,41
61,40,41,40
61,41,61,61
61,41,61,60
61,41,60,59
61,41,59,58
61,41,58,57
61,41,57,49
61,41,49,41
61,42,61,61
61,42,61,60
61,42,60,59
61,42,59,58
61,42,58,50
61,42,50,42
61,43,61,61
61,43,61,53
61,43,53,45
61,43,45,44
61,43,44,43
61,44,61,61
61,44,61,60
61,44,60,52
61,44,52,44
61,45,61,61
61,45,61,53
61,45,53,45
61,46,61,61
61,46,61,62
61,46,62,54
61,46,54,46
61,47,61,61
61,47,61,53
61,47,53,45
61,47,45,46
61,47,46,47
61,48,61,61
61,48,61,60
61,48,60,59
61,48,59,58
61,48,58,50
61,48,50,49
61,48,49,48
61,49,61,61
61,49,61,60
61,49,60,59
61,49,59,58
61,49,58,50
61,49,50,49
61,50,61,61
61,50,61,60
61,50,60,52
61,50,52,51
61,50,51,50
61,51,61,61
61,51,61,60
61,51,60,59
61,51,59,51
61,52,61,61
61,52,61,53
61,52,53,52
61,53,61,61
61,53,61,53
61,54,61,61
61,54,61,53
61,54,53,54
61,55,61,61
61,55,61,62
61,55,62,63
61,55,63,55
61,56,61,61
61,56,61,60
61,56,60,59
61,56,59,58
61,56,58,57
61,56,57,56
61,57,61,61
61,57,61,60
61,57,60,59
61,57,59,58
61,57,58,57
61,58,61,61
61,58,61,60
61,58,60,59
61,58,59,58
61,59,61,61
61,59,61,60
61,59,60,59
61,60,61,61
61,60,61,60
61,62,61,61
61,62,61,62
61,63,61,61
61,63,61,62
61,63,62,63
62,0,62,62
62,0,62,54
62,0,54,46
62,0,46,38
62,0,38,30
62,0,30,22
62,0,22,14
62,0,14,6
62,0,6,5
62,0,5,4
62,0,4,3
62,0,3,2
62,0,2,1
62,0,1,0
62,1,62,62
62,1,62,54
62,1,54,46
62,1,46,38
62,1,38,30
62,1,30,22
62,1,22,14
62,1,14,6
62,1,6,5
62,1,5,4
62,1,4,3
62,1,3,2
62,1,2,1
62,2,62,62
62,2,62,54
62,2,54,46
62,2,46,38
62,2,38,30
62,2,30,22
62,2,22,14
62,2,14,6
62,2,6,5
62,2,5,4
62,2,4,3
62,2,3,2
62,3,62,62
62,3,62,54
62,3,54,46
62,3,46,38
62,3,38,30
62,3,30,22
62,3,22,14
62,3,14,6
62,3,6,5
62,3,5,4
62,3,4,3
62,4,62,62
62,4,62,61
62,4,61,60
62,4,60,52
62,4,52,44
62,4,44,36
62,4,36,28
62,4,28,20
62,4,20,12
62,4,12,4
62,5,62,62
62,5,62,61
62,5,61,53
62,5,53,45
62,5,45,37
62,5,37,29
62,5,29,21
62,5,21,13
62,5,13,5
62,6,62,62
62,6,62,54
62,6,54,46
62,6,46,38
62,6,38,30
62,6,30,22
62,6,22,14
62,6,14,6
62,7,62,62
62,7,62,63
62,7,63,55
62,7,55,47
62,7,47,39
62,7,39,31
62,7,31,23
62,7,23,15
62,7,15,7
62,8,62,62
62,8,62,54
62,8,54,46
62,8,46,38
62,8,38,30
62,8,30,22
62,8,22,14
62,8,14,13
62,8,13,12
62,8,12,11
62,8,11,10
62,8,10,9
62,8,9,8
62,9,62,62
62,9,62,54
62,9,54,46
62,9,46,38
62,9,38,30
62,9,30,22
62,9,22,14
62,9,14,13
62,9,13,12
62,9,12,11
62,9,11,10
62,9,10,9
62,10,62,62
62,10,62,61
62,10,61,60
62,10,60,59
62,10,59,58
62,10,58,50
62,10,50,42
62,10,42,34
62,10,34,26
62,10,26,18
62,10,18,10
62,11,62,62
62,11,62,54
62,11,54,46
62,11,46,38
62,11,38,30
62,11,30,22
62,11,22,14
62,11,14,13
62,11,13,12
62,11,12,11
62,12,62,62
62,12,62,61
62,12,61,60
62,12,60,52
62,12,52,44
62,12,44,36
62,12,36,28
62,12,28,20
62,12,20,12
62,13,62,62
62,13,62,61
62,13,61,53
62,13,53,45
62,13,45,37
62,13,37,29
62,13,29,21
62,13,21,13
62,14,62,62
62,14,62,54
62,14,54,46
62,14,46,38
62,14,38,30
62,14,30,22
62,14,22,14
62,15,62,62
62,15,62,63
62,15,63,55
62,15,55,47
62,15,47,39
62,15,39,31
62,15,31,23
62,15,23,15
62,16,62,62
62,16,62,61
62,16,61,53
62,16,53,45
62,16,45,37
62,16,37,29
62,16,29,21
62,16,21,20
62,16,20,19
62,16,19,18
62,16,18,17
62,16,17,16
62,17,62,62
62,17,62,61
62,17,61,60
62,17,60,59
62,17,59,58
62,17,58,57
62,17,57,49
62,17,49,41
62,17,41,33
62,17,33,25
62,17,25,17
62,18,62,62
62,18,62,61
62,18,61,60
62,18,60,59
62,18,59,58
62,18,58,50
62,18,50,42
62,18,42,34
62,18,34,26
62,18,26,18
62,19,62,62
62,19,62,61
62,19,61,60
62,19,60,59
62,19,59,51
62,19,51,43
62,19,43,35
62,19,35,27
62,19,27,19
62,20,62,62
62,20,62,61
62,20,61,60
62,20,60,52
62,20,52,44
62,20,44,36
62,20,36,28
62,20,28,20
62,21,62,62
62,21,62,61
62,21,61,53
62,21,53,45
62,21,45,37
62,21,37,29
62,21,29,21
62,22,62,62
62,22,62,54
62,22,54,46
62,22,46,38
62,22,38,30
62,22,30,22
62,23,62,62
62,23,62,63
62,23,63,55
62,23,55,47
62,23,47,39
62,23,39,31
62,23,31,23
62,24,62,62
62,24,62,61
62,24,61,60
62,24,60,52
62,24,52,44
62,24,44,36
62,24,36,28
62,24,28,27
62,24,27,26
62,24,26,25
62,24,25,24
62,25,62,62
62,25,62,61
62,25,61,60
62,25,60,52
62,25,52,44
62,25,44,36
62,25,36,28
62,25,28,27
62,25,27,26
62,25,26,25
62,26,62,62
62,26,62,61
62,26,61,60
62,26,60,59
62,26,59,58
62,26,58,50
62,26,50,42
62,26,42,34
62,26,34,26
62,27,62,62
62,27,62,61
62,27,61,60
62,27,60,59
62,27,59,51
62,27,51,43
62,27,43,35
62,27,35,27
62,28,62,62
62,28,62,61
62,28,61,60
62,28,60,52
62,28,52,44
62,28,44,36
62,28,36,28
62,29,62,62
62,29,62,54
62,29,54,46
62,29,46,38
62,29,38,30
62,29,30,29
62,30,62,62
62,30,62,54
62,30,54,46
62,30,46,38
62,30,38,30
62,31,62,62
62,31,62,63
62,31,63,55
62,31,55,47
62,31,47,39
62,31,39,31
62,32,62,62
62,32,62,61
62,32,61,60
62,32,60,59
62,32,59,58
62,32,58,57
62,32,57,56
62,32,56,48
62,32,48,40
62,32,40,32
62,33,62,62
62,33,62,61
62,33,61,60
62,33,60,59
62,33,59,58
62,33,58,57
62,33,57,49
62,33,49,41
62,33,41,33
62,34,62,62
62,34,62,61
62,34,61,60
62,34,60,59
62,34,59,58
62,34,58,50
62,34,50,42
62,34,42,34
62,35,62,62
62,35,62,61
62,35,61,60
62,35,60,59
62,35,59,51
62,35,51,43
62,35,43,35
62,36,62,62
62,36,62,54
62,36,54,46
62,36,46,38
62,36,38,37
62,36,37,36
62,37,62,62
62,37,62,61
62,37,61,53
62,37,53,45
62,37,45,37
62,38,62,62
62,38,62,54
62,38,54,46
62,38,46,38
62,39,62,62
62,39,62,54
62,39,54,46
62,39,46,38
62,39,38,39
62,40,62,62
62,40,62,61
62,40,61,60
62,40,60,59
62,40,59,58
62,40,58,57
62,40,57,49
62,40,49,41
62,40,41,40
62,41,62,62
62,41,62,61
62,41,61,60
62,41,60,59
62,41,59,58
62,41,58,57
62,41,57,49
62,41,49,41
62,42,62,62
62,42,62,61
62,42,61,60
62,42,60,59
62,42,59,58
62,42,58,50
62,42,50,42
62,43,62,62
62,43,62,61
62,43,61,53
62,43,53,45
62,43,45,44
62,43,44,43
62,44,62,62
62,44,62,61
62,44,61,60
62,44,60,52
62,44,52,44
62,45,62,62
62,45,62,61
62,45,61,53
62,45,53,45
62,46,62,62
62,46,62,54
62,46,54,46
62,47,62,62
62,47,62,63
62,47,63,55
62,47,55,47
62,48,62,62
62,48,62,61
62,48,61,60
62,48,60,59
62,48,59,58
62,48,58,50
62,48,50,49
62,48,49,48
62,49,62,62
62,49,62,61
62,49,61,60
62,49,60,59
62,49,59,58
62,49,58,50
62,49,50,49
62,50,62,62
62,50,62,61
62,50,61,60
62,50,60,52
62,50,52,51
62,50,51,50
62,51,62,62
62,51,62,61
62,51,61,60
62,51,60,59
62,51,59,51
62,52,62,62
62,52,62,61
62,52,61,60
62,52,60,52
62,53,62,62
62,53,62,54
62,53,54,53
62,54,62,62
62,54,62,54
62,55,62,62
62,55,62,54
62,55,54,55
62,56,62,62
62,56,62,61
62,56,61,60
62,56,60,59
62,56,59,58
62,56,58,57
62,56,57,56
62,57,62,62
62,57,62,61
62,57,61,60
62,57,60,59
62,57,59,58
62,57,58,57
62,58,62,62
62,58,62,61
62,58,61,60
62,58,60,59
62,58,59,58
62,59,62,62
62,59,62,61
62,59,61,60
62,59,60,59
62,60,62,62
62,60,62,61
62,60,61,60
62,61,62,62
62,61,62,61
62,63,62,62
62,63,62,63
63,0,63,63
63,0,63,55
63,0,55,47
63,0,47,39
63,0,39,31
63,0,31,23
63,0,23,15
63,0,15,7
63,0,7,6
63,0,6,5
63,0,5,4
63,0,4,3
63,0,3,2
63,0,2,1
63,0,1,0
63,1,63,63
63,1,63,55
63,1,55,47
63,1,47,39
63,1,39,31
63,1,31,23
63,1,23,15
63,1,15,7
63,1,7,6
63,1,6,5
63,1,5,4
63,1,4,3
63,1,3,2
63,1,2,1
63,2,63,63
63,2,63,55
63,2,55,47
63,2,47,39
63,2,39,31
63,2,31,23
63,2,23,15
63,2,15,7
63,2,7,6
63,2,6,5
63,2,5,4
63,2,4,3
63,2,3,2
63,3,63,63
63,3,63,55
63,3,55,47
63,3,47,39
63,3,39,31
63,3,31,23
63,3,23,15
63,3,15,7
63,3,7,6
63,3,6,5
63,3,5,4
63,3,4,3
63,4,63,63
63,4,63,62
63,4,62,61
63,4,61,60
63,4,60,52
63,4,52,44
63,4,44,36
63,4,36,28
63,4,28,20
63,4,20,12
63,4,12,4
63,5,63,63
63,5,63,62
63,5,62,61
63,5,61,53
63,5,53,45
63,5,45,37
63,5,37,29
63,5,29,21
63,5,21,13
63,5,13,5
63,6,63,63
63,6,63,62
63,6,62,54
63,6,54,46
63,6,46,38
63,6,38,30
63,6,30,22
63,6,22,14
63,6,14,6
63,7,63,63
63,7,63,55
63,7,55,47
63,7,47,39
63,7,39,31
63,7,31,23
63,7,23,15
63,7,15,7
63,8,63,63
63,8,63,62
63,8,62,54
63,8,54,46
63,8,46,38
63,8,38,30
63,8,30,22
63,8,22,14
63,8,14,13
63,8,13,12
63,8,12,11
63,8,11,10
63,8,10,9
63,8,9,8
63,9,63,63
63,9,63,62
63,9,62,54
63,9,54,46
63,9,46,38
63,9,38,30
63,9,30,22
63,9,22,14
63,9,14,13
63,9,13,12
63,9,12,11
63,9,11,10
63,9,10,9
63,10,63,63
63,10,63,62
63,10,62,61
63,10,61,60
63,10,60,59
63,10,59,58
63,10,58,50
63,10,50,42
63,10,42,34
63,10,34,26
63,10,26,18
63,10,18,10
63,11,63,63
63,11,63,62
63,11,62,54
63,11,54,46
63,11,46,38
63,11,38,30
63,11,30,22
63,11,22,14
63,11,14,13
63,11,13,12
63,11,12,11
63,12,63,63
63,12,63,62
63,12,62,61
63,12,61,60
63,12,60,52
63,12,52,44
63,12,44,36
63,12,36,28
63,12,28,20
63,12,20,12
63,13,63,63
63,13,63,62
63,13,62,61
63,13,61,53
63,13,53,45
63,13,45,37
63,13,37,29
63,13,29,21
63,13,21,13
63,14,63,63
63,14,63,62
63,14,62,54
63,14,54,46
63,14,46,38
63,14,38,30
63,14,30,22
63,14,22,14
63,15,63,63
63,15,63,55
63,15,55,47
63,15,47,39
63,15,39,31
63,15,31,23
63,15,23,15
63,16,63,63
63,16,63,62
63,16,62,61
63,16,61,53
63,16,53,45
63,16,45,37
63,16,37,29
63,16,29,21
63,16,21,20
63,16,20,19
63,16,19,18
63,16,18,17
63,16,17,16
63,17,63,63
63,17,63,62
63,17,62,61
63,17,61,60
63,17,60,59
63,17,59,58
63,17,58,57
63,17,57,49
63,17,49,41
63,17,41,33
63,17,33,25
63,17,25,17
63,18,63,63
63,18,63,62
63,18,62,61
63,18,61,60
63,18,60,59
63,18,59,58
63,18,58,50
63,18,50,42
63,18,42,34
63,18,34,26
63,18,26,18
63,19,63,63
63,19,63,62
63,19,62,61
63,19,61,60
63,19,60,59
63,19,59,51
63,19,51,43
63,19,43,35
63,19,35,27
63,19,27,19
63,20,63,63
63,20,63,62
63,20,62,61
63,20,61,60
63,20,60,52
63,20,52,44
63,20,44,36
63,20,36,28
63,20,28,20
63,21,63,63
63,21,63,62
63,21,62,61
63,21,61,53
63,21,53,45
63,21,45,37
63,21,37,29
63,21,29,21
63,22,63,63
63,22,63,55
63,22,55,47
63,22,47,39
63,22,39,31
63,22,31,23
63,22,23,22
63,23,63,63
63,23,63,55
63,23,55,47
63,23,47,39
63,23,39,31
63,23,31,23
63,24,63,63
63,24,63,62
63,24,62,61
63,24,61,60
63,24,60,52
63,24,52,44
63,24,44,36
63,24,36,28
63,24,28,27
63,24,27,26
63,24,26,25
63,24,25,24
63,25,63,63
63,25,63,62
63,25,62,61
63,25,61,60
63,25,60,52
63,25,52,44
63,25,44,36
63,25,36,28
63,25,28,27
63,25,27,26
63,25,26,25
63,26,63,63
63,26,63,62
63,26,62,61
63,26,61,60
63,26,60,59
63,26,59,58
63,26,58,50
63,26,50,42
63,26,42,34
63,26,34,26
63,27,63,63
63,27,63,62
63,27,62,61
63,27,61,60
63,27,60,59
63,27,59,51
63,27,51,43
63,27,43,35
63,27,35,27
63,28,63,63
63,28,63,62
63,28,62,61
63,28,61,60
63,28,60,52
63,28,52,44
63,28,44,36
63,28,36,28
63,29,63,63
63,29,63,55
63,29,55,47
63,29,47,39
63,29,39,31
63,29,31,30
63,29,30,29
63,30,63,63
63,30,63,62
63,30,62,54
63,30,54,46
63,30,46,38
63,30,38,30
63,31,63,63
63,31,63,55
63,31,55,47
63,31,47,39
63,31,39,31
63,32,63,63
63,32,63,62
63,32,62,61
63,32,61,60
63,32,60,59
63,32,59,58
63,32,58,57
63,32,57,56
63,32,56,48
63,32,48,40
63,32,40,32
63,33,63,63
63,33,63,62
63,33,62,61
63,33,61,60
63,33,60,59
63,33,59,58
63,33,58,57
63,33,57,49
63,33,49,41
63,33,41,33
63,34,63,63
63,34,63,62
63,34,62,61
63,34,61,60
63,34,60,59
63,34,59,58
63,34,58,50
63,34,50,42
63,34,42,34
63,35,63,63
63,35,63,62
63,35,62,61
63,35,61,60
63,35,60,59
63,35,59,51
63,35,51,43
63,35,43,35
63,36,63,63
63,36,63,62
63,36,62,54
63,36,54,46
63,36,46,38
63,36,38,37
63,36,37,36
63,37,63,63
63,37,63,62
63,37,62,61
63,37,61,53
63,37,53,45
63,37,45,37
63,38,63,63
63,38,63,62
63,38,62,54
63,38,54,46
63,38,46,38
63,39,63,63
63,39,63,55
63,39,55,47
63,39,47,39
63,40,63,63
63,40,63,62
63,40,62,61
63,40,61,60
63,40,60,59
63,40,59,58
63,40,58,57
63,40,57,49
63,40,49,41
63,40,41,40
63,41,63,63
63,41,63,62
63,41,62,61
63,41,61,60
63,41,60,59
63,41,59,58
63,41,58,57
63,41,57,49
63,41,49,41
63,42,63,63
63,42,63,62
63,42,62,61
63,42,61,60
63,42,60,59
63,42,59,58
63,42,58,50
63,42,50,42
63,43,63,63
63,43,63,62
63,43,62,61
63,43,61,53
63,43,53,45
63,43,45,44
63,43,44,43
63,44,63,63
63,44,63,62
63,44,62,61
63,44,61,60
63,44,60,52
63,44,52,44
63,45,63,63
63,45,63,62
63,45,62,61
63,45,61,53
63,45,53,45
63,46,63,63
63,46,63,62
63,46,62,54
63,46,54,46
63,47,63,63
63,47,63,55
63,47,55,47
63,48,63,63
63,48,63,62
63,48,62,61
63,48,61,60
63,48,60,59
63,48,59,58
63,48,58,50
63,48,50,49
63,48,49,48
63,49,63,63
63,49,63,62
63,49,62,61
63,49,61,60
63,49,60,59
63,49,59,58
63,49,58,50
63,49,50,49
63,50,63,63
63,50,63,62
63,50,62,61
63,50,61,60
63,50,60,52
63,50,52,51
63,50,51,50
63,51,63,63
63,51,63,62
63,51,62,61
63,51,61,60
63,51,60,59
63,51,59,51
63,52,63,63
63,52,63,62
63,52,62,61
63,52,61,60
63,52,60,52
63,53,63,63
63,53,63,62
63,53,62,61
63,53,61,53
63,54,63,63
63,54,63,55
63,54,55,54
63,55,63,63
63,55,63,55
63,56,63,63
63,56,63,62
63,56,62,61
63,56,61,60
63,56,60,59
63,56,59,58
63,56,58,57
63,56,57,56
63,57,63,63
63,57,63,62
63,57,62,61
63,57,61,60
63,57,60,59
63,57,59,58
63,57,58,57
63,58,63,63
63,58,63,62
63,58,62,61
63,58,61,60
63,58,60,59
63,58,59,58
63,59,63,63
63,59,63,62
63,59,62,61
63,59,61,60
63,59,60,59
63,60,63,63
63,60,63,62
63,60,62,61
63,60,61,60
63,61,63,63
63,61,63,62
63,61,62,61
63,62,63,63
63,62,63,62
