src,dst,curr,next_hop
0,1,0,1
0,2,0,1
0,2,1,2
0,3,0,1
0,3,1,2
0,3,2,3
0,4,0,4
0,5,0,1
0,5,1,5
0,6,0,1
0,6,1,2
0,6,2,6
0,7,0,1
0,7,1,2
0,7,2,3
0,7,3,7
0,8,0,4
0,8,4,8
0,9,0,1
0,9,1,5
0,9,5,9
0,10,0,1
0,10,1,2
0,10,2,6
0,10,6,10
0,11,0,1
0,11,1,2
0,11,2,3
0,11,3,7
0,11,7,11
0,12,0,4
0,12,4,8
0,12,8,12
0,13,0,1
0,13,1,5
0,13,5,9
0,13,9,13
0,14,0,1
0,14,1,2
0,14,2,6
0,14,6,10
0,14,10,14
0,15,0,1
0,15,1,2
0,15,2,3
0,15,3,7
0,15,7,11
0,15,11,15
0,16,0,1
0,16,1,64
0,16,64,68
0,16,68,17
0,16,17,16
0,17,0,1
0,17,1,64
0,17,64,68
0,17,68,17
0,18,0,1
0,18,1,64
0,18,64,68
0,18,68,17
0,18,17,21
0,18,21,22
0,18,22,18
0,19,0,1
0,19,1,64
0,19,64,68
0,19,68,17
0,19,17,21
0,19,21,22
0,19,22,23
0,19,23,19
0,20,0,1
0,20,1,64
0,20,64,68
0,20,68,17
0,20,17,16
0,20,16,20
0,21,0,1
0,21,1,64
0,21,64,68
0,21,68,17
0,21,17,21
0,22,0,1
0,22,1,64
0,22,64,68
0,22,68,17
0,22,17,21
0,22,21,22
0,23,0,1
0,23,1,64
0,23,64,68
0,23,68,17
0,23,17,21
0,23,21,22
0,23,22,23
0,24,0,1
0,24,1,64
0,24,64,68
0,24,68,17
0,24,17,16
0,24,16,20
0,24,20,24
0,25,0,1
0,25,1,64
0,25,64,68
0,25,68,17
0,25,17,21
0,25,21,25
0,26,0,1
0,26,1,64
0,26,64,68
0,26,68,17
0,26,17,21
0,26,21,22
0,26,22,26
0,27,0,1
0,27,1,64
0,27,64,68
0,27,68,17
0,27,17,21
0,27,21,22
0,27,22,23
0,27,23,27
0,28,0,1
0,28,1,64
0,28,64,68
0,28,68,17
0,28,17,16
0,28,16,20
0,28,20,24
0,28,24,28
0,29,0,1
0,29,1,64
0,29,64,68
0,29,68,17
0,29,17,21
0,29,21,25
0,29,25,29
0,30,0,1
0,30,1,64
0,30,64,68
0,30,68,17
0,30,17,21
0,30,21,22
0,30,22,26
0,30,26,30
0,31,0,1
0,31,1,64
0,31,64,68
0,31,68,17
0,31,17,21
0,31,21,22
0,31,22,23
0,31,23,27
0,31,27,31
0,32,0,1
0,32,1,64
0,32,64,68
0,32,68,72
0,32,72,33
0,32,33,32
0,33,0,1
0,33,1,64
0,33,64,68
0,33,68,72
0,33,72,33
0,34,0,1
0,34,1,64
0,34,64,68
0,34,68,72
0,34,72,33
0,34,33,37
0,34,37,38
0,34,38,34
0,35,0,1
0,35,1,64
0,35,64,68
0,35,68,72
0,35,72,33
0,35,33,37
0,35,37,38
0,35,38,39
0,35,39,35
0,36,0,1
0,36,1,64
0,36,64,68
0,36,68,72
0,36,72,33
0,36,33,32
0,36,32,36
0,37,0,1
0,37,1,64
0,37,64,68
0,37,68,72
0,37,72,33
0,37,33,37
0,38,0,1
0,38,1,64
0,38,64,68
0,38,68,72
0,38,72,33
0,38,33,37
0,38,37,38
0,39,0,1
0,39,1,64
0,39,64,68
0,39,68,72
0,39,72,33
0,39,33,37
0,39,37,38
0,39,38,39
0,40,0,1
0,40,1,64
0,40,64,68
0,40,68,72
0,40,72,33
0,40,33,32
0,40,32,36
0,40,36,40
0,41,0,1
0,41,1,64
0,41,64,68
0,41,68,72
0,41,72,33
0,41,33,37
0,41,37,41
0,42,0,1
0,42,1,64
0,42,64,68
0,42,68,72
0,42,72,33
0,42,33,37
0,42,37,38
0,42,38,42
0,43,0,1
0,43,1,64
0,43,64,68
0,43,68,72
0,43,72,33
0,43,33,37
0,43,37,38
0,43,38,39
0,43,39,43
0,44,0,1
0,44,1,64
0,44,64,68
0,44,68,72
0,44,72,33
0,44,33,32
0,44,32,36
0,44,36,40
0,44,40,44
0,45,0,1
0,45,1,64
0,45,64,68
0,45,68,72
0,45,72,33
0,45,33,37
0,45,37,41
0,45,41,45
0,46,0,1
0,46,1,64
0,46,64,68
0,46,68,72
0,46,72,33
0,46,33,37
0,46,37,38
0,46,38,42
0,46,42,46
0,47,0,1
0,47,1,64
0,47,64,68
0,47,68,72
0,47,72,33
0,47,33,37
0,47,37,38
0,47,38,39
0,47,39,43
0,47,43,47
0,48,0,1
0,48,1,64
0,48,64,68
0,48,68,72
0,48,72,76
0,48,76,49
0,48,49,48
0,49,0,1
0,49,1,64
0,49,64,68
0,49,68,72
0,49,72,76
0,49,76,49
0,50,0,1
0,50,1,64
0,50,64,68
0,50,68,72
0,50,72,76
0,50,76,49
0,50,49,53
0,50,53,54
0,50,54,50
0,51,0,1
0,51,1,64
0,51,64,68
0,51,68,72
0,51,72,76
0,51,76,49
0,51,49,53
0,51,53,54
0,51,54,55
0,51,55,51
0,52,0,1
0,52,1,64
0,52,64,68
0,52,68,72
0,52,72,76
0,52,76,49
0,52,49,48
0,52,48,52
0,53,0,1
0,53,1,64
0,53,64,68
0,53,68,72
0,53,72,76
0,53,76,49
0,53,49,53
0,54,0,1
0,54,1,64
0,54,64,68
0,54,68,72
0,54,72,76
0,54,76,49
0,54,49,53
0,54,53,54
0,55,0,1
0,55,1,64
0,55,64,68
0,55,68,72
0,55,72,76
0,55,76,49
0,55,49,53
0,55,53,54
0,55,54,55
0,56,0,1
0,56,1,64
0,56,64,68
0,56,68,72
0,56,72,76
0,56,76,49
0,56,49,48
0,56,48,52
0,56,52,56
0,57,0,1
0,57,1,64
0,57,64,68
0,57,68,72
0,57,72,76
0,57,76,49
0,57,49,53
0,57,53,57
0,58,0,1
0,58,1,64
0,58,64,68
0,58,68,72
0,58,72,76
0,58,76,49
0,58,49,53
0,58,53,54
0,58,54,58
0,59,0,1
0,59,1,64
0,59,64,68
0,59,68,72
0,59,72,76
0,59,76,49
0,59,49,53
0,59,53,54
0,59,54,55
0,59,55,59
0,60,0,1
0,60,1,64
0,60,64,68
0,60,68,72
0,60,72,76
0,60,76,49
0,60,49,48
0,60,48,52
0,60,52,56
0,60,56,60
0,61,0,1
0,61,1,64
0,61,64,68
0,61,68,72
0,61,72,76
0,61,76,49
0,61,49,53
0,61,53,57
0,61,57,61
0,62,0,1
0,62,1,64
0,62,64,68
0,62,68,72
0,62,72,76
0,62,76,49
0,62,49,53
0,62,53,54
0,62,54,58
0,62,58,62
0,63,0,1
0,63,1,64
0,63,64,68
0,63,68,72
0,63,72,76
0,63,76,49
0,63,49,53
0,63,53,54
0,63,54,55
0,63,55,59
0,63,59,63
1,0,1,0
1,2,1,2
1,3,1,2
1,3,2,3
1,4,1,0
1,4,0,4
1,5,1,5
1,6,1,2
1,6,2,6
1,7,1,2
1,7,2,3
1,7,3,7
1,8,1,0
1,8,0,4
1,8,4,8
1,9,1,5
1,9,5,9
1,10,1,2
1,10,2,6
1,10,6,10
1,11,1,2
1,11,2,3
1,11,3,7
1,11,7,11
1,12,1,0
1,12,0,4
1,12,4,8
1,12,8,12
1,13,1,5
1,13,5,9
1,13,9,13
1,14,1,2
1,14,2,6
1,14,6,10
1,14,10,14
1,15,1,2
1,15,2,3
1,15,3,7
1,15,7,11
1,15,11,15
1,16,1,2
1,16,2,3
1,16,3,65
1,16,65,69
1,16,69,19
1,16,19,18
1,16,18,17
1,16,17,16
1,17,1,2
1,17,2,3
1,17,3,65
1,17,65,69
1,17,69,19
1,17,19,18
1,17,18,17
1,18,1,2
1,18,2,3
1,18,3,65
1,18,65,69
1,18,69,19
1,18,19,18
1,19,1,2
1,19,2,3
1,19,3,65
1,19,65,69
1,19,69,19
1,20,1,2
1,20,2,3
1,20,3,65
1,20,65,69
1,20,69,19
1,20,19,18
1,20,18,17
1,20,17,16
1,20,16,20
1,21,1,2
1,21,2,3
1,21,3,65
1,21,65,69
1,21,69,19
1,21,19,18
1,21,18,17
1,21,17,21
1,22,1,2
1,22,2,3
1,22,3,65
1,22,65,69
1,22,69,19
1,22,19,18
1,22,18,22
1,23,1,2
1,23,2,3
1,23,3,65
1,23,65,69
1,23,69,19
1,23,19,23
1,24,1,2
1,24,2,3
1,24,3,65
1,24,65,69
1,24,69,19
1,24,19,18
1,24,18,17
1,24,17,16
1,24,16,20
1,24,20,24
1,25,1,2
1,25,2,3
1,25,3,65
1,25,65,69
1,25,69,19
1,25,19,18
1,25,18,17
1,25,17,21
1,25,21,25
1,26,1,2
1,26,2,3
1,26,3,65
1,26,65,69
1,26,69,19
1,26,19,18
1,26,18,22
1,26,22,26
1,27,1,2
1,27,2,3
1,27,3,65
1,27,65,69
1,27,69,19
1,27,19,23
1,27,23,27
1,28,1,2
1,28,2,3
1,28,3,65
1,28,65,69
1,28,69,19
1,28,19,18
1,28,18,17
1,28,17,16
1,28,16,20
1,28,20,24
1,28,24,28
1,29,1,2
1,29,2,3
1,29,3,65
1,29,65,69
1,29,69,19
1,29,19,18
1,29,18,17
1,29,17,21
1,29,21,25
1,29,25,29
1,30,1,2
1,30,2,3
1,30,3,65
1,30,65,69
1,30,69,19
1,30,19,18
1,30,18,22
1,30,22,26
1,30,26,30
1,31,1,2
1,31,2,3
1,31,3,65
1,31,65,69
1,31,69,19
1,31,19,23
1,31,23,27
1,31,27,31
1,32,1,2
1,32,2,3
1,32,3,65
1,32,65,69
1,32,69,73
1,32,73,35
1,32,35,34
1,32,34,33
1,32,33,32
1,33,1,2
1,33,2,3
1,33,3,65
1,33,65,69
1,33,69,73
1,33,73,35
1,33,35,34
1,33,34,33
1,34,1,2
1,34,2,3
1,34,3,65
1,34,65,69
1,34,69,73
1,34,73,35
1,34,35,34
1,35,1,2
1,35,2,3
1,35,3,65
1,35,65,69
1,35,69,73
1,35,73,35
1,36,1,2
1,36,2,3
1,36,3,65
1,36,65,69
1,36,69,73
1,36,73,35
1,36,35,34
1,36,34,33
1,36,33,32
1,36,32,36
1,37,1,2
1,37,2,3
1,37,3,65
1,37,65,69
1,37,69,73
1,37,73,35
1,37,35,34
1,37,34,33
1,37,33,37
1,38,1,2
1,38,2,3
1,38,3,65
1,38,65,69
1,38,69,73
1,38,73,35
1,38,35,34
1,38,34,38
1,39,1,2
1,39,2,3
1,39,3,65
1,39,65,69
1,39,69,73
1,39,73,35
1,39,35,39
1,40,1,2
1,40,2,3
1,40,3,65
1,40,65,69
1,40,69,73
1,40,73,35
1,40,35,34
1,40,34,33
1,40,33,32
1,40,32,36
1,40,36,40
1,41,1,2
1,41,2,3
1,41,3,65
1,41,65,69
1,41,69,73
1,41,73,35
1,41,35,34
1,41,34,33
1,41,33,37
1,41,37,41
1,42,1,2
1,42,2,3
1,42,3,65
1,42,65,69
1,42,69,73
1,42,73,35
1,42,35,34
1,42,34,38
1,42,38,42
1,43,1,2
1,43,2,3
1,43,3,65
1,43,65,69
1,43,69,73
1,43,73,35
1,43,35,39
1,43,39,43
1,44,1,2
1,44,2,3
1,44,3,65
1,44,65,69
1,44,69,73
1,44,73,35
1,44,35,34
1,44,34,33
1,44,33,32
1,44,32,36
1,44,36,40
1,44,40,44
1,45,1,2
1,45,2,3
1,45,3,65
1,45,65,69
1,45,69,73
1,45,73,35
1,45,35,34
1,45,34,33
1,45,33,37
1,45,37,41
1,45,41,45
1,46,1,2
1,46,2,3
1,46,3,65
1,46,65,69
1,46,69,73
1,46,73,35
1,46,35,34
1,46,34,38
1,46,38,42
1,46,42,46
1,47,1,2
1,47,2,3
1,47,3,65
1,47,65,69
1,47,69,73
1,47,73,35
1,47,35,39
1,47,39,43
1,47,43,47
1,48,1,2
1,48,2,3
1,48,3,65
1,48,65,69
1,48,69,73
1,48,73,77
1,48,77,51
1,48,51,50
1,48,50,49
1,48,49,48
1,49,1,2
1,49,2,3
1,49,3,65
1,49,65,69
1,49,69,73
1,49,73,77
1,49,77,51
1,49,51,50
1,49,50,49
1,50,1,2
1,50,2,3
1,50,3,65
1,50,65,69
1,50,69,73
1,50,73,77
1,50,77,51
1,50,51,50
1,51,1,2
1,51,2,3
1,51,3,65
1,51,65,69
1,51,69,73
1,51,73,77
1,51,77,51
1,52,1,2
1,52,2,3
1,52,3,65
1,52,65,69
1,52,69,73
1,52,73,77
1,52,77,51
1,52,51,50
1,52,50,49
1,52,49,48
1,52,48,52
1,53,1,2
1,53,2,3
1,53,3,65
1,53,65,69
1,53,69,73
1,53,73,77
1,53,77,51
1,53,51,50
1,53,50,49
1,53,49,53
1,54,1,2
1,54,2,3
1,54,3,65
1,54,65,69
1,54,69,73
1,54,73,77
1,54,77,51
1,54,51,50
1,54,50,54
1,55,1,2
1,55,2,3
1,55,3,65
1,55,65,69
1,55,69,73
1,55,73,77
1,55,77,51
1,55,51,55
1,56,1,2
1,56,2,3
1,56,3,65
1,56,65,69
1,56,69,73
1,56,73,77
1,56,77,51
1,56,51,50
1,56,50,49
1,56,49,48
1,56,48,52
1,56,52,56
1,57,1,2
1,57,2,3
1,57,3,65
1,57,65,69
1,57,69,73
1,57,73,77
1,57,77,51
1,57,51,50
1,57,50,49
1,57,49,53
1,57,53,57
1,58,1,2
1,58,2,3
1,58,3,65
1,58,65,69
1,58,69,73
1,58,73,77
1,58,77,51
1,58,51,50
1,58,50,54
1,58,54,58
1,59,1,2
1,59,2,3
1,59,3,65
1,59,65,69
1,59,69,73
1,59,73,77
1,59,77,51
1,59,51,55
1,59,55,59
1,60,1,2
1,60,2,3
1,60,3,65
1,60,65,69
1,60,69,73
1,60,73,77
1,60,77,51
1,60,51,50
1,60,50,49
1,60,49,48
1,60,48,52
1,60,52,56
1,60,56,60
1,61,1,2
1,61,2,3
1,61,3,65
1,61,65,69
1,61,69,73
1,61,73,77
1,61,77,51
1,61,51,50
1,61,50,49
1,61,49,53
1,61,53,57
1,61,57,61
1,62,1,2
1,62,2,3
1,62,3,65
1,62,65,69
1,62,69,73
1,62,73,77
1,62,77,51
1,62,51,50
1,62,50,54
1,62,54,58
1,62,58,62
1,63,1,2
1,63,2,3
1,63,3,65
1,63,65,69
1,63,69,73
1,63,73,77
1,63,77,51
1,63,51,55
1,63,55,59
1,63,59,63
2,0,2,1
2,0,1,0
2,1,2,1
2,3,2,3
2,4,2,1
2,4,1,0
2,4,0,4
2,5,2,1
2,5,1,5
2,6,2,6
2,7,2,3
2,7,3,7
2,8,2,1
2,8,1,0
2,8,0,4
2,8,4,8
2,9,2,1
2,9,1,5
2,9,5,9
2,10,2,6
2,10,6,10
2,11,2,3
2,11,3,7
2,11,7,11
2,12,2,1
2,12,1,0
2,12,0,4
2,12,4,8
2,12,8,12
2,13,2,1
2,13,1,5
2,13,5,9
2,13,9,13
2,14,2,6
2,14,6,10
2,14,10,14
2,15,2,3
2,15,3,7
2,15,7,11
2,15,11,15
2,16,2,1
2,16,1,64
2,16,64,68
2,16,68,17
2,16,17,16
2,17,2,1
2,17,1,64
2,17,64,68
2,17,68,17
2,18,2,1
2,18,1,64
2,18,64,68
2,18,68,17
2,18,17,21
2,18,21,22
2,18,22,18
2,19,2,1
2,19,1,64
2,19,64,68
2,19,68,17
2,19,17,21
2,19,21,22
2,19,22,23
2,19,23,19
2,20,2,1
2,20,1,64
2,20,64,68
2,20,68,17
2,20,17,16
2,20,16,20
2,21,2,1
2,21,1,64
2,21,64,68
2,21,68,17
2,21,17,21
2,22,2,1
2,22,1,64
2,22,64,68
2,22,68,17
2,22,17,21
2,22,21,22
2,23,2,1
2,23,1,64
2,23,64,68
2,23,68,17
2,23,17,21
2,23,21,22
2,23,22,23
2,24,2,1
2,24,1,64
2,24,64,68
2,24,68,17
2,24,17,16
2,24,16,20
2,24,20,24
2,25,2,1
2,25,1,64
2,25,64,68
2,25,68,17
2,25,17,21
2,25,21,25
2,26,2,1
2,26,1,64
2,26,64,68
2,26,68,17
2,26,17,21
2,26,21,22
2,26,22,26
2,27,2,1
2,27,1,64
2,27,64,68
2,27,68,17
2,27,17,21
2,27,21,22
2,27,22,23
2,27,23,27
2,28,2,1
2,28,1,64
2,28,64,68
2,28,68,17
2,28,17,16
2,28,16,20
2,28,20,24
2,28,24,28
2,29,2,1
2,29,1,64
2,29,64,68
2,29,68,17
2,29,17,21
2,29,21,25
2,29,25,29
2,30,2,1
2,30,1,64
2,30,64,68
2,30,68,17
2,30,17,21
2,30,21,22
2,30,22,26
2,30,26,30
2,31,2,1
2,31,1,64
2,31,64,68
2,31,68,17
2,31,17,21
2,31,21,22
2,31,22,23
2,31,23,27
2,31,27,31
2,32,2,1
2,32,1,64
2,32,64,68
2,32,68,72
2,32,72,33
2,32,33,32
2,33,2,1
2,33,1,64
2,33,64,68
2,33,68,72
2,33,72,33
2,34,2,1
2,34,1,64
2,34,64,68
2,34,68,72
2,34,72,33
2,34,33,37
2,34,37,38
2,34,38,34
2,35,2,1
2,35,1,64
2,35,64,68
2,35,68,72
2,35,72,33
2,35,33,37
2,35,37,38
2,35,38,39
2,35,39,35
2,36,2,1
2,36,1,64
2,36,64,68
2,36,68,72
2,36,72,33
2,36,33,32
2,36,32,36
2,37,2,1
2,37,1,64
2,37,64,68
2,37,68,72
2,37,72,33
2,37,33,37
2,38,2,1
2,38,1,64
2,38,64,68
2,38,68,72
2,38,72,33
2,38,33,37
2,38,37,38
2,39,2,1
2,39,1,64
2,39,64,68
2,39,68,72
2,39,72,33
2,39,33,37
2,39,37,38
2,39,38,39
2,40,2,1
2,40,1,64
2,40,64,68
2,40,68,72
2,40,72,33
2,40,33,32
2,40,32,36
2,40,36,40
2,41,2,1
2,41,1,64
2,41,64,68
2,41,68,72
2,41,72,33
2,41,33,37
2,41,37,41
2,42,2,1
2,42,1,64
2,42,64,68
2,42,68,72
2,42,72,33
2,42,33,37
2,42,37,38
2,42,38,42
2,43,2,1
2,43,1,64
2,43,64,68
2,43,68,72
2,43,72,33
2,43,33,37
2,43,37,38
2,43,38,39
2,43,39,43
2,44,2,1
2,44,1,64
2,44,64,68
2,44,68,72
2,44,72,33
2,44,33,32
2,44,32,36
2,44,36,40
2,44,40,44
2,45,2,1
2,45,1,64
2,45,64,68
2,45,68,72
2,45,72,33
2,45,33,37
2,45,37,41
2,45,41,45
2,46,2,1
2,46,1,64
2,46,64,68
2,46,68,72
2,46,72,33
2,46,33,37
2,46,37,38
2,46,38,42
2,46,42,46
2,47,2,1
2,47,1,64
2,47,64,68
2,47,68,72
2,47,72,33
2,47,33,37
2,47,37,38
2,47,38,39
2,47,39,43
2,47,43,47
2,48,2,1
2,48,1,64
2,48,64,68
2,48,68,72
2,48,72,76
2,48,76,49
2,48,49,48
2,49,2,1
2,49,1,64
2,49,64,68
2,49,68,72
2,49,72,76
2,49,76,49
2,50,2,1
2,50,1,64
2,50,64,68
2,50,68,72
2,50,72,76
2,50,76,49
2,50,49,53
2,50,53,54
2,50,54,50
2,51,2,1
2,51,1,64
2,51,64,68
2,51,68,72
2,51,72,76
2,51,76,49
2,51,49,53
2,51,53,54
2,51,54,55
2,51,55,51
2,52,2,1
2,52,1,64
2,52,64,68
2,52,68,72
2,52,72,76
2,52,76,49
2,52,49,48
2,52,48,52
2,53,2,1
2,53,1,64
2,53,64,68
2,53,68,72
2,53,72,76
2,53,76,49
2,53,49,53
2,54,2,1
2,54,1,64
2,54,64,68
2,54,68,72
2,54,72,76
2,54,76,49
2,54,49,53
2,54,53,54
2,55,2,1
2,55,1,64
2,55,64,68
2,55,68,72
2,55,72,76
2,55,76,49
2,55,49,53
2,55,53,54
2,55,54,55
2,56,2,1
2,56,1,64
2,56,64,68
2,56,68,72
2,56,72,76
2,56,76,49
2,56,49,48
2,56,48,52
2,56,52,56
2,57,2,1
2,57,1,64
2,57,64,68
2,57,68,72
2,57,72,76
2,57,76,49
2,57,49,53
2,57,53,57
2,58,2,1
2,58,1,64
2,58,64,68
2,58,68,72
2,58,72,76
2,58,76,49
2,58,49,53
2,58,53,54
2,58,54,58
2,59,2,1
2,59,1,64
2,59,64,68
2,59,68,72
2,59,72,76
2,59,76,49
2,59,49,53
2,59,53,54
2,59,54,55
2,59,55,59
2,60,2,1
2,60,1,64
2,60,64,68
2,60,68,72
2,60,72,76
2,60,76,49
2,60,49,48
2,60,48,52
2,60,52,56
2,60,56,60
2,61,2,1
2,61,1,64
2,61,64,68
2,61,68,72
2,61,72,76
2,61,76,49
2,61,49,53
2,61,53,57
2,61,57,61
2,62,2,1
2,62,1,64
2,62,64,68
2,62,68,72
2,62,72,76
2,62,76,49
2,62,49,53
2,62,53,54
2,62,54,58
2,62,58,62
2,63,2,1
2,63,1,64
2,63,64,68
2,63,68,72
2,63,72,76
2,63,76,49
2,63,49,53
2,63,53,54
2,63,54,55
2,63,55,59
2,63,59,63
3,0,3,2
3,0,2,1
3,0,1,0
3,1,3,2
3,1,2,1
3,2,3,2
3,4,3,2
3,4,2,1
3,4,1,0
3,4,0,4
3,5,3,2
3,5,2,1
3,5,1,5
3,6,3,2
3,6,2,6
3,7,3,7
3,8,3,2
3,8,2,1
3,8,1,0
3,8,0,4
3,8,4,8
3,9,3,2
3,9,2,1
3,9,1,5
3,9,5,9
3,10,3,2
3,10,2,6
3,10,6,10
3,11,3,7
3,11,7,11
3,12,3,2
3,12,2,1
3,12,1,0
3,12,0,4
3,12,4,8
3,12,8,12
3,13,3,2
3,13,2,1
3,13,1,5
3,13,5,9
3,13,9,13
3,14,3,2
3,14,2,6
3,14,6,10
3,14,10,14
3,15,3,7
3,15,7,11
3,15,11,15
3,16,3,2
3,16,2,1
3,16,1,64
3,16,64,68
3,16,68,17
3,16,17,16
3,17,3,2
3,17,2,1
3,17,1,64
3,17,64,68
3,17,68,17
3,18,3,2
3,18,2,1
3,18,1,64
3,18,64,68
3,18,68,17
3,18,17,21
3,18,21,22
3,18,22,18
3,19,3,2
3,19,2,1
3,19,1,64
3,19,64,68
3,19,68,17
3,19,17,21
3,19,21,22
3,19,22,23
3,19,23,19
3,20,3,2
3,20,2,1
3,20,1,64
3,20,64,68
3,20,68,17
3,20,17,16
3,20,16,20
3,21,3,2
3,21,2,1
3,21,1,64
3,21,64,68
3,21,68,17
3,21,17,21
3,22,3,2
3,22,2,1
3,22,1,64
3,22,64,68
3,22,68,17
3,22,17,21
3,22,21,22
3,23,3,2
3,23,2,1
3,23,1,64
3,23,64,68
3,23,68,17
3,23,17,21
3,23,21,22
3,23,22,23
3,24,3,2
3,24,2,1
3,24,1,64
3,24,64,68
3,24,68,17
3,24,17,16
3,24,16,20
3,24,20,24
3,25,3,2
3,25,2,1
3,25,1,64
3,25,64,68
3,25,68,17
3,25,17,21
3,25,21,25
3,26,3,2
3,26,2,1
3,26,1,64
3,26,64,68
3,26,68,17
3,26,17,21
3,26,21,22
3,26,22,26
3,27,3,2
3,27,2,1
3,27,1,64
3,27,64,68
3,27,68,17
3,27,17,21
3,27,21,22
3,27,22,23
3,27,23,27
3,28,3,2
3,28,2,1
3,28,1,64
3,28,64,68
3,28,68,17
3,28,17,16
3,28,16,20
3,28,20,24
3,28,24,28
3,29,3,2
3,29,2,1
3,29,1,64
3,29,64,68
3,29,68,17
3,29,17,21
3,29,21,25
3,29,25,29
3,30,3,2
3,30,2,1
3,30,1,64
3,30,64,68
3,30,68,17
3,30,17,21
3,30,21,22
3,30,22,26
3,30,26,30
3,31,3,2
3,31,2,1
3,31,1,64
3,31,64,68
3,31,68,17
3,31,17,21
3,31,21,22
3,31,22,23
3,31,23,27
3,31,27,31
3,32,3,2
3,32,2,1
3,32,1,64
3,32,64,68
3,32,68,72
3,32,72,33
3,32,33,32
3,33,3,2
3,33,2,1
3,33,1,64
3,33,64,68
3,33,68,72
3,33,72,33
3,34,3,2
3,34,2,1
3,34,1,64
3,34,64,68
3,34,68,72
3,34,72,33
3,34,33,37
3,34,37,38
3,34,38,34
3,35,3,2
3,35,2,1
3,35,1,64
3,35,64,68
3,35,68,72
3,35,72,33
3,35,33,37
3,35,37,38
3,35,38,39
3,35,39,35
3,36,3,2
3,36,2,1
3,36,1,64
3,36,64,68
3,36,68,72
3,36,72,33
3,36,33,32
3,36,32,36
3,37,3,2
3,37,2,1
3,37,1,64
3,37,64,68
3,37,68,72
3,37,72,33
3,37,33,37
3,38,3,2
3,38,2,1
3,38,1,64
3,38,64,68
3,38,68,72
3,38,72,33
3,38,33,37
3,38,37,38
3,39,3,2
3,39,2,1
3,39,1,64
3,39,64,68
3,39,68,72
3,39,72,33
3,39,33,37
3,39,37,38
3,39,38,39
3,40,3,2
3,40,2,1
3,40,1,64
3,40,64,68
3,40,68,72
3,40,72,33
3,40,33,32
3,40,32,36
3,40,36,40
3,41,3,2
3,41,2,1
3,41,1,64
3,41,64,68
3,41,68,72
3,41,72,33
3,41,33,37
3,41,37,41
3,42,3,2
3,42,2,1
3,42,1,64
3,42,64,68
3,42,68,72
3,42,72,33
3,42,33,37
3,42,37,38
3,42,38,42
3,43,3,2
3,43,2,1
3,43,1,64
3,43,64,68
3,43,68,72
3,43,72,33
3,43,33,37
3,43,37,38
3,43,38,39
3,43,39,43
3,44,3,2
3,44,2,1
3,44,1,64
3,44,64,68
3,44,68,72
3,44,72,33
3,44,33,32
3,44,32,36
3,44,36,40
3,44,40,44
3,45,3,2
3,45,2,1
3,45,1,64
3,45,64,68
3,45,68,72
3,45,72,33
3,45,33,37
3,45,37,41
3,45,41,45
3,46,3,2
3,46,2,1
3,46,1,64
3,46,64,68
3,46,68,72
3,46,72,33
3,46,33,37
3,46,37,38
3,46,38,42
3,46,42,46
3,47,3,2
3,47,2,1
3,47,1,64
3,47,64,68
3,47,68,72
3,47,72,33
3,47,33,37
3,47,37,38
3,47,38,39
3,47,39,43
3,47,43,47
3,48,3,2
3,48,2,1
3,48,1,64
3,48,64,68
3,48,68,72
3,48,72,76
3,48,76,49
3,48,49,48
3,49,3,2
3,49,2,1
3,49,1,64
3,49,64,68
3,49,68,72
3,49,72,76
3,49,76,49
3,50,3,2
3,50,2,1
3,50,1,64
3,50,64,68
3,50,68,72
3,50,72,76
3,50,76,49
3,50,49,53
3,50,53,54
3,50,54,50
3,51,3,2
3,51,2,1
3,51,1,64
3,51,64,68
3,51,68,72
3,51,72,76
3,51,76,49
3,51,49,53
3,51,53,54
3,51,54,55
3,51,55,51
3,52,3,2
3,52,2,1
3,52,1,64
3,52,64,68
3,52,68,72
3,52,72,76
3,52,76,49
3,52,49,48
3,52,48,52
3,53,3,2
3,53,2,1
3,53,1,64
3,53,64,68
3,53,68,72
3,53,72,76
3,53,76,49
3,53,49,53
3,54,3,2
3,54,2,1
3,54,1,64
3,54,64,68
3,54,68,72
3,54,72,76
3,54,76,49
3,54,49,53
3,54,53,54
3,55,3,2
3,55,2,1
3,55,1,64
3,55,64,68
3,55,68,72
3,55,72,76
3,55,76,49
3,55,49,53
3,55,53,54
3,55,54,55
3,56,3,2
3,56,2,1
3,56,1,64
3,56,64,68
3,56,68,72
3,56,72,76
3,56,76,49
3,56,49,48
3,56,48,52
3,56,52,56
3,57,3,2
3,57,2,1
3,57,1,64
3,57,64,68
3,57,68,72
3,57,72,76
3,57,76,49
3,57,49,53
3,57,53,57
3,58,3,2
3,58,2,1
3,58,1,64
3,58,64,68
3,58,68,72
3,58,72,76
3,58,76,49
3,58,49,53
3,58,53,54
3,58,54,58
3,59,3,2
3,59,2,1
3,59,1,64
3,59,64,68
3,59,68,72
3,59,72,76
3,59,76,49
3,59,49,53
3,59,53,54
3,59,54,55
3,59,55,59
3,60,3,2
3,60,2,1
3,60,1,64
3,60,64,68
3,60,68,72
3,60,72,76
3,60,76,49
3,60,49,48
3,60,48,52
3,60,52,56
3,60,56,60
3,61,3,2
3,61,2,1
3,61,1,64
3,61,64,68
3,61,68,72
3,61,72,76
3,61,76,49
3,61,49,53
3,61,53,57
3,61,57,61
3,62,3,2
3,62,2,1
3,62,1,64
3,62,64,68
3,62,68,72
3,62,72,76
3,62,76,49
3,62,49,53
3,62,53,54
3,62,54,58
3,62,58,62
3,63,3,2
3,63,2,1
3,63,1,64
3,63,64,68
3,63,68,72
3,63,72,76
3,63,76,49
3,63,49,53
3,63,53,54
3,63,54,55
3,63,55,59
3,63,59,63
4,0,4,0
4,1,4,5
4,1,5,1
4,2,4,5
4,2,5,6
4,2,6,2
4,3,4,5
4,3,5,6
4,3,6,7
4,3,7,3
4,5,4,5
4,6,4,5
4,6,5,6
4,7,4,5
4,7,5,6
4,7,6,7
4,8,4,8
4,9,4,5
4,9,5,9
4,10,4,5
4,10,5,6
4,10,6,10
4,11,4,5
4,11,5,6
4,11,6,7
4,11,7,11
4,12,4,8
4,12,8,12
4,13,4,5
4,13,5,9
4,13,9,13
4,14,4,5
4,14,5,6
4,14,6,10
4,14,10,14
4,15,4,5
4,15,5,6
4,15,6,7
4,15,7,11
4,15,11,15
4,16,4,5
4,16,5,1
4,16,1,64
4,16,64,68
4,16,68,17
4,16,17,16
4,17,4,5
4,17,5,1
4,17,1,64
4,17,64,68
4,17,68,17
4,18,4,5
4,18,5,1
4,18,1,64
4,18,64,68
4,18,68,17
4,18,17,21
4,18,21,22
4,18,22,18
4,19,4,5
4,19,5,1
4,19,1,64
4,19,64,68
4,19,68,17
4,19,17,21
4,19,21,22
4,19,22,23
4,19,23,19
4,20,4,5
4,20,5,1
4,20,1,64
4,20,64,68
4,20,68,17
4,20,17,16
4,20,16,20
4,21,4,5
4,21,5,1
4,21,1,64
4,21,64,68
4,21,68,17
4,21,17,21
4,22,4,5
4,22,5,1
4,22,1,64
4,22,64,68
4,22,68,17
4,22,17,21
4,22,21,22
4,23,4,5
4,23,5,1
4,23,1,64
4,23,64,68
4,23,68,17
4,23,17,21
4,23,21,22
4,23,22,23
4,24,4,5
4,24,5,1
4,24,1,64
4,24,64,68
4,24,68,17
4,24,17,16
4,24,16,20
4,24,20,24
4,25,4,5
4,25,5,1
4,25,1,64
4,25,64,68
4,25,68,17
4,25,17,21
4,25,21,25
4,26,4,5
4,26,5,1
4,26,1,64
4,26,64,68
4,26,68,17
4,26,17,21
4,26,21,22
4,26,22,26
4,27,4,5
4,27,5,1
4,27,1,64
4,27,64,68
4,27,68,17
4,27,17,21
4,27,21,22
4,27,22,23
4,27,23,27
4,28,4,5
4,28,5,1
4,28,1,64
4,28,64,68
4,28,68,17
4,28,17,16
4,28,16,20
4,28,20,24
4,28,24,28
4,29,4,5
4,29,5,1
4,29,1,64
4,29,64,68
4,29,68,17
4,29,17,21
4,29,21,25
4,29,25,29
4,30,4,5
4,30,5,1
4,30,1,64
4,30,64,68
4,30,68,17
4,30,17,21
4,30,21,22
4,30,22,26
4,30,26,30
4,31,4,5
4,31,5,1
4,31,1,64
4,31,64,68
4,31,68,17
4,31,17,21
4,31,21,22
4,31,22,23
4,31,23,27
4,31,27,31
4,32,4,5
4,32,5,1
4,32,1,64
4,32,64,68
4,32,68,72
4,32,72,33
4,32,33,32
4,33,4,5
4,33,5,1
4,33,1,64
4,33,64,68
4,33,68,72
4,33,72,33
4,34,4,5
4,34,5,1
4,34,1,64
4,34,64,68
4,34,68,72
4,34,72,33
4,34,33,37
4,34,37,38
4,34,38,34
4,35,4,5
4,35,5,1
4,35,1,64
4,35,64,68
4,35,68,72
4,35,72,33
4,35,33,37
4,35,37,38
4,35,38,39
4,35,39,35
4,36,4,5
4,36,5,1
4,36,1,64
4,36,64,68
4,36,68,72
4,36,72,33
4,36,33,32
4,36,32,36
4,37,4,5
4,37,5,1
4,37,1,64
4,37,64,68
4,37,68,72
4,37,72,33
4,37,33,37
4,38,4,5
4,38,5,1
4,38,1,64
4,38,64,68
4,38,68,72
4,38,72,33
4,38,33,37
4,38,37,38
4,39,4,5
4,39,5,1
4,39,1,64
4,39,64,68
4,39,68,72
4,39,72,33
4,39,33,37
4,39,37,38
4,39,38,39
4,40,4,5
4,40,5,1
4,40,1,64
4,40,64,68
4,40,68,72
4,40,72,33
4,40,33,32
4,40,32,36
4,40,36,40
4,41,4,5
4,41,5,1
4,41,1,64
4,41,64,68
4,41,68,72
4,41,72,33
4,41,33,37
4,41,37,41
4,42,4,5
4,42,5,1
4,42,1,64
4,42,64,68
4,42,68,72
4,42,72,33
4,42,33,37
4,42,37,38
4,42,38,42
4,43,4,5
4,43,5,1
4,43,1,64
4,43,64,68
4,43,68,72
4,43,72,33
4,43,33,37
4,43,37,38
4,43,38,39
4,43,39,43
4,44,4,5
4,44,5,1
4,44,1,64
4,44,64,68
4,44,68,72
4,44,72,33
4,44,33,32
4,44,32,36
4,44,36,40
4,44,40,44
4,45,4,5
4,45,5,1
4,45,1,64
4,45,64,68
4,45,68,72
4,45,72,33
4,45,33,37
4,45,37,41
4,45,41,45
4,46,4,5
4,46,5,1
4,46,1,64
4,46,64,68
4,46,68,72
4,46,72,33
4,46,33,37
4,46,37,38
4,46,38,42
4,46,42,46
4,47,4,5
4,47,5,1
4,47,1,64
4,47,64,68
4,47,68,72
4,47,72,33
4,47,33,37
4,47,37,38
4,47,38,39
4,47,39,43
4,47,43,47
4,48,4,5
4,48,5,1
4,48,1,64
4,48,64,68
4,48,68,72
4,48,72,76
4,48,76,49
4,48,49,48
4,49,4,5
4,49,5,1
4,49,1,64
4,49,64,68
4,49,68,72
4,49,72,76
4,49,76,49
4,50,4,5
4,50,5,1
4,50,1,64
4,50,64,68
4,50,68,72
4,50,72,76
4,50,76,49
4,50,49,53
4,50,53,54
4,50,54,50
4,51,4,5
4,51,5,1
4,51,1,64
4,51,64,68
4,51,68,72
4,51,72,76
4,51,76,49
4,51,49,53
4,51,53,54
4,51,54,55
4,51,55,51
4,52,4,5
4,52,5,1
4,52,1,64
4,52,64,68
4,52,68,72
4,52,72,76
4,52,76,49
4,52,49,48
4,52,48,52
4,53,4,5
4,53,5,1
4,53,1,64
4,53,64,68
4,53,68,72
4,53,72,76
4,53,76,49
4,53,49,53
4,54,4,5
4,54,5,1
4,54,1,64
4,54,64,68
4,54,68,72
4,54,72,76
4,54,76,49
4,54,49,53
4,54,53,54
4,55,4,5
4,55,5,1
4,55,1,64
4,55,64,68
4,55,68,72
4,55,72,76
4,55,76,49
4,55,49,53
4,55,53,54
4,55,54,55
4,56,4,5
4,56,5,1
4,56,1,64
4,56,64,68
4,56,68,72
4,56,72,76
4,56,76,49
4,56,49,48
4,56,48,52
4,56,52,56
4,57,4,5
4,57,5,1
4,57,1,64
4,57,64,68
4,57,68,72
4,57,72,76
4,57,76,49
4,57,49,53
4,57,53,57
4,58,4,5
4,58,5,1
4,58,1,64
4,58,64,68
4,58,68,72
4,58,72,76
4,58,76,49
4,58,49,53
4,58,53,54
4,58,54,58
4,59,4,5
4,59,5,1
4,59,1,64
4,59,64,68
4,59,68,72
4,59,72,76
4,59,76,49
4,59,49,53
4,59,53,54
4,59,54,55
4,59,55,59
4,60,4,5
4,60,5,1
4,60,1,64
4,60,64,68
4,60,68,72
4,60,72,76
4,60,76,49
4,60,49,48
4,60,48,52
4,60,52,56
4,60,56,60
4,61,4,5
4,61,5,1
4,61,1,64
4,61,64,68
4,61,68,72
4,61,72,76
4,61,76,49
4,61,49,53
4,61,53,57
4,61,57,61
4,62,4,5
4,62,5,1
4,62,1,64
4,62,64,68
4,62,68,72
4,62,72,76
4,62,76,49
4,62,49,53
4,62,53,54
4,62,54,58
4,62,58,62
4,63,4,5
4,63,5,1
4,63,1,64
4,63,64,68
4,63,68,72
4,63,72,76
4,63,76,49
4,63,49,53
4,63,53,54
4,63,54,55
4,63,55,59
4,63,59,63
5,0,5,4
5,0,4,0
5,1,5,1
5,2,5,6
5,2,6,2
5,3,5,6
5,3,6,7
5,3,7,3
5,4,5,4
5,6,5,6
5,7,5,6
5,7,6,7
5,8,5,4
5,8,4,8
5,9,5,9
5,10,5,6
5,10,6,10
5,11,5,6
5,11,6,7
5,11,7,11
5,12,5,4
5,12,4,8
5,12,8,12
5,13,5,9
5,13,9,13
5,14,5,6
5,14,6,10
5,14,10,14
5,15,5,6
5,15,6,7
5,15,7,11
5,15,11,15
5,16,5,1
5,16,1,64
5,16,64,68
5,16,68,17
5,16,17,16
5,17,5,1
5,17,1,64
5,17,64,68
5,17,68,17
5,18,5,1
5,18,1,64
5,18,64,68
5,18,68,17
5,18,17,21
5,18,21,22
5,18,22,18
5,19,5,1
5,19,1,64
5,19,64,68
5,19,68,17
5,19,17,21
5,19,21,22
5,19,22,23
5,19,23,19
5,20,5,1
5,20,1,64
5,20,64,68
5,20,68,17
5,20,17,16
5,20,16,20
5,21,5,1
5,21,1,64
5,21,64,68
5,21,68,17
5,21,17,21
5,22,5,1
5,22,1,64
5,22,64,68
5,22,68,17
5,22,17,21
5,22,21,22
5,23,5,1
5,23,1,64
5,23,64,68
5,23,68,17
5,23,17,21
5,23,21,22
5,23,22,23
5,24,5,1
5,24,1,64
5,24,64,68
5,24,68,17
5,24,17,16
5,24,16,20
5,24,20,24
5,25,5,1
5,25,1,64
5,25,64,68
5,25,68,17
5,25,17,21
5,25,21,25
5,26,5,1
5,26,1,64
5,26,64,68
5,26,68,17
5,26,17,21
5,26,21,22
5,26,22,26
5,27,5,1
5,27,1,64
5,27,64,68
5,27,68,17
5,27,17,21
5,27,21,22
5,27,22,23
5,27,23,27
5,28,5,1
5,28,1,64
5,28,64,68
5,28,68,17
5,28,17,16
5,28,16,20
5,28,20,24
5,28,24,28
5,29,5,1
5,29,1,64
5,29,64,68
5,29,68,17
5,29,17,21
5,29,21,25
5,29,25,29
5,30,5,1
5,30,1,64
5,30,64,68
5,30,68,17
5,30,17,21
5,30,21,22
5,30,22,26
5,30,26,30
5,31,5,1
5,31,1,64
5,31,64,68
5,31,68,17
5,31,17,21
5,31,21,22
5,31,22,23
5,31,23,27
5,31,27,31
5,32,5,1
5,32,1,64
5,32,64,68
5,32,68,72
5,32,72,33
5,32,33,32
5,33,5,1
5,33,1,64
5,33,64,68
5,33,68,72
5,33,72,33
5,34,5,1
5,34,1,64
5,34,64,68
5,34,68,72
5,34,72,33
5,34,33,37
5,34,37,38
5,34,38,34
5,35,5,1
5,35,1,64
5,35,64,68
5,35,68,72
5,35,72,33
5,35,33,37
5,35,37,38
5,35,38,39
5,35,39,35
5,36,5,1
5,36,1,64
5,36,64,68
5,36,68,72
5,36,72,33
5,36,33,32
5,36,32,36
5,37,5,1
5,37,1,64
5,37,64,68
5,37,68,72
5,37,72,33
5,37,33,37
5,38,5,1
5,38,1,64
5,38,64,68
5,38,68,72
5,38,72,33
5,38,33,37
5,38,37,38
5,39,5,1
5,39,1,64
5,39,64,68
5,39,68,72
5,39,72,33
5,39,33,37
5,39,37,38
5,39,38,39
5,40,5,1
5,40,1,64
5,40,64,68
5,40,68,72
5,40,72,33
5,40,33,32
5,40,32,36
5,40,36,40
5,41,5,1
5,41,1,64
5,41,64,68
5,41,68,72
5,41,72,33
5,41,33,37
5,41,37,41
5,42,5,1
5,42,1,64
5,42,64,68
5,42,68,72
5,42,72,33
5,42,33,37
5,42,37,38
5,42,38,42
5,43,5,1
5,43,1,64
5,43,64,68
5,43,68,72
5,43,72,33
5,43,33,37
5,43,37,38
5,43,38,39
5,43,39,43
5,44,5,1
5,44,1,64
5,44,64,68
5,44,68,72
5,44,72,33
5,44,33,32
5,44,32,36
5,44,36,40
5,44,40,44
5,45,5,1
5,45,1,64
5,45,64,68
5,45,68,72
5,45,72,33
5,45,33,37
5,45,37,41
5,45,41,45
5,46,5,1
5,46,1,64
5,46,64,68
5,46,68,72
5,46,72,33
5,46,33,37
5,46,37,38
5,46,38,42
5,46,42,46
5,47,5,1
5,47,1,64
5,47,64,68
5,47,68,72
5,47,72,33
5,47,33,37
5,47,37,38
5,47,38,39
5,47,39,43
5,47,43,47
5,48,5,1
5,48,1,64
5,48,64,68
5,48,68,72
5,48,72,76
5,48,76,49
5,48,49,48
5,49,5,1
5,49,1,64
5,49,64,68
5,49,68,72
5,49,72,76
5,49,76,49
5,50,5,1
5,50,1,64
5,50,64,68
5,50,68,72
5,50,72,76
5,50,76,49
5,50,49,53
5,50,53,54
5,50,54,50
5,51,5,1
5,51,1,64
5,51,64,68
5,51,68,72
5,51,72,76
5,51,76,49
5,51,49,53
5,51,53,54
5,51,54,55
5,51,55,51
5,52,5,1
5,52,1,64
5,52,64,68
5,52,68,72
5,52,72,76
5,52,76,49
5,52,49,48
5,52,48,52
5,53,5,1
5,53,1,64
5,53,64,68
5,53,68,72
5,53,72,76
5,53,76,49
5,53,49,53
5,54,5,1
5,54,1,64
5,54,64,68
5,54,68,72
5,54,72,76
5,54,76,49
5,54,49,53
5,54,53,54
5,55,5,1
5,55,1,64
5,55,64,68
5,55,68,72
5,55,72,76
5,55,76,49
5,55,49,53
5,55,53,54
5,55,54,55
5,56,5,1
5,56,1,64
5,56,64,68
5,56,68,72
5,56,72,76
5,56,76,49
5,56,49,48
5,56,48,52
5,56,52,56
5,57,5,1
5,57,1,64
5,57,64,68
5,57,68,72
5,57,72,76
5,57,76,49
5,57,49,53
5,57,53,57
5,58,5,1
5,58,1,64
5,58,64,68
5,58,68,72
5,58,72,76
5,58,76,49
5,58,49,53
5,58,53,54
5,58,54,58
5,59,5,1
5,59,1,64
5,59,64,68
5,59,68,72
5,59,72,76
5,59,76,49
5,59,49,53
5,59,53,54
5,59,54,55
5,59,55,59
5,60,5,1
5,60,1,64
5,60,64,68
5,60,68,72
5,60,72,76
5,60,76,49
5,60,49,48
5,60,48,52
5,60,52,56
5,60,56,60
5,61,5,1
5,61,1,64
5,61,64,68
5,61,68,72
5,61,72,76
5,61,76,49
5,61,49,53
5,61,53,57
5,61,57,61
5,62,5,1
5,62,1,64
5,62,64,68
5,62,68,72
5,62,72,76
5,62,76,49
5,62,49,53
5,62,53,54
5,62,54,58
5,62,58,62
5,63,5,1
5,63,1,64
5,63,64,68
5,63,68,72
5,63,72,76
5,63,76,49
5,63,49,53
5,63,53,54
5,63,54,55
5,63,55,59
5,63,59,63
6,0,6,5
6,0,5,4
6,0,4,0
6,1,6,5
6,1,5,1
6,2,6,2
6,3,6,7
6,3,7,3
6,4,6,5
6,4,5,4
6,5,6,5
6,7,6,7
6,8,6,5
6,8,5,4
6,8,4,8
6,9,6,5
6,9,5,9
6,10,6,10
6,11,6,7
6,11,7,11
6,12,6,5
6,12,5,4
6,12,4,8
6,12,8,12
6,13,6,5
6,13,5,9
6,13,9,13
6,14,6,10
6,14,10,14
6,15,6,7
6,15,7,11
6,15,11,15
6,16,6,5
6,16,5,1
6,16,1,64
6,16,64,68
6,16,68,17
6,16,17,16
6,17,6,5
6,17,5,1
6,17,1,64
6,17,64,68
6,17,68,17
6,18,6,5
6,18,5,1
6,18,1,64
6,18,64,68
6,18,68,17
6,18,17,21
6,18,21,22
6,18,22,18
6,19,6,5
6,19,5,1
6,19,1,64
6,19,64,68
6,19,68,17
6,19,17,21
6,19,21,22
6,19,22,23
6,19,23,19
6,20,6,5
6,20,5,1
6,20,1,64
6,20,64,68
6,20,68,17
6,20,17,16
6,20,16,20
6,21,6,5
6,21,5,1
6,21,1,64
6,21,64,68
6,21,68,17
6,21,17,21
6,22,6,5
6,22,5,1
6,22,1,64
6,22,64,68
6,22,68,17
6,22,17,21
6,22,21,22
6,23,6,5
6,23,5,1
6,23,1,64
6,23,64,68
6,23,68,17
6,23,17,21
6,23,21,22
6,23,22,23
6,24,6,5
6,24,5,1
6,24,1,64
6,24,64,68
6,24,68,17
6,24,17,16
6,24,16,20
6,24,20,24
6,25,6,5
6,25,5,1
6,25,1,64
6,25,64,68
6,25,68,17
6,25,17,21
6,25,21,25
6,26,6,5
6,26,5,1
6,26,1,64
6,26,64,68
6,26,68,17
6,26,17,21
6,26,21,22
6,26,22,26
6,27,6,5
6,27,5,1
6,27,1,64
6,27,64,68
6,27,68,17
6,27,17,21
6,27,21,22
6,27,22,23
6,27,23,27
6,28,6,5
6,28,5,1
6,28,1,64
6,28,64,68
6,28,68,17
6,28,17,16
6,28,16,20
6,28,20,24
6,28,24,28
6,29,6,5
6,29,5,1
6,29,1,64
6,29,64,68
6,29,68,17
6,29,17,21
6,29,21,25
6,29,25,29
6,30,6,5
6,30,5,1
6,30,1,64
6,30,64,68
6,30,68,17
6,30,17,21
6,30,21,22
6,30,22,26
6,30,26,30
6,31,6,5
6,31,5,1
6,31,1,64
6,31,64,68
6,31,68,17
6,31,17,21
6,31,21,22
6,31,22,23
6,31,23,27
6,31,27,31
6,32,6,5
6,32,5,1
6,32,1,64
6,32,64,68
6,32,68,72
6,32,72,33
6,32,33,32
6,33,6,5
6,33,5,1
6,33,1,64
6,33,64,68
6,33,68,72
6,33,72,33
6,34,6,5
6,34,5,1
6,34,1,64
6,34,64,68
6,34,68,72
6,34,72,33
6,34,33,37
6,34,37,38
6,34,38,34
6,35,6,5
6,35,5,1
6,35,1,64
6,35,64,68
6,35,68,72
6,35,72,33
6,35,33,37
6,35,37,38
6,35,38,39
6,35,39,35
6,36,6,5
6,36,5,1
6,36,1,64
6,36,64,68
6,36,68,72
6,36,72,33
6,36,33,32
6,36,32,36
6,37,6,5
6,37,5,1
6,37,1,64
6,37,64,68
6,37,68,72
6,37,72,33
6,37,33,37
6,38,6,5
6,38,5,1
6,38,1,64
6,38,64,68
6,38,68,72
6,38,72,33
6,38,33,37
6,38,37,38
6,39,6,5
6,39,5,1
6,39,1,64
6,39,64,68
6,39,68,72
6,39,72,33
6,39,33,37
6,39,37,38
6,39,38,39
6,40,6,5
6,40,5,1
6,40,1,64
6,40,64,68
6,40,68,72
6,40,72,33
6,40,33,32
6,40,32,36
6,40,36,40
6,41,6,5
6,41,5,1
6,41,1,64
6,41,64,68
6,41,68,72
6,41,72,33
6,41,33,37
6,41,37,41
6,42,6,5
6,42,5,1
6,42,1,64
6,42,64,68
6,42,68,72
6,42,72,33
6,42,33,37
6,42,37,38
6,42,38,42
6,43,6,5
6,43,5,1
6,43,1,64
6,43,64,68
6,43,68,72
6,43,72,33
6,43,33,37
6,43,37,38
6,43,38,39
6,43,39,43
6,44,6,5
6,44,5,1
6,44,1,64
6,44,64,68
6,44,68,72
6,44,72,33
6,44,33,32
6,44,32,36
6,44,36,40
6,44,40,44
6,45,6,5
6,45,5,1
6,45,1,64
6,45,64,68
6,45,68,72
6,45,72,33
6,45,33,37
6,45,37,41
6,45,41,45
6,46,6,5
6,46,5,1
6,46,1,64
6,46,64,68
6,46,68,72
6,46,72,33
6,46,33,37
6,46,37,38
6,46,38,42
6,46,42,46
6,47,6,5
6,47,5,1
6,47,1,64
6,47,64,68
6,47,68,72
6,47,72,33
6,47,33,37
6,47,37,38
6,47,38,39
6,47,39,43
6,47,43,47
6,48,6,5
6,48,5,1
6,48,1,64
6,48,64,68
6,48,68,72
6,48,72,76
6,48,76,49
6,48,49,48
6,49,6,5
6,49,5,1
6,49,1,64
6,49,64,68
6,49,68,72
6,49,72,76
6,49,76,49
6,50,6,5
6,50,5,1
6,50,1,64
6,50,64,68
6,50,68,72
6,50,72,76
6,50,76,49
6,50,49,53
6,50,53,54
6,50,54,50
6,51,6,5
6,51,5,1
6,51,1,64
6,51,64,68
6,51,68,72
6,51,72,76
6,51,76,49
6,51,49,53
6,51,53,54
6,51,54,55
6,51,55,51
6,52,6,5
6,52,5,1
6,52,1,64
6,52,64,68
6,52,68,72
6,52,72,76
6,52,76,49
6,52,49,48
6,52,48,52
6,53,6,5
6,53,5,1
6,53,1,64
6,53,64,68
6,53,68,72
6,53,72,76
6,53,76,49
6,53,49,53
6,54,6,5
6,54,5,1
6,54,1,64
6,54,64,68
6,54,68,72
6,54,72,76
6,54,76,49
6,54,49,53
6,54,53,54
6,55,6,5
6,55,5,1
6,55,1,64
6,55,64,68
6,55,68,72
6,55,72,76
6,55,76,49
6,55,49,53
6,55,53,54
6,55,54,55
6,56,6,5
6,56,5,1
6,56,1,64
6,56,64,68
6,56,68,72
6,56,72,76
6,56,76,49
6,56,49,48
6,56,48,52
6,56,52,56
6,57,6,5
6,57,5,1
6,57,1,64
6,57,64,68
6,57,68,72
6,57,72,76
6,57,76,49
6,57,49,53
6,57,53,57
6,58,6,5
6,58,5,1
6,58,1,64
6,58,64,68
6,58,68,72
6,58,72,76
6,58,76,49
6,58,49,53
6,58,53,54
6,58,54,58
6,59,6,5
6,59,5,1
6,59,1,64
6,59,64,68
6,59,68,72
6,59,72,76
6,59,76,49
6,59,49,53
6,59,53,54
6,59,54,55
6,59,55,59
6,60,6,5
6,60,5,1
6,60,1,64
6,60,64,68
6,60,68,72
6,60,72,76
6,60,76,49
6,60,49,48
6,60,48,52
6,60,52,56
6,60,56,60
6,61,6,5
6,61,5,1
6,61,1,64
6,61,64,68
6,61,68,72
6,61,72,76
6,61,76,49
6,61,49,53
6,61,53,57
6,61,57,61
6,62,6,5
6,62,5,1
6,62,1,64
6,62,64,68
6,62,68,72
6,62,72,76
6,62,76,49
6,62,49,53
6,62,53,54
6,62,54,58
6,62,58,62
6,63,6,5
6,63,5,1
6,63,1,64
6,63,64,68
6,63,68,72
6,63,72,76
6,63,76,49
6,63,49,53
6,63,53,54
6,63,54,55
6,63,55,59
6,63,59,63
7,0,7,6
7,0,6,5
7,0,5,4
7,0,4,0
7,1,7,6
7,1,6,5
7,1,5,1
7,2,7,6
7,2,6,2
7,3,7,3
7,4,7,6
7,4,6,5
7,4,5,4
7,5,7,6
7,5,6,5
7,6,7,6
7,8,7,6
7,8,6,5
7,8,5,4
7,8,4,8
7,9,7,6
7,9,6,5
7,9,5,9
7,10,7,6
7,10,6,10
7,11,7,11
7,12,7,6
7,12,6,5
7,12,5,4
7,12,4,8
7,12,8,12
7,13,7,6
7,13,6,5
7,13,5,9
7,13,9,13
7,14,7,6
7,14,6,10
7,14,10,14
7,15,7,11
7,15,11,15
7,16,7,6
7,16,6,5
7,16,5,1
7,16,1,64
7,16,64,68
7,16,68,17
7,16,17,16
7,17,7,6
7,17,6,5
7,17,5,1
7,17,1,64
7,17,64,68
7,17,68,17
7,18,7,6
7,18,6,5
7,18,5,1
7,18,1,64
7,18,64,68
7,18,68,17
7,18,17,21
7,18,21,22
7,18,22,18
7,19,7,6
7,19,6,5
7,19,5,1
7,19,1,64
7,19,64,68
7,19,68,17
7,19,17,21
7,19,21,22
7,19,22,23
7,19,23,19
7,20,7,6
7,20,6,5
7,20,5,1
7,20,1,64
7,20,64,68
7,20,68,17
7,20,17,16
7,20,16,20
7,21,7,6
7,21,6,5
7,21,5,1
7,21,1,64
7,21,64,68
7,21,68,17
7,21,17,21
7,22,7,6
7,22,6,5
7,22,5,1
7,22,1,64
7,22,64,68
7,22,68,17
7,22,17,21
7,22,21,22
7,23,7,6
7,23,6,5
7,23,5,1
7,23,1,64
7,23,64,68
7,23,68,17
7,23,17,21
7,23,21,22
7,23,22,23
7,24,7,6
7,24,6,5
7,24,5,1
7,24,1,64
7,24,64,68
7,24,68,17
7,24,17,16
7,24,16,20
7,24,20,24
7,25,7,6
7,25,6,5
7,25,5,1
7,25,1,64
7,25,64,68
7,25,68,17
7,25,17,21
7,25,21,25
7,26,7,6
7,26,6,5
7,26,5,1
7,26,1,64
7,26,64,68
7,26,68,17
7,26,17,21
7,26,21,22
7,26,22,26
7,27,7,6
7,27,6,5
7,27,5,1
7,27,1,64
7,27,64,68
7,27,68,17
7,27,17,21
7,27,21,22
7,27,22,23
7,27,23,27
7,28,7,6
7,28,6,5
7,28,5,1
7,28,1,64
7,28,64,68
7,28,68,17
7,28,17,16
7,28,16,20
7,28,20,24
7,28,24,28
7,29,7,6
7,29,6,5
7,29,5,1
7,29,1,64
7,29,64,68
7,29,68,17
7,29,17,21
7,29,21,25
7,29,25,29
7,30,7,6
7,30,6,5
7,30,5,1
7,30,1,64
7,30,64,68
7,30,68,17
7,30,17,21
7,30,21,22
7,30,22,26
7,30,26,30
7,31,7,6
7,31,6,5
7,31,5,1
7,31,1,64
7,31,64,68
7,31,68,17
7,31,17,21
7,31,21,22
7,31,22,23
7,31,23,27
7,31,27,31
7,32,7,6
7,32,6,5
7,32,5,1
7,32,1,64
7,32,64,68
7,32,68,72
7,32,72,33
7,32,33,32
7,33,7,6
7,33,6,5
7,33,5,1
7,33,1,64
7,33,64,68
7,33,68,72
7,33,72,33
7,34,7,6
7,34,6,5
7,34,5,1
7,34,1,64
7,34,64,68
7,34,68,72
7,34,72,33
7,34,33,37
7,34,37,38
7,34,38,34
7,35,7,6
7,35,6,5
7,35,5,1
7,35,1,64
7,35,64,68
7,35,68,72
7,35,72,33
7,35,33,37
7,35,37,38
7,35,38,39
7,35,39,35
7,36,7,6
7,36,6,5
7,36,5,1
7,36,1,64
7,36,64,68
7,36,68,72
7,36,72,33
7,36,33,32
7,36,32,36
7,37,7,6
7,37,6,5
7,37,5,1
7,37,1,64
7,37,64,68
7,37,68,72
7,37,72,33
7,37,33,37
7,38,7,6
7,38,6,5
7,38,5,1
7,38,1,64
7,38,64,68
7,38,68,72
7,38,72,33
7,38,33,37
7,38,37,38
7,39,7,6
7,39,6,5
7,39,5,1
7,39,1,64
7,39,64,68
7,39,68,72
7,39,72,33
7,39,33,37
7,39,37,38
7,39,38,39
7,40,7,6
7,40,6,5
7,40,5,1
7,40,1,64
7,40,64,68
7,40,68,72
7,40,72,33
7,40,33,32
7,40,32,36
7,40,36,40
7,41,7,6
7,41,6,5
7,41,5,1
7,41,1,64
7,41,64,68
7,41,68,72
7,41,72,33
7,41,33,37
7,41,37,41
7,42,7,6
7,42,6,5
7,42,5,1
7,42,1,64
7,42,64,68
7,42,68,72
7,42,72,33
7,42,33,37
7,42,37,38
7,42,38,42
7,43,7,6
7,43,6,5
7,43,5,1
7,43,1,64
7,43,64,68
7,43,68,72
7,43,72,33
7,43,33,37
7,43,37,38
7,43,38,39
7,43,39,43
7,44,7,6
7,44,6,5
7,44,5,1
7,44,1,64
7,44,64,68
7,44,68,72
7,44,72,33
7,44,33,32
7,44,32,36
7,44,36,40
7,44,40,44
7,45,7,6
7,45,6,5
7,45,5,1
7,45,1,64
7,45,64,68
7,45,68,72
7,45,72,33
7,45,33,37
7,45,37,41
7,45,41,45
7,46,7,6
7,46,6,5
7,46,5,1
7,46,1,64
7,46,64,68
7,46,68,72
7,46,72,33
7,46,33,37
7,46,37,38
7,46,38,42
7,46,42,46
7,47,7,6
7,47,6,5
7,47,5,1
7,47,1,64
7,47,64,68
7,47,68,72
7,47,72,33
7,47,33,37
7,47,37,38
7,47,38,39
7,47,39,43
7,47,43,47
7,48,7,6
7,48,6,5
7,48,5,1
7,48,1,64
7,48,64,68
7,48,68,72
7,48,72,76
7,48,76,49
7,48,49,48
7,49,7,6
7,49,6,5
7,49,5,1
7,49,1,64
7,49,64,68
7,49,68,72
7,49,72,76
7,49,76,49
7,50,7,6
7,50,6,5
7,50,5,1
7,50,1,64
7,50,64,68
7,50,68,72
7,50,72,76
7,50,76,49
7,50,49,53
7,50,53,54
7,50,54,50
7,51,7,6
7,51,6,5
7,51,5,1
7,51,1,64
7,51,64,68
7,51,68,72
7,51,72,76
7,51,76,49
7,51,49,53
7,51,53,54
7,51,54,55
7,51,55,51
7,52,7,6
7,52,6,5
7,52,5,1
7,52,1,64
7,52,64,68
7,52,68,72
7,52,72,76
7,52,76,49
7,52,49,48
7,52,48,52
7,53,7,6
7,53,6,5
7,53,5,1
7,53,1,64
7,53,64,68
7,53,68,72
7,53,72,76
7,53,76,49
7,53,49,53
7,54,7,6
7,54,6,5
7,54,5,1
7,54,1,64
7,54,64,68
7,54,68,72
7,54,72,76
7,54,76,49
7,54,49,53
7,54,53,54
7,55,7,6
7,55,6,5
7,55,5,1
7,55,1,64
7,55,64,68
7,55,68,72
7,55,72,76
7,55,76,49
7,55,49,53
7,55,53,54
7,55,54,55
7,56,7,6
7,56,6,5
7,56,5,1
7,56,1,64
7,56,64,68
7,56,68,72
7,56,72,76
7,56,76,49
7,56,49,48
7,56,48,52
7,56,52,56
7,57,7,6
7,57,6,5
7,57,5,1
7,57,1,64
7,57,64,68
7,57,68,72
7,57,72,76
7,57,76,49
7,57,49,53
7,57,53,57
7,58,7,6
7,58,6,5
7,58,5,1
7,58,1,64
7,58,64,68
7,58,68,72
7,58,72,76
7,58,76,49
7,58,49,53
7,58,53,54
7,58,54,58
7,59,7,6
7,59,6,5
7,59,5,1
7,59,1,64
7,59,64,68
7,59,68,72
7,59,72,76
7,59,76,49
7,59,49,53
7,59,53,54
7,59,54,55
7,59,55,59
7,60,7,6
7,60,6,5
7,60,5,1
7,60,1,64
7,60,64,68
7,60,68,72
7,60,72,76
7,60,76,49
7,60,49,48
7,60,48,52
7,60,52,56
7,60,56,60
7,61,7,6
7,61,6,5
7,61,5,1
7,61,1,64
7,61,64,68
7,61,68,72
7,61,72,76
7,61,76,49
7,61,49,53
7,61,53,57
7,61,57,61
7,62,7,6
7,62,6,5
7,62,5,1
7,62,1,64
7,62,64,68
7,62,68,72
7,62,72,76
7,62,76,49
7,62,49,53
7,62,53,54
7,62,54,58
7,62,58,62
7,63,7,6
7,63,6,5
7,63,5,1
7,63,1,64
7,63,64,68
7,63,68,72
7,63,72,76
7,63,76,49
7,63,49,53
7,63,53,54
7,63,54,55
7,63,55,59
7,63,59,63
8,0,8,4
8,0,4,0
8,1,8,9
8,1,9,5
8,1,5,1
8,2,8,9
8,2,9,10
8,2,10,6
8,2,6,2
8,3,8,9
8,3,9,10
8,3,10,11
8,3,11,7
8,3,7,3
8,4,8,4
8,5,8,9
8,5,9,5
8,6,8,9
8,6,9,10
8,6,10,6
8,7,8,9
8,7,9,10
8,7,10,11
8,7,11,7
8,9,8,9
8,10,8,9
8,10,9,10
8,11,8,9
8,11,9,10
8,11,10,11
8,12,8,12
8,13,8,9
8,13,9,13
8,14,8,9
8,14,9,10
8,14,10,14
8,15,8,9
8,15,9,10
8,15,10,11
8,15,11,15
8,16,8,9
8,16,9,5
8,16,5,1
8,16,1,64
8,16,64,68
8,16,68,17
8,16,17,16
8,17,8,9
8,17,9,5
8,17,5,1
8,17,1,64
8,17,64,68
8,17,68,17
8,18,8,9
8,18,9,5
8,18,5,1
8,18,1,64
8,18,64,68
8,18,68,17
8,18,17,21
8,18,21,22
8,18,22,18
8,19,8,9
8,19,9,5
8,19,5,1
8,19,1,64
8,19,64,68
8,19,68,17
8,19,17,21
8,19,21,22
8,19,22,23
8,19,23,19
8,20,8,9
8,20,9,5
8,20,5,1
8,20,1,64
8,20,64,68
8,20,68,17
8,20,17,16
8,20,16,20
8,21,8,9
8,21,9,5
8,21,5,1
8,21,1,64
8,21,64,68
8,21,68,17
8,21,17,21
8,22,8,9
8,22,9,5
8,22,5,1
8,22,1,64
8,22,64,68
8,22,68,17
8,22,17,21
8,22,21,22
8,23,8,9
8,23,9,5
8,23,5,1
8,23,1,64
8,23,64,68
8,23,68,17
8,23,17,21
8,23,21,22
8,23,22,23
8,24,8,9
8,24,9,5
8,24,5,1
8,24,1,64
8,24,64,68
8,24,68,17
8,24,17,16
8,24,16,20
8,24,20,24
8,25,8,9
8,25,9,5
8,25,5,1
8,25,1,64
8,25,64,68
8,25,68,17
8,25,17,21
8,25,21,25
8,26,8,9
8,26,9,5
8,26,5,1
8,26,1,64
8,26,64,68
8,26,68,17
8,26,17,21
8,26,21,22
8,26,22,26
8,27,8,9
8,27,9,5
8,27,5,1
8,27,1,64
8,27,64,68
8,27,68,17
8,27,17,21
8,27,21,22
8,27,22,23
8,27,23,27
8,28,8,9
8,28,9,5
8,28,5,1
8,28,1,64
8,28,64,68
8,28,68,17
8,28,17,16
8,28,16,20
8,28,20,24
8,28,24,28
8,29,8,9
8,29,9,5
8,29,5,1
8,29,1,64
8,29,64,68
8,29,68,17
8,29,17,21
8,29,21,25
8,29,25,29
8,30,8,9
8,30,9,5
8,30,5,1
8,30,1,64
8,30,64,68
8,30,68,17
8,30,17,21
8,30,21,22
8,30,22,26
8,30,26,30
8,31,8,9
8,31,9,5
8,31,5,1
8,31,1,64
8,31,64,68
8,31,68,17
8,31,17,21
8,31,21,22
8,31,22,23
8,31,23,27
8,31,27,31
8,32,8,9
8,32,9,5
8,32,5,1
8,32,1,64
8,32,64,68
8,32,68,72
8,32,72,33
8,32,33,32
8,33,8,9
8,33,9,5
8,33,5,1
8,33,1,64
8,33,64,68
8,33,68,72
8,33,72,33
8,34,8,9
8,34,9,5
8,34,5,1
8,34,1,64
8,34,64,68
8,34,68,72
8,34,72,33
8,34,33,37
8,34,37,38
8,34,38,34
8,35,8,9
8,35,9,5
8,35,5,1
8,35,1,64
8,35,64,68
8,35,68,72
8,35,72,33
8,35,33,37
8,35,37,38
8,35,38,39
8,35,39,35
8,36,8,9
8,36,9,5
8,36,5,1
8,36,1,64
8,36,64,68
8,36,68,72
8,36,72,33
8,36,33,32
8,36,32,36
8,37,8,9
8,37,9,5
8,37,5,1
8,37,1,64
8,37,64,68
8,37,68,72
8,37,72,33
8,37,33,37
8,38,8,9
8,38,9,5
8,38,5,1
8,38,1,64
8,38,64,68
8,38,68,72
8,38,72,33
8,38,33,37
8,38,37,38
8,39,8,9
8,39,9,5
8,39,5,1
8,39,1,64
8,39,64,68
8,39,68,72
8,39,72,33
8,39,33,37
8,39,37,38
8,39,38,39
8,40,8,9
8,40,9,5
8,40,5,1
8,40,1,64
8,40,64,68
8,40,68,72
8,40,72,33
8,40,33,32
8,40,32,36
8,40,36,40
8,41,8,9
8,41,9,5
8,41,5,1
8,41,1,64
8,41,64,68
8,41,68,72
8,41,72,33
8,41,33,37
8,41,37,41
8,42,8,9
8,42,9,5
8,42,5,1
8,42,1,64
8,42,64,68
8,42,68,72
8,42,72,33
8,42,33,37
8,42,37,38
8,42,38,42
8,43,8,9
8,43,9,5
8,43,5,1
8,43,1,64
8,43,64,68
8,43,68,72
8,43,72,33
8,43,33,37
8,43,37,38
8,43,38,39
8,43,39,43
8,44,8,9
8,44,9,5
8,44,5,1
8,44,1,64
8,44,64,68
8,44,68,72
8,44,72,33
8,44,33,32
8,44,32,36
8,44,36,40
8,44,40,44
8,45,8,9
8,45,9,5
8,45,5,1
8,45,1,64
8,45,64,68
8,45,68,72
8,45,72,33
8,45,33,37
8,45,37,41
8,45,41,45
8,46,8,9
8,46,9,5
8,46,5,1
8,46,1,64
8,46,64,68
8,46,68,72
8,46,72,33
8,46,33,37
8,46,37,38
8,46,38,42
8,46,42,46
8,47,8,9
8,47,9,5
8,47,5,1
8,47,1,64
8,47,64,68
8,47,68,72
8,47,72,33
8,47,33,37
8,47,37,38
8,47,38,39
8,47,39,43
8,47,43,47
8,48,8,9
8,48,9,5
8,48,5,1
8,48,1,64
8,48,64,68
8,48,68,72
8,48,72,76
8,48,76,49
8,48,49,48
8,49,8,9
8,49,9,5
8,49,5,1
8,49,1,64
8,49,64,68
8,49,68,72
8,49,72,76
8,49,76,49
8,50,8,9
8,50,9,5
8,50,5,1
8,50,1,64
8,50,64,68
8,50,68,72
8,50,72,76
8,50,76,49
8,50,49,53
8,50,53,54
8,50,54,50
8,51,8,9
8,51,9,5
8,51,5,1
8,51,1,64
8,51,64,68
8,51,68,72
8,51,72,76
8,51,76,49
8,51,49,53
8,51,53,54
8,51,54,55
8,51,55,51
8,52,8,9
8,52,9,5
8,52,5,1
8,52,1,64
8,52,64,68
8,52,68,72
8,52,72,76
8,52,76,49
8,52,49,48
8,52,48,52
8,53,8,9
8,53,9,5
8,53,5,1
8,53,1,64
8,53,64,68
8,53,68,72
8,53,72,76
8,53,76,49
8,53,49,53
8,54,8,9
8,54,9,5
8,54,5,1
8,54,1,64
8,54,64,68
8,54,68,72
8,54,72,76
8,54,76,49
8,54,49,53
8,54,53,54
8,55,8,9
8,55,9,5
8,55,5,1
8,55,1,64
8,55,64,68
8,55,68,72
8,55,72,76
8,55,76,49
8,55,49,53
8,55,53,54
8,55,54,55
8,56,8,9
8,56,9,5
8,56,5,1
8,56,1,64
8,56,64,68
8,56,68,72
8,56,72,76
8,56,76,49
8,56,49,48
8,56,48,52
8,56,52,56
8,57,8,9
8,57,9,5
8,57,5,1
8,57,1,64
8,57,64,68
8,57,68,72
8,57,72,76
8,57,76,49
8,57,49,53
8,57,53,57
8,58,8,9
8,58,9,5
8,58,5,1
8,58,1,64
8,58,64,68
8,58,68,72
8,58,72,76
8,58,76,49
8,58,49,53
8,58,53,54
8,58,54,58
8,59,8,9
8,59,9,5
8,59,5,1
8,59,1,64
8,59,64,68
8,59,68,72
8,59,72,76
8,59,76,49
8,59,49,53
8,59,53,54
8,59,54,55
8,59,55,59
8,60,8,9
8,60,9,5
8,60,5,1
8,60,1,64
8,60,64,68
8,60,68,72
8,60,72,76
8,60,76,49
8,60,49,48
8,60,48,52
8,60,52,56
8,60,56,60
8,61,8,9
8,61,9,5
8,61,5,1
8,61,1,64
8,61,64,68
8,61,68,72
8,61,72,76
8,61,76,49
8,61,49,53
8,61,53,57
8,61,57,61
8,62,8,9
8,62,9,5
8,62,5,1
8,62,1,64
8,62,64,68
8,62,68,72
8,62,72,76
8,62,76,49
8,62,49,53
8,62,53,54
8,62,54,58
8,62,58,62
8,63,8,9
8,63,9,5
8,63,5,1
8,63,1,64
8,63,64,68
8,63,68,72
8,63,72,76
8,63,76,49
8,63,49,53
8,63,53,54
8,63,54,55
8,63,55,59
8,63,59,63
9,0,9,8
9,0,8,4
9,0,4,0
9,1,9,5
9,1,5,1
9,2,9,10
9,2,10,6
9,2,6,2
9,3,9,10
9,3,10,11
9,3,11,7
9,3,7,3
9,4,9,8
9,4,8,4
9,5,9,5
9,6,9,10
9,6,10,6
9,7,9,10
9,7,10,11
9,7,11,7
9,8,9,8
9,10,9,10
9,11,9,10
9,11,10,11
9,12,9,8
9,12,8,12
9,13,9,13
9,14,9,10
9,14,10,14
9,15,9,10
9,15,10,11
9,15,11,15
9,16,9,5
9,16,5,1
9,16,1,64
9,16,64,68
9,16,68,17
9,16,17,16
9,17,9,5
9,17,5,1
9,17,1,64
9,17,64,68
9,17,68,17
9,18,9,5
9,18,5,1
9,18,1,64
9,18,64,68
9,18,68,17
9,18,17,21
9,18,21,22
9,18,22,18
9,19,9,5
9,19,5,1
9,19,1,64
9,19,64,68
9,19,68,17
9,19,17,21
9,19,21,22
9,19,22,23
9,19,23,19
9,20,9,5
9,20,5,1
9,20,1,64
9,20,64,68
9,20,68,17
9,20,17,16
9,20,16,20
9,21,9,5
9,21,5,1
9,21,1,64
9,21,64,68
9,21,68,17
9,21,17,21
9,22,9,5
9,22,5,1
9,22,1,64
9,22,64,68
9,22,68,17
9,22,17,21
9,22,21,22
9,23,9,5
9,23,5,1
9,23,1,64
9,23,64,68
9,23,68,17
9,23,17,21
9,23,21,22
9,23,22,23
9,24,9,5
9,24,5,1
9,24,1,64
9,24,64,68
9,24,68,17
9,24,17,16
9,24,16,20
9,24,20,24
9,25,9,5
9,25,5,1
9,25,1,64
9,25,64,68
9,25,68,17
9,25,17,21
9,25,21,25
9,26,9,5
9,26,5,1
9,26,1,64
9,26,64,68
9,26,68,17
9,26,17,21
9,26,21,22
9,26,22,26
9,27,9,5
9,27,5,1
9,27,1,64
9,27,64,68
9,27,68,17
9,27,17,21
9,27,21,22
9,27,22,23
9,27,23,27
9,28,9,5
9,28,5,1
9,28,1,64
9,28,64,68
9,28,68,17
9,28,17,16
9,28,16,20
9,28,20,24
9,28,24,28
9,29,9,5
9,29,5,1
9,29,1,64
9,29,64,68
9,29,68,17
9,29,17,21
9,29,21,25
9,29,25,29
9,30,9,5
9,30,5,1
9,30,1,64
9,30,64,68
9,30,68,17
9,30,17,21
9,30,21,22
9,30,22,26
9,30,26,30
9,31,9,5
9,31,5,1
9,31,1,64
9,31,64,68
9,31,68,17
9,31,17,21
9,31,21,22
9,31,22,23
9,31,23,27
9,31,27,31
9,32,9,5
9,32,5,1
9,32,1,64
9,32,64,68
9,32,68,72
9,32,72,33
9,32,33,32
9,33,9,5
9,33,5,1
9,33,1,64
9,33,64,68
9,33,68,72
9,33,72,33
9,34,9,5
9,34,5,1
9,34,1,64
9,34,64,68
9,34,68,72
9,34,72,33
9,34,33,37
9,34,37,38
9,34,38,34
9,35,9,5
9,35,5,1
9,35,1,64
9,35,64,68
9,35,68,72
9,35,72,33
9,35,33,37
9,35,37,38
9,35,38,39
9,35,39,35
9,36,9,5
9,36,5,1
9,36,1,64
9,36,64,68
9,36,68,72
9,36,72,33
9,36,33,32
9,36,32,36
9,37,9,5
9,37,5,1
9,37,1,64
9,37,64,68
9,37,68,72
9,37,72,33
9,37,33,37
9,38,9,5
9,38,5,1
9,38,1,64
9,38,64,68
9,38,68,72
9,38,72,33
9,38,33,37
9,38,37,38
9,39,9,5
9,39,5,1
9,39,1,64
9,39,64,68
9,39,68,72
9,39,72,33
9,39,33,37
9,39,37,38
9,39,38,39
9,40,9,5
9,40,5,1
9,40,1,64
9,40,64,68
9,40,68,72
9,40,72,33
9,40,33,32
9,40,32,36
9,40,36,40
9,41,9,5
9,41,5,1
9,41,1,64
9,41,64,68
9,41,68,72
9,41,72,33
9,41,33,37
9,41,37,41
9,42,9,5
9,42,5,1
9,42,1,64
9,42,64,68
9,42,68,72
9,42,72,33
9,42,33,37
9,42,37,38
9,42,38,42
9,43,9,5
9,43,5,1
9,43,1,64
9,43,64,68
9,43,68,72
9,43,72,33
9,43,33,37
9,43,37,38
9,43,38,39
9,43,39,43
9,44,9,5
9,44,5,1
9,44,1,64
9,44,64,68
9,44,68,72
9,44,72,33
9,44,33,32
9,44,32,36
9,44,36,40
9,44,40,44
9,45,9,5
9,45,5,1
9,45,1,64
9,45,64,68
9,45,68,72
9,45,72,33
9,45,33,37
9,45,37,41
9,45,41,45
9,46,9,5
9,46,5,1
9,46,1,64
9,46,64,68
9,46,68,72
9,46,72,33
9,46,33,37
9,46,37,38
9,46,38,42
9,46,42,46
9,47,9,5
9,47,5,1
9,47,1,64
9,47,64,68
9,47,68,72
9,47,72,33
9,47,33,37
9,47,37,38
9,47,38,39
9,47,39,43
9,47,43,47
9,48,9,5
9,48,5,1
9,48,1,64
9,48,64,68
9,48,68,72
9,48,72,76
9,48,76,49
9,48,49,48
9,49,9,5
9,49,5,1
9,49,1,64
9,49,64,68
9,49,68,72
9,49,72,76
9,49,76,49
9,50,9,5
9,50,5,1
9,50,1,64
9,50,64,68
9,50,68,72
9,50,72,76
9,50,76,49
9,50,49,53
9,50,53,54
9,50,54,50
9,51,9,5
9,51,5,1
9,51,1,64
9,51,64,68
9,51,68,72
9,51,72,76
9,51,76,49
9,51,49,53
9,51,53,54
9,51,54,55
9,51,55,51
9,52,9,5
9,52,5,1
9,52,1,64
9,52,64,68
9,52,68,72
9,52,72,76
9,52,76,49
9,52,49,48
9,52,48,52
9,53,9,5
9,53,5,1
9,53,1,64
9,53,64,68
9,53,68,72
9,53,72,76
9,53,76,49
9,53,49,53
9,54,9,5
9,54,5,1
9,54,1,64
9,54,64,68
9,54,68,72
9,54,72,76
9,54,76,49
9,54,49,53
9,54,53,54
9,55,9,5
9,55,5,1
9,55,1,64
9,55,64,68
9,55,68,72
9,55,72,76
9,55,76,49
9,55,49,53
9,55,53,54
9,55,54,55
9,56,9,5
9,56,5,1
9,56,1,64
9,56,64,68
9,56,68,72
9,56,72,76
9,56,76,49
9,56,49,48
9,56,48,52
9,56,52,56
9,57,9,5
9,57,5,1
9,57,1,64
9,57,64,68
9,57,68,72
9,57,72,76
9,57,76,49
9,57,49,53
9,57,53,57
9,58,9,5
9,58,5,1
9,58,1,64
9,58,64,68
9,58,68,72
9,58,72,76
9,58,76,49
9,58,49,53
9,58,53,54
9,58,54,58
9,59,9,5
9,59,5,1
9,59,1,64
9,59,64,68
9,59,68,72
9,59,72,76
9,59,76,49
9,59,49,53
9,59,53,54
9,59,54,55
9,59,55,59
9,60,9,5
9,60,5,1
9,60,1,64
9,60,64,68
9,60,68,72
9,60,72,76
9,60,76,49
9,60,49,48
9,60,48,52
9,60,52,56
9,60,56,60
9,61,9,5
9,61,5,1
9,61,1,64
9,61,64,68
9,61,68,72
9,61,72,76
9,61,76,49
9,61,49,53
9,61,53,57
9,61,57,61
9,62,9,5
9,62,5,1
9,62,1,64
9,62,64,68
9,62,68,72
9,62,72,76
9,62,76,49
9,62,49,53
9,62,53,54
9,62,54,58
9,62,58,62
9,63,9,5
9,63,5,1
9,63,1,64
9,63,64,68
9,63,68,72
9,63,72,76
9,63,76,49
9,63,49,53
9,63,53,54
9,63,54,55
9,63,55,59
9,63,59,63
10,0,10,9
10,0,9,8
10,0,8,4
10,0,4,0
10,1,10,9
10,1,9,5
10,1,5,1
10,2,10,6
10,2,6,2
10,3,10,11
10,3,11,7
10,3,7,3
10,4,10,9
10,4,9,8
10,4,8,4
10,5,10,9
10,5,9,5
10,6,10,6
10,7,10,11
10,7,11,7
10,8,10,9
10,8,9,8
10,9,10,9
10,11,10,11
10,12,10,9
10,12,9,8
10,12,8,12
10,13,10,9
10,13,9,13
10,14,10,14
10,15,10,11
10,15,11,15
10,16,10,9
10,16,9,5
10,16,5,1
10,16,1,64
10,16,64,68
10,16,68,17
10,16,17,16
10,17,10,9
10,17,9,5
10,17,5,1
10,17,1,64
10,17,64,68
10,17,68,17
10,18,10,9
10,18,9,5
10,18,5,1
10,18,1,64
10,18,64,68
10,18,68,17
10,18,17,21
10,18,21,22
10,18,22,18
10,19,10,9
10,19,9,5
10,19,5,1
10,19,1,64
10,19,64,68
10,19,68,17
10,19,17,21
10,19,21,22
10,19,22,23
10,19,23,19
10,20,10,9
10,20,9,5
10,20,5,1
10,20,1,64
10,20,64,68
10,20,68,17
10,20,17,16
10,20,16,20
10,21,10,9
10,21,9,5
10,21,5,1
10,21,1,64
10,21,64,68
10,21,68,17
10,21,17,21
10,22,10,9
10,22,9,5
10,22,5,1
10,22,1,64
10,22,64,68
10,22,68,17
10,22,17,21
10,22,21,22
10,23,10,9
10,23,9,5
10,23,5,1
10,23,1,64
10,23,64,68
10,23,68,17
10,23,17,21
10,23,21,22
10,23,22,23
10,24,10,9
10,24,9,5
10,24,5,1
10,24,1,64
10,24,64,68
10,24,68,17
10,24,17,16
10,24,16,20
10,24,20,24
10,25,10,9
10,25,9,5
10,25,5,1
10,25,1,64
10,25,64,68
10,25,68,17
10,25,17,21
10,25,21,25
10,26,10,9
10,26,9,5
10,26,5,1
10,26,1,64
10,26,64,68
10,26,68,17
10,26,17,21
10,26,21,22
10,26,22,26
10,27,10,9
10,27,9,5
10,27,5,1
10,27,1,64
10,27,64,68
10,27,68,17
10,27,17,21
10,27,21,22
10,27,22,23
10,27,23,27
10,28,10,9
10,28,9,5
10,28,5,1
10,28,1,64
10,28,64,68
10,28,68,17
10,28,17,16
10,28,16,20
10,28,20,24
10,28,24,28
10,29,10,9
10,29,9,5
10,29,5,1
10,29,1,64
10,29,64,68
10,29,68,17
10,29,17,21
10,29,21,25
10,29,25,29
10,30,10,9
10,30,9,5
10,30,5,1
10,30,1,64
10,30,64,68
10,30,68,17
10,30,17,21
10,30,21,22
10,30,22,26
10,30,26,30
10,31,10,9
10,31,9,5
10,31,5,1
10,31,1,64
10,31,64,68
10,31,68,17
10,31,17,21
10,31,21,22
10,31,22,23
10,31,23,27
10,31,27,31
10,32,10,9
10,32,9,5
10,32,5,1
10,32,1,64
10,32,64,68
10,32,68,72
10,32,72,33
10,32,33,32
10,33,10,9
10,33,9,5
10,33,5,1
10,33,1,64
10,33,64,68
10,33,68,72
10,33,72,33
10,34,10,9
10,34,9,5
10,34,5,1
10,34,1,64
10,34,64,68
10,34,68,72
10,34,72,33
10,34,33,37
10,34,37,38
10,34,38,34
10,35,10,9
10,35,9,5
10,35,5,1
10,35,1,64
10,35,64,68
10,35,68,72
10,35,72,33
10,35,33,37
10,35,37,38
10,35,38,39
10,35,39,35
10,36,10,9
10,36,9,5
10,36,5,1
10,36,1,64
10,36,64,68
10,36,68,72
10,36,72,33
10,36,33,32
10,36,32,36
10,37,10,9
10,37,9,5
10,37,5,1
10,37,1,64
10,37,64,68
10,37,68,72
10,37,72,33
10,37,33,37
10,38,10,9
10,38,9,5
10,38,5,1
10,38,1,64
10,38,64,68
10,38,68,72
10,38,72,33
10,38,33,37
10,38,37,38
10,39,10,9
10,39,9,5
10,39,5,1
10,39,1,64
10,39,64,68
10,39,68,72
10,39,72,33
10,39,33,37
10,39,37,38
10,39,38,39
10,40,10,9
10,40,9,5
10,40,5,1
10,40,1,64
10,40,64,68
10,40,68,72
10,40,72,33
10,40,33,32
10,40,32,36
10,40,36,40
10,41,10,9
10,41,9,5
10,41,5,1
10,41,1,64
10,41,64,68
10,41,68,72
10,41,72,33
10,41,33,37
10,41,37,41
10,42,10,9
10,42,9,5
10,42,5,1
10,42,1,64
10,42,64,68
10,42,68,72
10,42,72,33
10,42,33,37
10,42,37,38
10,42,38,42
10,43,10,9
10,43,9,5
10,43,5,1
10,43,1,64
10,43,64,68
10,43,68,72
10,43,72,33
10,43,33,37
10,43,37,38
10,43,38,39
10,43,39,43
10,44,10,9
10,44,9,5
10,44,5,1
10,44,1,64
10,44,64,68
10,44,68,72
10,44,72,33
10,44,33,32
10,44,32,36
10,44,36,40
10,44,40,44
10,45,10,9
10,45,9,5
10,45,5,1
10,45,1,64
10,45,64,68
10,45,68,72
10,45,72,33
10,45,33,37
10,45,37,41
10,45,41,45
10,46,10,9
10,46,9,5
10,46,5,1
10,46,1,64
10,46,64,68
10,46,68,72
10,46,72,33
10,46,33,37
10,46,37,38
10,46,38,42
10,46,42,46
10,47,10,9
10,47,9,5
10,47,5,1
10,47,1,64
10,47,64,68
10,47,68,72
10,47,72,33
10,47,33,37
10,47,37,38
10,47,38,39
10,47,39,43
10,47,43,47
10,48,10,9
10,48,9,5
10,48,5,1
10,48,1,64
10,48,64,68
10,48,68,72
10,48,72,76
10,48,76,49
10,48,49,48
10,49,10,9
10,49,9,5
10,49,5,1
10,49,1,64
10,49,64,68
10,49,68,72
10,49,72,76
10,49,76,49
10,50,10,9
10,50,9,5
10,50,5,1
10,50,1,64
10,50,64,68
10,50,68,72
10,50,72,76
10,50,76,49
10,50,49,53
10,50,53,54
10,50,54,50
10,51,10,9
10,51,9,5
10,51,5,1
10,51,1,64
10,51,64,68
10,51,68,72
10,51,72,76
10,51,76,49
10,51,49,53
10,51,53,54
10,51,54,55
10,51,55,51
10,52,10,9
10,52,9,5
10,52,5,1
10,52,1,64
10,52,64,68
10,52,68,72
10,52,72,76
10,52,76,49
10,52,49,48
10,52,48,52
10,53,10,9
10,53,9,5
10,53,5,1
10,53,1,64
10,53,64,68
10,53,68,72
10,53,72,76
10,53,76,49
10,53,49,53
10,54,10,9
10,54,9,5
10,54,5,1
10,54,1,64
10,54,64,68
10,54,68,72
10,54,72,76
10,54,76,49
10,54,49,53
10,54,53,54
10,55,10,9
10,55,9,5
10,55,5,1
10,55,1,64
10,55,64,68
10,55,68,72
10,55,72,76
10,55,76,49
10,55,49,53
10,55,53,54
10,55,54,55
10,56,10,9
10,56,9,5
10,56,5,1
10,56,1,64
10,56,64,68
10,56,68,72
10,56,72,76
10,56,76,49
10,56,49,48
10,56,48,52
10,56,52,56
10,57,10,9
10,57,9,5
10,57,5,1
10,57,1,64
10,57,64,68
10,57,68,72
10,57,72,76
10,57,76,49
10,57,49,53
10,57,53,57
10,58,10,9
10,58,9,5
10,58,5,1
10,58,1,64
10,58,64,68
10,58,68,72
10,58,72,76
10,58,76,49
10,58,49,53
10,58,53,54
10,58,54,58
10,59,10,9
10,59,9,5
10,59,5,1
10,59,1,64
10,59,64,68
10,59,68,72
10,59,72,76
10,59,76,49
10,59,49,53
10,59,53,54
10,59,54,55
10,59,55,59
10,60,10,9
10,60,9,5
10,60,5,1
10,60,1,64
10,60,64,68
10,60,68,72
10,60,72,76
10,60,76,49
10,60,49,48
10,60,48,52
10,60,52,56
10,60,56,60
10,61,10,9
10,61,9,5
10,61,5,1
10,61,1,64
10,61,64,68
10,61,68,72
10,61,72,76
10,61,76,49
10,61,49,53
10,61,53,57
10,61,57,61
10,62,10,9
10,62,9,5
10,62,5,1
10,62,1,64
10,62,64,68
10,62,68,72
10,62,72,76
10,62,76,49
10,62,49,53
10,62,53,54
10,62,54,58
10,62,58,62
10,63,10,9
10,63,9,5
10,63,5,1
10,63,1,64
10,63,64,68
10,63,68,72
10,63,72,76
10,63,76,49
10,63,49,53
10,63,53,54
10,63,54,55
10,63,55,59
10,63,59,63
11,0,11,10
11,0,10,9
11,0,9,8
11,0,8,4
11,0,4,0
11,1,11,10
11,1,10,9
11,1,9,5
11,1,5,1
11,2,11,10
11,2,10,6
11,2,6,2
11,3,11,7
11,3,7,3
11,4,11,10
11,4,10,9
11,4,9,8
11,4,8,4
11,5,11,10
11,5,10,9
11,5,9,5
11,6,11,10
11,6,10,6
11,7,11,7
11,8,11,10
11,8,10,9
11,8,9,8
11,9,11,10
11,9,10,9
11,10,11,10
11,12,11,10
11,12,10,9
11,12,9,8
11,12,8,12
11,13,11,10
11,13,10,9
11,13,9,13
11,14,11,10
11,14,10,14
11,15,11,15
11,16,11,10
11,16,10,9
11,16,9,5
11,16,5,1
11,16,1,64
11,16,64,68
11,16,68,17
11,16,17,16
11,17,11,10
11,17,10,9
11,17,9,5
11,17,5,1
11,17,1,64
11,17,64,68
11,17,68,17
11,18,11,10
11,18,10,9
11,18,9,5
11,18,5,1
11,18,1,64
11,18,64,68
11,18,68,17
11,18,17,21
11,18,21,22
11,18,22,18
11,19,11,10
11,19,10,9
11,19,9,5
11,19,5,1
11,19,1,64
11,19,64,68
11,19,68,17
11,19,17,21
11,19,21,22
11,19,22,23
11,19,23,19
11,20,11,10
11,20,10,9
11,20,9,5
11,20,5,1
11,20,1,64
11,20,64,68
11,20,68,17
11,20,17,16
11,20,16,20
11,21,11,10
11,21,10,9
11,21,9,5
11,21,5,1
11,21,1,64
11,21,64,68
11,21,68,17
11,21,17,21
11,22,11,10
11,22,10,9
11,22,9,5
11,22,5,1
11,22,1,64
11,22,64,68
11,22,68,17
11,22,17,21
11,22,21,22
11,23,11,10
11,23,10,9
11,23,9,5
11,23,5,1
11,23,1,64
11,23,64,68
11,23,68,17
11,23,17,21
11,23,21,22
11,23,22,23
11,24,11,10
11,24,10,9
11,24,9,5
11,24,5,1
11,24,1,64
11,24,64,68
11,24,68,17
11,24,17,16
11,24,16,20
11,24,20,24
11,25,11,10
11,25,10,9
11,25,9,5
11,25,5,1
11,25,1,64
11,25,64,68
11,25,68,17
11,25,17,21
11,25,21,25
11,26,11,10
11,26,10,9
11,26,9,5
11,26,5,1
11,26,1,64
11,26,64,68
11,26,68,17
11,26,17,21
11,26,21,22
11,26,22,26
11,27,11,10
11,27,10,9
11,27,9,5
11,27,5,1
11,27,1,64
11,27,64,68
11,27,68,17
11,27,17,21
11,27,21,22
11,27,22,23
11,27,23,27
11,28,11,10
11,28,10,9
11,28,9,5
11,28,5,1
11,28,1,64
11,28,64,68
11,28,68,17
11,28,17,16
11,28,16,20
11,28,20,24
11,28,24,28
11,29,11,10
11,29,10,9
11,29,9,5
11,29,5,1
11,29,1,64
11,29,64,68
11,29,68,17
11,29,17,21
11,29,21,25
11,29,25,29
11,30,11,10
11,30,10,9
11,30,9,5
11,30,5,1
11,30,1,64
11,30,64,68
11,30,68,17
11,30,17,21
11,30,21,22
11,30,22,26
11,30,26,30
11,31,11,10
11,31,10,9
11,31,9,5
11,31,5,1
11,31,1,64
11,31,64,68
11,31,68,17
11,31,17,21
11,31,21,22
11,31,22,23
11,31,23,27
11,31,27,31
11,32,11,10
11,32,10,9
11,32,9,5
11,32,5,1
11,32,1,64
11,32,64,68
11,32,68,72
11,32,72,33
11,32,33,32
11,33,11,10
11,33,10,9
11,33,9,5
11,33,5,1
11,33,1,64
11,33,64,68
11,33,68,72
11,33,72,33
11,34,11,10
11,34,10,9
11,34,9,5
11,34,5,1
11,34,1,64
11,34,64,68
11,34,68,72
11,34,72,33
11,34,33,37
11,34,37,38
11,34,38,34
11,35,11,10
11,35,10,9
11,35,9,5
11,35,5,1
11,35,1,64
11,35,64,68
11,35,68,72
11,35,72,33
11,35,33,37
11,35,37,38
11,35,38,39
11,35,39,35
11,36,11,10
11,36,10,9
11,36,9,5
11,36,5,1
11,36,1,64
11,36,64,68
11,36,68,72
11,36,72,33
11,36,33,32
11,36,32,36
11,37,11,10
11,37,10,9
11,37,9,5
11,37,5,1
11,37,1,64
11,37,64,68
11,37,68,72
11,37,72,33
11,37,33,37
11,38,11,10
11,38,10,9
11,38,9,5
11,38,5,1
11,38,1,64
11,38,64,68
11,38,68,72
11,38,72,33
11,38,33,37
11,38,37,38
11,39,11,10
11,39,10,9
11,39,9,5
11,39,5,1
11,39,1,64
11,39,64,68
11,39,68,72
11,39,72,33
11,39,33,37
11,39,37,38
11,39,38,39
11,40,11,10
11,40,10,9
11,40,9,5
11,40,5,1
11,40,1,64
11,40,64,68
11,40,68,72
11,40,72,33
11,40,33,32
11,40,32,36
11,40,36,40
11,41,11,10
11,41,10,9
11,41,9,5
11,41,5,1
11,41,1,64
11,41,64,68
11,41,68,72
11,41,72,33
11,41,33,37
11,41,37,41
11,42,11,10
11,42,10,9
11,42,9,5
11,42,5,1
11,42,1,64
11,42,64,68
11,42,68,72
11,42,72,33
11,42,33,37
11,42,37,38
11,42,38,42
11,43,11,10
11,43,10,9
11,43,9,5
11,43,5,1
11,43,1,64
11,43,64,68
11,43,68,72
11,43,72,33
11,43,33,37
11,43,37,38
11,43,38,39
11,43,39,43
11,44,11,10
11,44,10,9
11,44,9,5
11,44,5,1
11,44,1,64
11,44,64,68
11,44,68,72
11,44,72,33
11,44,33,32
11,44,32,36
11,44,36,40
11,44,40,44
11,45,11,10
11,45,10,9
11,45,9,5
11,45,5,1
11,45,1,64
11,45,64,68
11,45,68,72
11,45,72,33
11,45,33,37
11,45,37,41
11,45,41,45
11,46,11,10
11,46,10,9
11,46,9,5
11,46,5,1
11,46,1,64
11,46,64,68
11,46,68,72
11,46,72,33
11,46,33,37
11,46,37,38
11,46,38,42
11,46,42,46
11,47,11,10
11,47,10,9
11,47,9,5
11,47,5,1
11,47,1,64
11,47,64,68
11,47,68,72
11,47,72,33
11,47,33,37
11,47,37,38
11,47,38,39
11,47,39,43
11,47,43,47
11,48,11,10
11,48,10,9
11,48,9,5
11,48,5,1
11,48,1,64
11,48,64,68
11,48,68,72
11,48,72,76
11,48,76,49
11,48,49,48
11,49,11,10
11,49,10,9
11,49,9,5
11,49,5,1
11,49,1,64
11,49,64,68
11,49,68,72
11,49,72,76
11,49,76,49
11,50,11,10
11,50,10,9
11,50,9,5
11,50,5,1
11,50,1,64
11,50,64,68
11,50,68,72
11,50,72,76
11,50,76,49
11,50,49,53
11,50,53,54
11,50,54,50
11,51,11,10
11,51,10,9
11,51,9,5
11,51,5,1
11,51,1,64
11,51,64,68
11,51,68,72
11,51,72,76
11,51,76,49
11,51,49,53
11,51,53,54
11,51,54,55
11,51,55,51
11,52,11,10
11,52,10,9
11,52,9,5
11,52,5,1
11,52,1,64
11,52,64,68
11,52,68,72
11,52,72,76
11,52,76,49
11,52,49,48
11,52,48,52
11,53,11,10
11,53,10,9
11,53,9,5
11,53,5,1
11,53,1,64
11,53,64,68
11,53,68,72
11,53,72,76
11,53,76,49
11,53,49,53
11,54,11,10
11,54,10,9
11,54,9,5
11,54,5,1
11,54,1,64
11,54,64,68
11,54,68,72
11,54,72,76
11,54,76,49
11,54,49,53
11,54,53,54
11,55,11,10
11,55,10,9
11,55,9,5
11,55,5,1
11,55,1,64
11,55,64,68
11,55,68,72
11,55,72,76
11,55,76,49
11,55,49,53
11,55,53,54
11,55,54,55
11,56,11,10
11,56,10,9
11,56,9,5
11,56,5,1
11,56,1,64
11,56,64,68
11,56,68,72
11,56,72,76
11,56,76,49
11,56,49,48
11,56,48,52
11,56,52,56
11,57,11,10
11,57,10,9
11,57,9,5
11,57,5,1
11,57,1,64
11,57,64,68
11,57,68,72
11,57,72,76
11,57,76,49
11,57,49,53
11,57,53,57
11,58,11,10
11,58,10,9
11,58,9,5
11,58,5,1
11,58,1,64
11,58,64,68
11,58,68,72
11,58,72,76
11,58,76,49
11,58,49,53
11,58,53,54
11,58,54,58
11,59,11,10
11,59,10,9
11,59,9,5
11,59,5,1
11,59,1,64
11,59,64,68
11,59,68,72
11,59,72,76
11,59,76,49
11,59,49,53
11,59,53,54
11,59,54,55
11,59,55,59
11,60,11,10
11,60,10,9
11,60,9,5
11,60,5,1
11,60,1,64
11,60,64,68
11,60,68,72
11,60,72,76
11,60,76,49
11,60,49,48
11,60,48,52
11,60,52,56
11,60,56,60
11,61,11,10
11,61,10,9
11,61,9,5
11,61,5,1
11,61,1,64
11,61,64,68
11,61,68,72
11,61,72,76
11,61,76,49
11,61,49,53
11,61,53,57
11,61,57,61
11,62,11,10
11,62,10,9
11,62,9,5
11,62,5,1
11,62,1,64
11,62,64,68
11,62,68,72
11,62,72,76
11,62,76,49
11,62,49,53
11,62,53,54
11,62,54,58
11,62,58,62
11,63,11,10
11,63,10,9
11,63,9,5
11,63,5,1
11,63,1,64
11,63,64,68
11,63,68,72
11,63,72,76
11,63,76,49
11,63,49,53
11,63,53,54
11,63,54,55
11,63,55,59
11,63,59,63
12,0,12,8
12,0,8,4
12,0,4,0
12,1,12,13
12,1,13,9
12,1,9,5
12,1,5,1
12,2,12,13
12,2,13,14
12,2,14,10
12,2,10,6
12,2,6,2
12,3,12,13
12,3,13,14
12,3,14,15
12,3,15,11
12,3,11,7
12,3,7,3
12,4,12,8
12,4,8,4
12,5,12,13
12,5,13,9
12,5,9,5
12,6,12,13
12,6,13,14
12,6,14,10
12,6,10,6
12,7,12,13
12,7,13,14
12,7,14,15
12,7,15,11
12,7,11,7
12,8,12,8
12,9,12,13
12,9,13,9
12,10,12,13
12,10,13,14
12,10,14,10
12,11,12,13
12,11,13,14
12,11,14,15
12,11,15,11
12,13,12,13
12,14,12,13
12,14,13,14
12,15,12,13
12,15,13,14
12,15,14,15
12,16,12,13
12,16,13,66
12,16,66,70
12,16,70,29
12,16,29,25
12,16,25,24
12,16,24,20
12,16,20,16
12,17,12,13
12,17,13,66
12,17,66,70
12,17,70,29
12,17,29,25
12,17,25,21
12,17,21,17
12,18,12,13
12,18,13,66
12,18,66,70
12,18,70,29
12,18,29,30
12,18,30,26
12,18,26,22
12,18,22,18
12,19,12,13
12,19,13,66
12,19,66,70
12,19,70,29
12,19,29,30
12,19,30,31
12,19,31,27
12,19,27,23
12,19,23,19
12,20,12,13
12,20,13,66
12,20,66,70
12,20,70,29
12,20,29,25
12,20,25,24
12,20,24,20
12,21,12,13
12,21,13,66
12,21,66,70
12,21,70,29
12,21,29,25
12,21,25,21
12,22,12,13
12,22,13,66
12,22,66,70
12,22,70,29
12,22,29,30
12,22,30,26
12,22,26,22
12,23,12,13
12,23,13,66
12,23,66,70
12,23,70,29
12,23,29,30
12,23,30,31
12,23,31,27
12,23,27,23
12,24,12,13
12,24,13,66
12,24,66,70
12,24,70,29
12,24,29,25
12,24,25,24
12,25,12,13
12,25,13,66
12,25,66,70
12,25,70,29
12,25,29,25
12,26,12,13
12,26,13,66
12,26,66,70
12,26,70,29
12,26,29,30
12,26,30,26
12,27,12,13
12,27,13,66
12,27,66,70
12,27,70,29
12,27,29,30
12,27,30,31
12,27,31,27
12,28,12,13
12,28,13,66
12,28,66,70
12,28,70,29
12,28,29,25
12,28,25,24
12,28,24,28
12,29,12,13
12,29,13,66
12,29,66,70
12,29,70,29
12,30,12,13
12,30,13,66
12,30,66,70
12,30,70,29
12,30,29,30
12,31,12,13
12,31,13,66
12,31,66,70
12,31,70,29
12,31,29,30
12,31,30,31
12,32,12,13
12,32,13,66
12,32,66,70
12,32,70,74
12,32,74,45
12,32,45,41
12,32,41,40
12,32,40,36
12,32,36,32
12,33,12,13
12,33,13,66
12,33,66,70
12,33,70,74
12,33,74,45
12,33,45,41
12,33,41,37
12,33,37,33
12,34,12,13
12,34,13,66
12,34,66,70
12,34,70,74
12,34,74,45
12,34,45,46
12,34,46,42
12,34,42,38
12,34,38,34
12,35,12,13
12,35,13,66
12,35,66,70
12,35,70,74
12,35,74,45
12,35,45,46
12,35,46,47
12,35,47,43
12,35,43,39
12,35,39,35
12,36,12,13
12,36,13,66
12,36,66,70
12,36,70,74
12,36,74,45
12,36,45,41
12,36,41,40
12,36,40,36
12,37,12,13
12,37,13,66
12,37,66,70
12,37,70,74
12,37,74,45
12,37,45,41
12,37,41,37
12,38,12,13
12,38,13,66
12,38,66,70
12,38,70,74
12,38,74,45
12,38,45,46
12,38,46,42
12,38,42,38
12,39,12,13
12,39,13,66
12,39,66,70
12,39,70,74
12,39,74,45
12,39,45,46
12,39,46,47
12,39,47,43
12,39,43,39
12,40,12,13
12,40,13,66
12,40,66,70
12,40,70,74
12,40,74,45
12,40,45,41
12,40,41,40
12,41,12,13
12,41,13,66
12,41,66,70
12,41,70,74
12,41,74,45
12,41,45,41
12,42,12,13
12,42,13,66
12,42,66,70
12,42,70,74
12,42,74,45
12,42,45,46
12,42,46,42
12,43,12,13
12,43,13,66
12,43,66,70
12,43,70,74
12,43,74,45
12,43,45,46
12,43,46,47
12,43,47,43
12,44,12,13
12,44,13,66
12,44,66,70
12,44,70,74
12,44,74,45
12,44,45,41
12,44,41,40
12,44,40,44
12,45,12,13
12,45,13,66
12,45,66,70
12,45,70,74
12,45,74,45
12,46,12,13
12,46,13,66
12,46,66,70
12,46,70,74
12,46,74,45
12,46,45,46
12,47,12,13
12,47,13,66
12,47,66,70
12,47,70,74
12,47,74,45
12,47,45,46
12,47,46,47
12,48,12,13
12,48,13,66
12,48,66,70
12,48,70,74
12,48,74,78
12,48,78,61
12,48,61,57
12,48,57,56
12,48,56,52
12,48,52,48
12,49,12,13
12,49,13,66
12,49,66,70
12,49,70,74
12,49,74,78
12,49,78,61
12,49,61,57
12,49,57,53
12,49,53,49
12,50,12,13
12,50,13,66
12,50,66,70
12,50,70,74
12,50,74,78
12,50,78,61
12,50,61,62
12,50,62,58
12,50,58,54
12,50,54,50
12,51,12,13
12,51,13,66
12,51,66,70
12,51,70,74
12,51,74,78
12,51,78,61
12,51,61,62
12,51,62,63
12,51,63,59
12,51,59,55
12,51,55,51
12,52,12,13
12,52,13,66
12,52,66,70
12,52,70,74
12,52,74,78
12,52,78,61
12,52,61,57
12,52,57,56
12,52,56,52
12,53,12,13
12,53,13,66
12,53,66,70
12,53,70,74
12,53,74,78
12,53,78,61
12,53,61,57
12,53,57,53
12,54,12,13
12,54,13,66
12,54,66,70
12,54,70,74
12,54,74,78
12,54,78,61
12,54,61,62
12,54,62,58
12,54,58,54
12,55,12,13
12,55,13,66
12,55,66,70
12,55,70,74
12,55,74,78
12,55,78,61
12,55,61,62
12,55,62,63
12,55,63,59
12,55,59,55
12,56,12,13
12,56,13,66
12,56,66,70
12,56,70,74
12,56,74,78
12,56,78,61
12,56,61,57
12,56,57,56
12,57,12,13
12,57,13,66
12,57,66,70
12,57,70,74
12,57,74,78
12,57,78,61
12,57,61,57
12,58,12,13
12,58,13,66
12,58,66,70
12,58,70,74
12,58,74,78
12,58,78,61
12,58,61,62
12,58,62,58
12,59,12,13
12,59,13,66
12,59,66,70
12,59,70,74
12,59,74,78
12,59,78,61
12,59,61,62
12,59,62,63
12,59,63,59
12,60,12,13
12,60,13,66
12,60,66,70
12,60,70,74
12,60,74,78
12,60,78,61
12,60,61,57
12,60,57,56
12,60,56,60
12,61,12,13
12,61,13,66
12,61,66,70
12,61,70,74
12,61,74,78
12,61,78,61
12,62,12,13
12,62,13,66
12,62,66,70
12,62,70,74
12,62,74,78
12,62,78,61
12,62,61,62
12,63,12,13
12,63,13,66
12,63,66,70
12,63,70,74
12,63,74,78
12,63,78,61
12,63,61,62
12,63,62,63
13,0,13,12
13,0,12,8
13,0,8,4
13,0,4,0
13,1,13,9
13,1,9,5
13,1,5,1
13,2,13,14
13,2,14,10
13,2,10,6
13,2,6,2
13,3,13,14
13,3,14,15
13,3,15,11
13,3,11,7
13,3,7,3
13,4,13,12
13,4,12,8
13,4,8,4
13,5,13,9
13,5,9,5
13,6,13,14
13,6,14,10
13,6,10,6
13,7,13,14
13,7,14,15
13,7,15,11
13,7,11,7
13,8,13,12
13,8,12,8
13,9,13,9
13,10,13,14
13,10,14,10
13,11,13,14
13,11,14,15
13,11,15,11
13,12,13,12
13,14,13,14
13,15,13,14
13,15,14,15
13,16,13,14
13,16,14,67
13,16,67,71
13,16,71,30
13,16,30,26
13,16,26,25
13,16,25,24
13,16,24,20
13,16,20,16
13,17,13,14
13,17,14,67
13,17,67,71
13,17,71,30
13,17,30,26
13,17,26,25
13,17,25,21
13,17,21,17
13,18,13,14
13,18,14,67
13,18,67,71
13,18,71,30
13,18,30,26
13,18,26,22
13,18,22,18
13,19,13,14
13,19,14,67
13,19,67,71
13,19,71,30
13,19,30,31
13,19,31,27
13,19,27,23
13,19,23,19
13,20,13,14
13,20,14,67
13,20,67,71
13,20,71,30
13,20,30,26
13,20,26,25
13,20,25,24
13,20,24,20
13,21,13,14
13,21,14,67
13,21,67,71
13,21,71,30
13,21,30,26
13,21,26,25
13,21,25,21
13,22,13,14
13,22,14,67
13,22,67,71
13,22,71,30
13,22,30,26
13,22,26,22
13,23,13,14
13,23,14,67
13,23,67,71
13,23,71,30
13,23,30,31
13,23,31,27
13,23,27,23
13,24,13,14
13,24,14,67
13,24,67,71
13,24,71,30
13,24,30,26
13,24,26,25
13,24,25,24
13,25,13,14
13,25,14,67
13,25,67,71
13,25,71,30
13,25,30,26
13,25,26,25
13,26,13,14
13,26,14,67
13,26,67,71
13,26,71,30
13,26,30,26
13,27,13,14
13,27,14,67
13,27,67,71
13,27,71,30
13,27,30,31
13,27,31,27
13,28,13,14
13,28,14,67
13,28,67,71
13,28,71,30
13,28,30,26
13,28,26,25
13,28,25,24
13,28,24,28
13,29,13,14
13,29,14,67
13,29,67,71
13,29,71,30
13,29,30,26
13,29,26,25
13,29,25,29
13,30,13,14
13,30,14,67
13,30,67,71
13,30,71,30
13,31,13,14
13,31,14,67
13,31,67,71
13,31,71,30
13,31,30,31
13,32,13,14
13,32,14,67
13,32,67,71
13,32,71,75
13,32,75,46
13,32,46,42
13,32,42,41
13,32,41,40
13,32,40,36
13,32,36,32
13,33,13,14
13,33,14,67
13,33,67,71
13,33,71,75
13,33,75,46
13,33,46,42
13,33,42,41
13,33,41,37
13,33,37,33
13,34,13,14
13,34,14,67
13,34,67,71
13,34,71,75
13,34,75,46
13,34,46,42
13,34,42,38
13,34,38,34
13,35,13,14
13,35,14,67
13,35,67,71
13,35,71,75
13,35,75,46
13,35,46,47
13,35,47,43
13,35,43,39
13,35,39,35
13,36,13,14
13,36,14,67
13,36,67,71
13,36,71,75
13,36,75,46
13,36,46,42
13,36,42,41
13,36,41,40
13,36,40,36
13,37,13,14
13,37,14,67
13,37,67,71
13,37,71,75
13,37,75,46
13,37,46,42
13,37,42,41
13,37,41,37
13,38,13,14
13,38,14,67
13,38,67,71
13,38,71,75
13,38,75,46
13,38,46,42
13,38,42,38
13,39,13,14
13,39,14,67
13,39,67,71
13,39,71,75
13,39,75,46
13,39,46,47
13,39,47,43
13,39,43,39
13,40,13,14
13,40,14,67
13,40,67,71
13,40,71,75
13,40,75,46
13,40,46,42
13,40,42,41
13,40,41,40
13,41,13,14
13,41,14,67
13,41,67,71
13,41,71,75
13,41,75,46
13,41,46,42
13,41,42,41
13,42,13,14
13,42,14,67
13,42,67,71
13,42,71,75
13,42,75,46
13,42,46,42
13,43,13,14
13,43,14,67
13,43,67,71
13,43,71,75
13,43,75,46
13,43,46,47
13,43,47,43
13,44,13,14
13,44,14,67
13,44,67,71
13,44,71,75
13,44,75,46
13,44,46,42
13,44,42,41
13,44,41,40
13,44,40,44
13,45,13,14
13,45,14,67
13,45,67,71
13,45,71,75
13,45,75,46
13,45,46,42
13,45,42,41
13,45,41,45
13,46,13,14
13,46,14,67
13,46,67,71
13,46,71,75
13,46,75,46
13,47,13,14
13,47,14,67
13,47,67,71
13,47,71,75
13,47,75,46
13,47,46,47
13,48,13,14
13,48,14,67
13,48,67,71
13,48,71,75
13,48,75,79
13,48,79,62
13,48,62,58
13,48,58,57
13,48,57,56
13,48,56,52
13,48,52,48
13,49,13,14
13,49,14,67
13,49,67,71
13,49,71,75
13,49,75,79
13,49,79,62
13,49,62,58
13,49,58,57
13,49,57,53
13,49,53,49
13,50,13,14
13,50,14,67
13,50,67,71
13,50,71,75
13,50,75,79
13,50,79,62
13,50,62,58
13,50,58,54
13,50,54,50
13,51,13,14
13,51,14,67
13,51,67,71
13,51,71,75
13,51,75,79
13,51,79,62
13,51,62,63
13,51,63,59
13,51,59,55
13,51,55,51
13,52,13,14
13,52,14,67
13,52,67,71
13,52,71,75
13,52,75,79
13,52,79,62
13,52,62,58
13,52,58,57
13,52,57,56
13,52,56,52
13,53,13,14
13,53,14,67
13,53,67,71
13,53,71,75
13,53,75,79
13,53,79,62
13,53,62,58
13,53,58,57
13,53,57,53
13,54,13,14
13,54,14,67
13,54,67,71
13,54,71,75
13,54,75,79
13,54,79,62
13,54,62,58
13,54,58,54
13,55,13,14
13,55,14,67
13,55,67,71
13,55,71,75
13,55,75,79
13,55,79,62
13,55,62,63
13,55,63,59
13,55,59,55
13,56,13,14
13,56,14,67
13,56,67,71
13,56,71,75
13,56,75,79
13,56,79,62
13,56,62,58
13,56,58,57
13,56,57,56
13,57,13,14
13,57,14,67
13,57,67,71
13,57,71,75
13,57,75,79
13,57,79,62
13,57,62,58
13,57,58,57
13,58,13,14
13,58,14,67
13,58,67,71
13,58,71,75
13,58,75,79
13,58,79,62
13,58,62,58
13,59,13,14
13,59,14,67
13,59,67,71
13,59,71,75
13,59,75,79
13,59,79,62
13,59,62,63
13,59,63,59
13,60,13,14
13,60,14,67
13,60,67,71
13,60,71,75
13,60,75,79
13,60,79,62
13,60,62,58
13,60,58,57
13,60,57,56
13,60,56,60
13,61,13,14
13,61,14,67
13,61,67,71
13,61,71,75
13,61,75,79
13,61,79,62
13,61,62,58
13,61,58,57
13,61,57,61
13,62,13,14
13,62,14,67
13,62,67,71
13,62,71,75
13,62,75,79
13,62,79,62
13,63,13,14
13,63,14,67
13,63,67,71
13,63,71,75
13,63,75,79
13,63,79,62
13,63,62,63
14,0,14,13
14,0,13,12
14,0,12,8
14,0,8,4
14,0,4,0
14,1,14,13
14,1,13,9
14,1,9,5
14,1,5,1
14,2,14,10
14,2,10,6
14,2,6,2
14,3,14,15
14,3,15,11
14,3,11,7
14,3,7,3
14,4,14,13
14,4,13,12
14,4,12,8
14,4,8,4
14,5,14,13
14,5,13,9
14,5,9,5
14,6,14,10
14,6,10,6
14,7,14,15
14,7,15,11
14,7,11,7
14,8,14,13
14,8,13,12
14,8,12,8
14,9,14,13
14,9,13,9
14,10,14,10
14,11,14,15
14,11,15,11
14,12,14,13
14,12,13,12
14,13,14,13
14,15,14,15
14,16,14,13
14,16,13,66
14,16,66,70
14,16,70,29
14,16,29,25
14,16,25,24
14,16,24,20
14,16,20,16
14,17,14,13
14,17,13,66
14,17,66,70
14,17,70,29
14,17,29,25
14,17,25,21
14,17,21,17
14,18,14,13
14,18,13,66
14,18,66,70
14,18,70,29
14,18,29,30
14,18,30,26
14,18,26,22
14,18,22,18
14,19,14,13
14,19,13,66
14,19,66,70
14,19,70,29
14,19,29,30
14,19,30,31
14,19,31,27
14,19,27,23
14,19,23,19
14,20,14,13
14,20,13,66
14,20,66,70
14,20,70,29
14,20,29,25
14,20,25,24
14,20,24,20
14,21,14,13
14,21,13,66
14,21,66,70
14,21,70,29
14,21,29,25
14,21,25,21
14,22,14,13
14,22,13,66
14,22,66,70
14,22,70,29
14,22,29,30
14,22,30,26
14,22,26,22
14,23,14,13
14,23,13,66
14,23,66,70
14,23,70,29
14,23,29,30
14,23,30,31
14,23,31,27
14,23,27,23
14,24,14,13
14,24,13,66
14,24,66,70
14,24,70,29
14,24,29,25
14,24,25,24
14,25,14,13
14,25,13,66
14,25,66,70
14,25,70,29
14,25,29,25
14,26,14,13
14,26,13,66
14,26,66,70
14,26,70,29
14,26,29,30
14,26,30,26
14,27,14,13
14,27,13,66
14,27,66,70
14,27,70,29
14,27,29,30
14,27,30,31
14,27,31,27
14,28,14,13
14,28,13,66
14,28,66,70
14,28,70,29
14,28,29,25
14,28,25,24
14,28,24,28
14,29,14,13
14,29,13,66
14,29,66,70
14,29,70,29
14,30,14,13
14,30,13,66
14,30,66,70
14,30,70,29
14,30,29,30
14,31,14,13
14,31,13,66
14,31,66,70
14,31,70,29
14,31,29,30
14,31,30,31
14,32,14,13
14,32,13,66
14,32,66,70
14,32,70,74
14,32,74,45
14,32,45,41
14,32,41,40
14,32,40,36
14,32,36,32
14,33,14,13
14,33,13,66
14,33,66,70
14,33,70,74
14,33,74,45
14,33,45,41
14,33,41,37
14,33,37,33
14,34,14,13
14,34,13,66
14,34,66,70
14,34,70,74
14,34,74,45
14,34,45,46
14,34,46,42
14,34,42,38
14,34,38,34
14,35,14,13
14,35,13,66
14,35,66,70
14,35,70,74
14,35,74,45
14,35,45,46
14,35,46,47
14,35,47,43
14,35,43,39
14,35,39,35
14,36,14,13
14,36,13,66
14,36,66,70
14,36,70,74
14,36,74,45
14,36,45,41
14,36,41,40
14,36,40,36
14,37,14,13
14,37,13,66
14,37,66,70
14,37,70,74
14,37,74,45
14,37,45,41
14,37,41,37
14,38,14,13
14,38,13,66
14,38,66,70
14,38,70,74
14,38,74,45
14,38,45,46
14,38,46,42
14,38,42,38
14,39,14,13
14,39,13,66
14,39,66,70
14,39,70,74
14,39,74,45
14,39,45,46
14,39,46,47
14,39,47,43
14,39,43,39
14,40,14,13
14,40,13,66
14,40,66,70
14,40,70,74
14,40,74,45
14,40,45,41
14,40,41,40
14,41,14,13
14,41,13,66
14,41,66,70
14,41,70,74
14,41,74,45
14,41,45,41
14,42,14,13
14,42,13,66
14,42,66,70
14,42,70,74
14,42,74,45
14,42,45,46
14,42,46,42
14,43,14,13
14,43,13,66
14,43,66,70
14,43,70,74
14,43,74,45
14,43,45,46
14,43,46,47
14,43,47,43
14,44,14,13
14,44,13,66
14,44,66,70
14,44,70,74
14,44,74,45
14,44,45,41
14,44,41,40
14,44,40,44
14,45,14,13
14,45,13,66
14,45,66,70
14,45,70,74
14,45,74,45
14,46,14,13
14,46,13,66
14,46,66,70
14,46,70,74
14,46,74,45
14,46,45,46
14,47,14,13
14,47,13,66
14,47,66,70
14,47,70,74
14,47,74,45
14,47,45,46
14,47,46,47
14,48,14,13
14,48,13,66
14,48,66,70
14,48,70,74
14,48,74,78
14,48,78,61
14,48,61,57
14,48,57,56
14,48,56,52
14,48,52,48
14,49,14,13
14,49,13,66
14,49,66,70
14,49,70,74
14,49,74,78
14,49,78,61
14,49,61,57
14,49,57,53
14,49,53,49
14,50,14,13
14,50,13,66
14,50,66,70
14,50,70,74
14,50,74,78
14,50,78,61
14,50,61,62
14,50,62,58
14,50,58,54
14,50,54,50
14,51,14,13
14,51,13,66
14,51,66,70
14,51,70,74
14,51,74,78
14,51,78,61
14,51,61,62
14,51,62,63
14,51,63,59
14,51,59,55
14,51,55,51
14,52,14,13
14,52,13,66
14,52,66,70
14,52,70,74
14,52,74,78
14,52,78,61
14,52,61,57
14,52,57,56
14,52,56,52
14,53,14,13
14,53,13,66
14,53,66,70
14,53,70,74
14,53,74,78
14,53,78,61
14,53,61,57
14,53,57,53
14,54,14,13
14,54,13,66
14,54,66,70
14,54,70,74
14,54,74,78
14,54,78,61
14,54,61,62
14,54,62,58
14,54,58,54
14,55,14,13
14,55,13,66
14,55,66,70
14,55,70,74
14,55,74,78
14,55,78,61
14,55,61,62
14,55,62,63
14,55,63,59
14,55,59,55
14,56,14,13
14,56,13,66
14,56,66,70
14,56,70,74
14,56,74,78
14,56,78,61
14,56,61,57
14,56,57,56
14,57,14,13
14,57,13,66
14,57,66,70
14,57,70,74
14,57,74,78
14,57,78,61
14,57,61,57
14,58,14,13
14,58,13,66
14,58,66,70
14,58,70,74
14,58,74,78
14,58,78,61
14,58,61,62
14,58,62,58
14,59,14,13
14,59,13,66
14,59,66,70
14,59,70,74
14,59,74,78
14,59,78,61
14,59,61,62
14,59,62,63
14,59,63,59
14,60,14,13
14,60,13,66
14,60,66,70
14,60,70,74
14,60,74,78
14,60,78,61
14,60,61,57
14,60,57,56
14,60,56,60
14,61,14,13
14,61,13,66
14,61,66,70
14,61,70,74
14,61,74,78
14,61,78,61
14,62,14,13
14,62,13,66
14,62,66,70
14,62,70,74
14,62,74,78
14,62,78,61
14,62,61,62
14,63,14,13
14,63,13,66
14,63,66,70
14,63,70,74
14,63,74,78
14,63,78,61
14,63,61,62
14,63,62,63
15,0,15,14
15,0,14,13
15,0,13,12
15,0,12,8
15,0,8,4
15,0,4,0
15,1,15,14
15,1,14,13
15,1,13,9
15,1,9,5
15,1,5,1
15,2,15,14
15,2,14,10
15,2,10,6
15,2,6,2
15,3,15,11
15,3,11,7
15,3,7,3
15,4,15,14
15,4,14,13
15,4,13,12
15,4,12,8
15,4,8,4
15,5,15,14
15,5,14,13
15,5,13,9
15,5,9,5
15,6,15,14
15,6,14,10
15,6,10,6
15,7,15,11
15,7,11,7
15,8,15,14
15,8,14,13
15,8,13,12
15,8,12,8
15,9,15,14
15,9,14,13
15,9,13,9
15,10,15,14
15,10,14,10
15,11,15,11
15,12,15,14
15,12,14,13
15,12,13,12
15,13,15,14
15,13,14,13
15,14,15,14
15,16,15,14
15,16,14,67
15,16,67,71
15,16,71,30
15,16,30,26
15,16,26,25
15,16,25,24
15,16,24,20
15,16,20,16
15,17,15,14
15,17,14,67
15,17,67,71
15,17,71,30
15,17,30,26
15,17,26,25
15,17,25,21
15,17,21,17
15,18,15,14
15,18,14,67
15,18,67,71
15,18,71,30
15,18,30,26
15,18,26,22
15,18,22,18
15,19,15,14
15,19,14,67
15,19,67,71
15,19,71,30
15,19,30,31
15,19,31,27
15,19,27,23
15,19,23,19
15,20,15,14
15,20,14,67
15,20,67,71
15,20,71,30
15,20,30,26
15,20,26,25
15,20,25,24
15,20,24,20
15,21,15,14
15,21,14,67
15,21,67,71
15,21,71,30
15,21,30,26
15,21,26,25
15,21,25,21
15,22,15,14
15,22,14,67
15,22,67,71
15,22,71,30
15,22,30,26
15,22,26,22
15,23,15,14
15,23,14,67
15,23,67,71
15,23,71,30
15,23,30,31
15,23,31,27
15,23,27,23
15,24,15,14
15,24,14,67
15,24,67,71
15,24,71,30
15,24,30,26
15,24,26,25
15,24,25,24
15,25,15,14
15,25,14,67
15,25,67,71
15,25,71,30
15,25,30,26
15,25,26,25
15,26,15,14
15,26,14,67
15,26,67,71
15,26,71,30
15,26,30,26
15,27,15,14
15,27,14,67
15,27,67,71
15,27,71,30
15,27,30,31
15,27,31,27
15,28,15,14
15,28,14,67
15,28,67,71
15,28,71,30
15,28,30,26
15,28,26,25
15,28,25,24
15,28,24,28
15,29,15,14
15,29,14,67
15,29,67,71
15,29,71,30
15,29,30,26
15,29,26,25
15,29,25,29
15,30,15,14
15,30,14,67
15,30,67,71
15,30,71,30
15,31,15,14
15,31,14,67
15,31,67,71
15,31,71,30
15,31,30,31
15,32,15,14
15,32,14,67
15,32,67,71
15,32,71,75
15,32,75,46
15,32,46,42
15,32,42,41
15,32,41,40
15,32,40,36
15,32,36,32
15,33,15,14
15,33,14,67
15,33,67,71
15,33,71,75
15,33,75,46
15,33,46,42
15,33,42,41
15,33,41,37
15,33,37,33
15,34,15,14
15,34,14,67
15,34,67,71
15,34,71,75
15,34,75,46
15,34,46,42
15,34,42,38
15,34,38,34
15,35,15,14
15,35,14,67
15,35,67,71
15,35,71,75
15,35,75,46
15,35,46,47
15,35,47,43
15,35,43,39
15,35,39,35
15,36,15,14
15,36,14,67
15,36,67,71
15,36,71,75
15,36,75,46
15,36,46,42
15,36,42,41
15,36,41,40
15,36,40,36
15,37,15,14
15,37,14,67
15,37,67,71
15,37,71,75
15,37,75,46
15,37,46,42
15,37,42,41
15,37,41,37
15,38,15,14
15,38,14,67
15,38,67,71
15,38,71,75
15,38,75,46
15,38,46,42
15,38,42,38
15,39,15,14
15,39,14,67
15,39,67,71
15,39,71,75
15,39,75,46
15,39,46,47
15,39,47,43
15,39,43,39
15,40,15,14
15,40,14,67
15,40,67,71
15,40,71,75
15,40,75,46
15,40,46,42
15,40,42,41
15,40,41,40
15,41,15,14
15,41,14,67
15,41,67,71
15,41,71,75
15,41,75,46
15,41,46,42
15,41,42,41
15,42,15,14
15,42,14,67
15,42,67,71
15,42,71,75
15,42,75,46
15,42,46,42
15,43,15,14
15,43,14,67
15,43,67,71
15,43,71,75
15,43,75,46
15,43,46,47
15,43,47,43
15,44,15,14
15,44,14,67
15,44,67,71
15,44,71,75
15,44,75,46
15,44,46,42
15,44,42,41
15,44,41,40
15,44,40,44
15,45,15,14
15,45,14,67
15,45,67,71
15,45,71,75
15,45,75,46
15,45,46,42
15,45,42,41
15,45,41,45
15,46,15,14
15,46,14,67
15,46,67,71
15,46,71,75
15,46,75,46
15,47,15,14
15,47,14,67
15,47,67,71
15,47,71,75
15,47,75,46
15,47,46,47
15,48,15,14
15,48,14,67
15,48,67,71
15,48,71,75
15,48,75,79
15,48,79,62
15,48,62,58
15,48,58,57
15,48,57,56
15,48,56,52
15,48,52,48
15,49,15,14
15,49,14,67
15,49,67,71
15,49,71,75
15,49,75,79
15,49,79,62
15,49,62,58
15,49,58,57
15,49,57,53
15,49,53,49
15,50,15,14
15,50,14,67
15,50,67,71
15,50,71,75
15,50,75,79
15,50,79,62
15,50,62,58
15,50,58,54
15,50,54,50
15,51,15,14
15,51,14,67
15,51,67,71
15,51,71,75
15,51,75,79
15,51,79,62
15,51,62,63
15,51,63,59
15,51,59,55
15,51,55,51
15,52,15,14
15,52,14,67
15,52,67,71
15,52,71,75
15,52,75,79
15,52,79,62
15,52,62,58
15,52,58,57
15,52,57,56
15,52,56,52
15,53,15,14
15,53,14,67
15,53,67,71
15,53,71,75
15,53,75,79
15,53,79,62
15,53,62,58
15,53,58,57
15,53,57,53
15,54,15,14
15,54,14,67
15,54,67,71
15,54,71,75
15,54,75,79
15,54,79,62
15,54,62,58
15,54,58,54
15,55,15,14
15,55,14,67
15,55,67,71
15,55,71,75
15,55,75,79
15,55,79,62
15,55,62,63
15,55,63,59
15,55,59,55
15,56,15,14
15,56,14,67
15,56,67,71
15,56,71,75
15,56,75,79
15,56,79,62
15,56,62,58
15,56,58,57
15,56,57,56
15,57,15,14
15,57,14,67
15,57,67,71
15,57,71,75
15,57,75,79
15,57,79,62
15,57,62,58
15,57,58,57
15,58,15,14
15,58,14,67
15,58,67,71
15,58,71,75
15,58,75,79
15,58,79,62
15,58,62,58
15,59,15,14
15,59,14,67
15,59,67,71
15,59,71,75
15,59,75,79
15,59,79,62
15,59,62,63
15,59,63,59
15,60,15,14
15,60,14,67
15,60,67,71
15,60,71,75
15,60,75,79
15,60,79,62
15,60,62,58
15,60,58,57
15,60,57,56
15,60,56,60
15,61,15,14
15,61,14,67
15,61,67,71
15,61,71,75
15,61,75,79
15,61,79,62
15,61,62,58
15,61,58,57
15,61,57,61
15,62,15,14
15,62,14,67
15,62,67,71
15,62,71,75
15,62,75,79
15,62,79,62
15,63,15,14
15,63,14,67
15,63,67,71
15,63,71,75
15,63,75,79
15,63,79,62
15,63,62,63
16,0,16,17
16,0,17,68
16,0,68,64
16,0,64,1
16,0,1,0
16,1,16,17
16,1,17,68
16,1,68,64
16,1,64,1
16,2,16,17
16,2,17,68
16,2,68,64
16,2,64,1
16,2,1,5
16,2,5,6
16,2,6,2
16,3,16,17
16,3,17,68
16,3,68,64
16,3,64,1
16,3,1,5
16,3,5,6
16,3,6,7
16,3,7,3
16,4,16,17
16,4,17,68
16,4,68,64
16,4,64,1
16,4,1,0
16,4,0,4
16,5,16,17
16,5,17,68
16,5,68,64
16,5,64,1
16,5,1,5
16,6,16,17
16,6,17,68
16,6,68,64
16,6,64,1
16,6,1,5
16,6,5,6
16,7,16,17
16,7,17,68
16,7,68,64
16,7,64,1
16,7,1,5
16,7,5,6
16,7,6,7
16,8,16,17
16,8,17,68
16,8,68,64
16,8,64,1
16,8,1,0
16,8,0,4
16,8,4,8
16,9,16,17
16,9,17,68
16,9,68,64
16,9,64,1
16,9,1,5
16,9,5,9
16,10,16,17
16,10,17,68
16,10,68,64
16,10,64,1
16,10,1,5
16,10,5,6
16,10,6,10
16,11,16,17
16,11,17,68
16,11,68,64
16,11,64,1
16,11,1,5
16,11,5,6
16,11,6,7
16,11,7,11
16,12,16,17
16,12,17,68
16,12,68,64
16,12,64,1
16,12,1,0
16,12,0,4
16,12,4,8
16,12,8,12
16,13,16,17
16,13,17,68
16,13,68,64
16,13,64,1
16,13,1,5
16,13,5,9
16,13,9,13
16,14,16,17
16,14,17,68
16,14,68,64
16,14,64,1
16,14,1,5
16,14,5,6
16,14,6,10
16,14,10,14
16,15,16,17
16,15,17,68
16,15,68,64
16,15,64,1
16,15,1,5
16,15,5,6
16,15,6,7
16,15,7,11
16,15,11,15
16,17,16,17
16,18,16,17
16,18,17,18
16,19,16,17
16,19,17,18
16,19,18,19
16,20,16,20
16,21,16,17
16,21,17,21
16,22,16,17
16,22,17,18
16,22,18,22
16,23,16,17
16,23,17,18
16,23,18,19
16,23,19,23
16,24,16,20
16,24,20,24
16,25,16,17
16,25,17,21
16,25,21,25
16,26,16,17
16,26,17,18
16,26,18,22
16,26,22,26
16,27,16,17
16,27,17,18
16,27,18,19
16,27,19,23
16,27,23,27
16,28,16,20
16,28,20,24
16,28,24,28
16,29,16,17
16,29,17,21
16,29,21,25
16,29,25,29
16,30,16,17
16,30,17,18
16,30,18,22
16,30,22,26
16,30,26,30
16,31,16,17
16,31,17,18
16,31,18,19
16,31,19,23
16,31,23,27
16,31,27,31
16,32,16,17
16,32,17,68
16,32,68,72
16,32,72,33
16,32,33,32
16,33,16,17
16,33,17,68
16,33,68,72
16,33,72,33
16,34,16,17
16,34,17,68
16,34,68,72
16,34,72,33
16,34,33,37
16,34,37,38
16,34,38,34
16,35,16,17
16,35,17,68
16,35,68,72
16,35,72,33
16,35,33,37
16,35,37,38
16,35,38,39
16,35,39,35
16,36,16,17
16,36,17,68
16,36,68,72
16,36,72,33
16,36,33,32
16,36,32,36
16,37,16,17
16,37,17,68
16,37,68,72
16,37,72,33
16,37,33,37
16,38,16,17
16,38,17,68
16,38,68,72
16,38,72,33
16,38,33,37
16,38,37,38
16,39,16,17
16,39,17,68
16,39,68,72
16,39,72,33
16,39,33,37
16,39,37,38
16,39,38,39
16,40,16,17
16,40,17,68
16,40,68,72
16,40,72,33
16,40,33,32
16,40,32,36
16,40,36,40
16,41,16,17
16,41,17,68
16,41,68,72
16,41,72,33
16,41,33,37
16,41,37,41
16,42,16,17
16,42,17,68
16,42,68,72
16,42,72,33
16,42,33,37
16,42,37,38
16,42,38,42
16,43,16,17
16,43,17,68
16,43,68,72
16,43,72,33
16,43,33,37
16,43,37,38
16,43,38,39
16,43,39,43
16,44,16,17
16,44,17,68
16,44,68,72
16,44,72,33
16,44,33,32
16,44,32,36
16,44,36,40
16,44,40,44
16,45,16,17
16,45,17,68
16,45,68,72
16,45,72,33
16,45,33,37
16,45,37,41
16,45,41,45
16,46,16,17
16,46,17,68
16,46,68,72
16,46,72,33
16,46,33,37
16,46,37,38
16,46,38,42
16,46,42,46
16,47,16,17
16,47,17,68
16,47,68,72
16,47,72,33
16,47,33,37
16,47,37,38
16,47,38,39
16,47,39,43
16,47,43,47
16,48,16,17
16,48,17,68
16,48,68,72
16,48,72,76
16,48,76,49
16,48,49,48
16,49,16,17
16,49,17,68
16,49,68,72
16,49,72,76
16,49,76,49
16,50,16,17
16,50,17,68
16,50,68,72
16,50,72,76
16,50,76,49
16,50,49,53
16,50,53,54
16,50,54,50
16,51,16,17
16,51,17,68
16,51,68,72
16,51,72,76
16,51,76,49
16,51,49,53
16,51,53,54
16,51,54,55
16,51,55,51
16,52,16,17
16,52,17,68
16,52,68,72
16,52,72,76
16,52,76,49
16,52,49,48
16,52,48,52
16,53,16,17
16,53,17,68
16,53,68,72
16,53,72,76
16,53,76,49
16,53,49,53
16,54,16,17
16,54,17,68
16,54,68,72
16,54,72,76
16,54,76,49
16,54,49,53
16,54,53,54
16,55,16,17
16,55,17,68
16,55,68,72
16,55,72,76
16,55,76,49
16,55,49,53
16,55,53,54
16,55,54,55
16,56,16,17
16,56,17,68
16,56,68,72
16,56,72,76
16,56,76,49
16,56,49,48
16,56,48,52
16,56,52,56
16,57,16,17
16,57,17,68
16,57,68,72
16,57,72,76
16,57,76,49
16,57,49,53
16,57,53,57
16,58,16,17
16,58,17,68
16,58,68,72
16,58,72,76
16,58,76,49
16,58,49,53
16,58,53,54
16,58,54,58
16,59,16,17
16,59,17,68
16,59,68,72
16,59,72,76
16,59,76,49
16,59,49,53
16,59,53,54
16,59,54,55
16,59,55,59
16,60,16,17
16,60,17,68
16,60,68,72
16,60,72,76
16,60,76,49
16,60,49,48
16,60,48,52
16,60,52,56
16,60,56,60
16,61,16,17
16,61,17,68
16,61,68,72
16,61,72,76
16,61,76,49
16,61,49,53
16,61,53,57
16,61,57,61
16,62,16,17
16,62,17,68
16,62,68,72
16,62,72,76
16,62,76,49
16,62,49,53
16,62,53,54
16,62,54,58
16,62,58,62
16,63,16,17
16,63,17,68
16,63,68,72
16,63,72,76
16,63,76,49
16,63,49,53
16,63,53,54
16,63,54,55
16,63,55,59
16,63,59,63
17,0,17,18
17,0,18,19
17,0,19,69
17,0,69,65
17,0,65,3
17,0,3,2
17,0,2,1
17,0,1,0
17,1,17,18
17,1,18,19
17,1,19,69
17,1,69,65
17,1,65,3
17,1,3,2
17,1,2,1
17,2,17,18
17,2,18,19
17,2,19,69
17,2,69,65
17,2,65,3
17,2,3,2
17,3,17,18
17,3,18,19
17,3,19,69
17,3,69,65
17,3,65,3
17,4,17,18
17,4,18,19
17,4,19,69
17,4,69,65
17,4,65,3
17,4,3,2
17,4,2,1
17,4,1,0
17,4,0,4
17,5,17,18
17,5,18,19
17,5,19,69
17,5,69,65
17,5,65,3
17,5,3,2
17,5,2,1
17,5,1,5
17,6,17,18
17,6,18,19
17,6,19,69
17,6,69,65
17,6,65,3
17,6,3,2
17,6,2,6
17,7,17,18
17,7,18,19
17,7,19,69
17,7,69,65
17,7,65,3
17,7,3,7
17,8,17,18
17,8,18,19
17,8,19,69
17,8,69,65
17,8,65,3
17,8,3,2
17,8,2,1
17,8,1,0
17,8,0,4
17,8,4,8
17,9,17,18
17,9,18,19
17,9,19,69
17,9,69,65
17,9,65,3
17,9,3,2
17,9,2,1
17,9,1,5
17,9,5,9
17,10,17,18
17,10,18,19
17,10,19,69
17,10,69,65
17,10,65,3
17,10,3,2
17,10,2,6
17,10,6,10
17,11,17,18
17,11,18,19
17,11,19,69
17,11,69,65
17,11,65,3
17,11,3,7
17,11,7,11
17,12,17,18
17,12,18,19
17,12,19,69
17,12,69,65
17,12,65,3
17,12,3,2
17,12,2,1
17,12,1,0
17,12,0,4
17,12,4,8
17,12,8,12
17,13,17,18
17,13,18,19
17,13,19,69
17,13,69,65
17,13,65,3
17,13,3,2
17,13,2,1
17,13,1,5
17,13,5,9
17,13,9,13
17,14,17,18
17,14,18,19
17,14,19,69
17,14,69,65
17,14,65,3
17,14,3,2
17,14,2,6
17,14,6,10
17,14,10,14
17,15,17,18
17,15,18,19
17,15,19,69
17,15,69,65
17,15,65,3
17,15,3,7
17,15,7,11
17,15,11,15
17,16,17,16
17,18,17,18
17,19,17,18
17,19,18,19
17,20,17,16
17,20,16,20
17,21,17,21
17,22,17,18
17,22,18,22
17,23,17,18
17,23,18,19
17,23,19,23
17,24,17,16
17,24,16,20
17,24,20,24
17,25,17,21
17,25,21,25
17,26,17,18
17,26,18,22
17,26,22,26
17,27,17,18
17,27,18,19
17,27,19,23
17,27,23,27
17,28,17,16
17,28,16,20
17,28,20,24
17,28,24,28
17,29,17,21
17,29,21,25
17,29,25,29
17,30,17,18
17,30,18,22
17,30,22,26
17,30,26,30
17,31,17,18
17,31,18,19
17,31,19,23
17,31,23,27
17,31,27,31
17,32,17,18
17,32,18,19
17,32,19,69
17,32,69,73
17,32,73,35
17,32,35,34
17,32,34,33
17,32,33,32
17,33,17,18
17,33,18,19
17,33,19,69
17,33,69,73
17,33,73,35
17,33,35,34
17,33,34,33
17,34,17,18
17,34,18,19
17,34,19,69
17,34,69,73
17,34,73,35
17,34,35,34
17,35,17,18
17,35,18,19
17,35,19,69
17,35,69,73
17,35,73,35
17,36,17,18
17,36,18,19
17,36,19,69
17,36,69,73
17,36,73,35
17,36,35,34
17,36,34,33
17,36,33,32
17,36,32,36
17,37,17,18
17,37,18,19
17,37,19,69
17,37,69,73
17,37,73,35
17,37,35,34
17,37,34,33
17,37,33,37
17,38,17,18
17,38,18,19
17,38,19,69
17,38,69,73
17,38,73,35
17,38,35,34
17,38,34,38
17,39,17,18
17,39,18,19
17,39,19,69
17,39,69,73
17,39,73,35
17,39,35,39
17,40,17,18
17,40,18,19
17,40,19,69
17,40,69,73
17,40,73,35
17,40,35,34
17,40,34,33
17,40,33,32
17,40,32,36
17,40,36,40
17,41,17,18
17,41,18,19
17,41,19,69
17,41,69,73
17,41,73,35
17,41,35,34
17,41,34,33
17,41,33,37
17,41,37,41
17,42,17,18
17,42,18,19
17,42,19,69
17,42,69,73
17,42,73,35
17,42,35,34
17,42,34,38
17,42,38,42
17,43,17,18
17,43,18,19
17,43,19,69
17,43,69,73
17,43,73,35
17,43,35,39
17,43,39,43
17,44,17,18
17,44,18,19
17,44,19,69
17,44,69,73
17,44,73,35
17,44,35,34
17,44,34,33
17,44,33,32
17,44,32,36
17,44,36,40
17,44,40,44
17,45,17,18
17,45,18,19
17,45,19,69
17,45,69,73
17,45,73,35
17,45,35,34
17,45,34,33
17,45,33,37
17,45,37,41
17,45,41,45
17,46,17,18
17,46,18,19
17,46,19,69
17,46,69,73
17,46,73,35
17,46,35,34
17,46,34,38
17,46,38,42
17,46,42,46
17,47,17,18
17,47,18,19
17,47,19,69
17,47,69,73
17,47,73,35
17,47,35,39
17,47,39,43
17,47,43,47
17,48,17,18
17,48,18,19
17,48,19,69
17,48,69,73
17,48,73,77
17,48,77,51
17,48,51,50
17,48,50,49
17,48,49,48
17,49,17,18
17,49,18,19
17,49,19,69
17,49,69,73
17,49,73,77
17,49,77,51
17,49,51,50
17,49,50,49
17,50,17,18
17,50,18,19
17,50,19,69
17,50,69,73
17,50,73,77
17,50,77,51
17,50,51,50
17,51,17,18
17,51,18,19
17,51,19,69
17,51,69,73
17,51,73,77
17,51,77,51
17,52,17,18
17,52,18,19
17,52,19,69
17,52,69,73
17,52,73,77
17,52,77,51
17,52,51,50
17,52,50,49
17,52,49,48
17,52,48,52
17,53,17,18
17,53,18,19
17,53,19,69
17,53,69,73
17,53,73,77
17,53,77,51
17,53,51,50
17,53,50,49
17,53,49,53
17,54,17,18
17,54,18,19
17,54,19,69
17,54,69,73
17,54,73,77
17,54,77,51
17,54,51,50
17,54,50,54
17,55,17,18
17,55,18,19
17,55,19,69
17,55,69,73
17,55,73,77
17,55,77,51
17,55,51,55
17,56,17,18
17,56,18,19
17,56,19,69
17,56,69,73
17,56,73,77
17,56,77,51
17,56,51,50
17,56,50,49
17,56,49,48
17,56,48,52
17,56,52,56
17,57,17,18
17,57,18,19
17,57,19,69
17,57,69,73
17,57,73,77
17,57,77,51
17,57,51,50
17,57,50,49
17,57,49,53
17,57,53,57
17,58,17,18
17,58,18,19
17,58,19,69
17,58,69,73
17,58,73,77
17,58,77,51
17,58,51,50
17,58,50,54
17,58,54,58
17,59,17,18
17,59,18,19
17,59,19,69
17,59,69,73
17,59,73,77
17,59,77,51
17,59,51,55
17,59,55,59
17,60,17,18
17,60,18,19
17,60,19,69
17,60,69,73
17,60,73,77
17,60,77,51
17,60,51,50
17,60,50,49
17,60,49,48
17,60,48,52
17,60,52,56
17,60,56,60
17,61,17,18
17,61,18,19
17,61,19,69
17,61,69,73
17,61,73,77
17,61,77,51
17,61,51,50
17,61,50,49
17,61,49,53
17,61,53,57
17,61,57,61
17,62,17,18
17,62,18,19
17,62,19,69
17,62,69,73
17,62,73,77
17,62,77,51
17,62,51,50
17,62,50,54
17,62,54,58
17,62,58,62
17,63,17,18
17,63,18,19
17,63,19,69
17,63,69,73
17,63,73,77
17,63,77,51
17,63,51,55
17,63,55,59
17,63,59,63
18,0,18,17
18,0,17,68
18,0,68,64
18,0,64,1
18,0,1,0
18,1,18,17
18,1,17,68
18,1,68,64
18,1,64,1
18,2,18,17
18,2,17,68
18,2,68,64
18,2,64,1
18,2,1,5
18,2,5,6
18,2,6,2
18,3,18,17
18,3,17,68
18,3,68,64
18,3,64,1
18,3,1,5
18,3,5,6
18,3,6,7
18,3,7,3
18,4,18,17
18,4,17,68
18,4,68,64
18,4,64,1
18,4,1,0
18,4,0,4
18,5,18,17
18,5,17,68
18,5,68,64
18,5,64,1
18,5,1,5
18,6,18,17
18,6,17,68
18,6,68,64
18,6,64,1
18,6,1,5
18,6,5,6
18,7,18,17
18,7,17,68
18,7,68,64
18,7,64,1
18,7,1,5
18,7,5,6
18,7,6,7
18,8,18,17
18,8,17,68
18,8,68,64
18,8,64,1
18,8,1,0
18,8,0,4
18,8,4,8
18,9,18,17
18,9,17,68
18,9,68,64
18,9,64,1
18,9,1,5
18,9,5,9
18,10,18,17
18,10,17,68
18,10,68,64
18,10,64,1
18,10,1,5
18,10,5,6
18,10,6,10
18,11,18,17
18,11,17,68
18,11,68,64
18,11,64,1
18,11,1,5
18,11,5,6
18,11,6,7
18,11,7,11
18,12,18,17
18,12,17,68
18,12,68,64
18,12,64,1
18,12,1,0
18,12,0,4
18,12,4,8
18,12,8,12
18,13,18,17
18,13,17,68
18,13,68,64
18,13,64,1
18,13,1,5
18,13,5,9
18,13,9,13
18,14,18,17
18,14,17,68
18,14,68,64
18,14,64,1
18,14,1,5
18,14,5,6
18,14,6,10
18,14,10,14
18,15,18,17
18,15,17,68
18,15,68,64
18,15,64,1
18,15,1,5
18,15,5,6
18,15,6,7
18,15,7,11
18,15,11,15
18,16,18,17
18,16,17,16
18,17,18,17
18,19,18,19
18,20,18,17
18,20,17,16
18,20,16,20
18,21,18,17
18,21,17,21
18,22,18,22
18,23,18,19
18,23,19,23
18,24,18,17
18,24,17,16
18,24,16,20
18,24,20,24
18,25,18,17
18,25,17,21
18,25,21,25
18,26,18,22
18,26,22,26
18,27,18,19
18,27,19,23
18,27,23,27
18,28,18,17
18,28,17,16
18,28,16,20
18,28,20,24
18,28,24,28
18,29,18,17
18,29,17,21
18,29,21,25
18,29,25,29
18,30,18,22
18,30,22,26
18,30,26,30
18,31,18,19
18,31,19,23
18,31,23,27
18,31,27,31
18,32,18,17
18,32,17,68
18,32,68,72
18,32,72,33
18,32,33,32
18,33,18,17
18,33,17,68
18,33,68,72
18,33,72,33
18,34,18,17
18,34,17,68
18,34,68,72
18,34,72,33
18,34,33,37
18,34,37,38
18,34,38,34
18,35,18,17
18,35,17,68
18,35,68,72
18,35,72,33
18,35,33,37
18,35,37,38
18,35,38,39
18,35,39,35
18,36,18,17
18,36,17,68
18,36,68,72
18,36,72,33
18,36,33,32
18,36,32,36
18,37,18,17
18,37,17,68
18,37,68,72
18,37,72,33
18,37,33,37
18,38,18,17
18,38,17,68
18,38,68,72
18,38,72,33
18,38,33,37
18,38,37,38
18,39,18,17
18,39,17,68
18,39,68,72
18,39,72,33
18,39,33,37
18,39,37,38
18,39,38,39
18,40,18,17
18,40,17,68
18,40,68,72
18,40,72,33
18,40,33,32
18,40,32,36
18,40,36,40
18,41,18,17
18,41,17,68
18,41,68,72
18,41,72,33
18,41,33,37
18,41,37,41
18,42,18,17
18,42,17,68
18,42,68,72
18,42,72,33
18,42,33,37
18,42,37,38
18,42,38,42
18,43,18,17
18,43,17,68
18,43,68,72
18,43,72,33
18,43,33,37
18,43,37,38
18,43,38,39
18,43,39,43
18,44,18,17
18,44,17,68
18,44,68,72
18,44,72,33
18,44,33,32
18,44,32,36
18,44,36,40
18,44,40,44
18,45,18,17
18,45,17,68
18,45,68,72
18,45,72,33
18,45,33,37
18,45,37,41
18,45,41,45
18,46,18,17
18,46,17,68
18,46,68,72
18,46,72,33
18,46,33,37
18,46,37,38
18,46,38,42
18,46,42,46
18,47,18,17
18,47,17,68
18,47,68,72
18,47,72,33
18,47,33,37
18,47,37,38
18,47,38,39
18,47,39,43
18,47,43,47
18,48,18,17
18,48,17,68
18,48,68,72
18,48,72,76
18,48,76,49
18,48,49,48
18,49,18,17
18,49,17,68
18,49,68,72
18,49,72,76
18,49,76,49
18,50,18,17
18,50,17,68
18,50,68,72
18,50,72,76
18,50,76,49
18,50,49,53
18,50,53,54
18,50,54,50
18,51,18,17
18,51,17,68
18,51,68,72
18,51,72,76
18,51,76,49
18,51,49,53
18,51,53,54
18,51,54,55
18,51,55,51
18,52,18,17
18,52,17,68
18,52,68,72
18,52,72,76
18,52,76,49
18,52,49,48
18,52,48,52
18,53,18,17
18,53,17,68
18,53,68,72
18,53,72,76
18,53,76,49
18,53,49,53
18,54,18,17
18,54,17,68
18,54,68,72
18,54,72,76
18,54,76,49
18,54,49,53
18,54,53,54
18,55,18,17
18,55,17,68
18,55,68,72
18,55,72,76
18,55,76,49
18,55,49,53
18,55,53,54
18,55,54,55
18,56,18,17
18,56,17,68
18,56,68,72
18,56,72,76
18,56,76,49
18,56,49,48
18,56,48,52
18,56,52,56
18,57,18,17
18,57,17,68
18,57,68,72
18,57,72,76
18,57,76,49
18,57,49,53
18,57,53,57
18,58,18,17
18,58,17,68
18,58,68,72
18,58,72,76
18,58,76,49
18,58,49,53
18,58,53,54
18,58,54,58
18,59,18,17
18,59,17,68
18,59,68,72
18,59,72,76
18,59,76,49
18,59,49,53
18,59,53,54
18,59,54,55
18,59,55,59
18,60,18,17
18,60,17,68
18,60,68,72
18,60,72,76
18,60,76,49
18,60,49,48
18,60,48,52
18,60,52,56
18,60,56,60
18,61,18,17
18,61,17,68
18,61,68,72
18,61,72,76
18,61,76,49
18,61,49,53
18,61,53,57
18,61,57,61
18,62,18,17
18,62,17,68
18,62,68,72
18,62,72,76
18,62,76,49
18,62,49,53
18,62,53,54
18,62,54,58
18,62,58,62
18,63,18,17
18,63,17,68
18,63,68,72
18,63,72,76
18,63,76,49
18,63,49,53
18,63,53,54
18,63,54,55
18,63,55,59
18,63,59,63
19,0,19,18
19,0,18,17
19,0,17,68
19,0,68,64
19,0,64,1
19,0,1,0
19,1,19,18
19,1,18,17
19,1,17,68
19,1,68,64
19,1,64,1
19,2,19,18
19,2,18,17
19,2,17,68
19,2,68,64
19,2,64,1
19,2,1,5
19,2,5,6
19,2,6,2
19,3,19,18
19,3,18,17
19,3,17,68
19,3,68,64
19,3,64,1
19,3,1,5
19,3,5,6
19,3,6,7
19,3,7,3
19,4,19,18
19,4,18,17
19,4,17,68
19,4,68,64
19,4,64,1
19,4,1,0
19,4,0,4
19,5,19,18
19,5,18,17
19,5,17,68
19,5,68,64
19,5,64,1
19,5,1,5
19,6,19,18
19,6,18,17
19,6,17,68
19,6,68,64
19,6,64,1
19,6,1,5
19,6,5,6
19,7,19,18
19,7,18,17
19,7,17,68
19,7,68,64
19,7,64,1
19,7,1,5
19,7,5,6
19,7,6,7
19,8,19,18
19,8,18,17
19,8,17,68
19,8,68,64
19,8,64,1
19,8,1,0
19,8,0,4
19,8,4,8
19,9,19,18
19,9,18,17
19,9,17,68
19,9,68,64
19,9,64,1
19,9,1,5
19,9,5,9
19,10,19,18
19,10,18,17
19,10,17,68
19,10,68,64
19,10,64,1
19,10,1,5
19,10,5,6
19,10,6,10
19,11,19,18
19,11,18,17
19,11,17,68
19,11,68,64
19,11,64,1
19,11,1,5
19,11,5,6
19,11,6,7
19,11,7,11
19,12,19,18
19,12,18,17
19,12,17,68
19,12,68,64
19,12,64,1
19,12,1,0
19,12,0,4
19,12,4,8
19,12,8,12
19,13,19,18
19,13,18,17
19,13,17,68
19,13,68,64
19,13,64,1
19,13,1,5
19,13,5,9
19,13,9,13
19,14,19,18
19,14,18,17
19,14,17,68
19,14,68,64
19,14,64,1
19,14,1,5
19,14,5,6
19,14,6,10
19,14,10,14
19,15,19,18
19,15,18,17
19,15,17,68
19,15,68,64
19,15,64,1
19,15,1,5
19,15,5,6
19,15,6,7
19,15,7,11
19,15,11,15
19,16,19,18
19,16,18,17
19,16,17,16
19,17,19,18
19,17,18,17
19,18,19,18
19,20,19,18
19,20,18,17
19,20,17,16
19,20,16,20
19,21,19,18
19,21,18,17
19,21,17,21
19,22,19,18
19,22,18,22
19,23,19,23
19,24,19,18
19,24,18,17
19,24,17,16
19,24,16,20
19,24,20,24
19,25,19,18
19,25,18,17
19,25,17,21
19,25,21,25
19,26,19,18
19,26,18,22
19,26,22,26
19,27,19,23
19,27,23,27
19,28,19,18
19,28,18,17
19,28,17,16
19,28,16,20
19,28,20,24
19,28,24,28
19,29,19,18
19,29,18,17
19,29,17,21
19,29,21,25
19,29,25,29
19,30,19,18
19,30,18,22
19,30,22,26
19,30,26,30
19,31,19,23
19,31,23,27
19,31,27,31
19,32,19,18
19,32,18,17
19,32,17,68
19,32,68,72
19,32,72,33
19,32,33,32
19,33,19,18
19,33,18,17
19,33,17,68
19,33,68,72
19,33,72,33
19,34,19,18
19,34,18,17
19,34,17,68
19,34,68,72
19,34,72,33
19,34,33,37
19,34,37,38
19,34,38,34
19,35,19,18
19,35,18,17
19,35,17,68
19,35,68,72
19,35,72,33
19,35,33,37
19,35,37,38
19,35,38,39
19,35,39,35
19,36,19,18
19,36,18,17
19,36,17,68
19,36,68,72
19,36,72,33
19,36,33,32
19,36,32,36
19,37,19,18
19,37,18,17
19,37,17,68
19,37,68,72
19,37,72,33
19,37,33,37
19,38,19,18
19,38,18,17
19,38,17,68
19,38,68,72
19,38,72,33
19,38,33,37
19,38,37,38
19,39,19,18
19,39,18,17
19,39,17,68
19,39,68,72
19,39,72,33
19,39,33,37
19,39,37,38
19,39,38,39
19,40,19,18
19,40,18,17
19,40,17,68
19,40,68,72
19,40,72,33
19,40,33,32
19,40,32,36
19,40,36,40
19,41,19,18
19,41,18,17
19,41,17,68
19,41,68,72
19,41,72,33
19,41,33,37
19,41,37,41
19,42,19,18
19,42,18,17
19,42,17,68
19,42,68,72
19,42,72,33
19,42,33,37
19,42,37,38
19,42,38,42
19,43,19,18
19,43,18,17
19,43,17,68
19,43,68,72
19,43,72,33
19,43,33,37
19,43,37,38
19,43,38,39
19,43,39,43
19,44,19,18
19,44,18,17
19,44,17,68
19,44,68,72
19,44,72,33
19,44,33,32
19,44,32,36
19,44,36,40
19,44,40,44
19,45,19,18
19,45,18,17
19,45,17,68
19,45,68,72
19,45,72,33
19,45,33,37
19,45,37,41
19,45,41,45
19,46,19,18
19,46,18,17
19,46,17,68
19,46,68,72
19,46,72,33
19,46,33,37
19,46,37,38
19,46,38,42
19,46,42,46
19,47,19,18
19,47,18,17
19,47,17,68
19,47,68,72
19,47,72,33
19,47,33,37
19,47,37,38
19,47,38,39
19,47,39,43
19,47,43,47
19,48,19,18
19,48,18,17
19,48,17,68
19,48,68,72
19,48,72,76
19,48,76,49
19,48,49,48
19,49,19,18
19,49,18,17
19,49,17,68
19,49,68,72
19,49,72,76
19,49,76,49
19,50,19,18
19,50,18,17
19,50,17,68
19,50,68,72
19,50,72,76
19,50,76,49
19,50,49,53
19,50,53,54
19,50,54,50
19,51,19,18
19,51,18,17
19,51,17,68
19,51,68,72
19,51,72,76
19,51,76,49
19,51,49,53
19,51,53,54
19,51,54,55
19,51,55,51
19,52,19,18
19,52,18,17
19,52,17,68
19,52,68,72
19,52,72,76
19,52,76,49
19,52,49,48
19,52,48,52
19,53,19,18
19,53,18,17
19,53,17,68
19,53,68,72
19,53,72,76
19,53,76,49
19,53,49,53
19,54,19,18
19,54,18,17
19,54,17,68
19,54,68,72
19,54,72,76
19,54,76,49
19,54,49,53
19,54,53,54
19,55,19,18
19,55,18,17
19,55,17,68
19,55,68,72
19,55,72,76
19,55,76,49
19,55,49,53
19,55,53,54
19,55,54,55
19,56,19,18
19,56,18,17
19,56,17,68
19,56,68,72
19,56,72,76
19,56,76,49
19,56,49,48
19,56,48,52
19,56,52,56
19,57,19,18
19,57,18,17
19,57,17,68
19,57,68,72
19,57,72,76
19,57,76,49
19,57,49,53
19,57,53,57
19,58,19,18
19,58,18,17
19,58,17,68
19,58,68,72
19,58,72,76
19,58,76,49
19,58,49,53
19,58,53,54
19,58,54,58
19,59,19,18
19,59,18,17
19,59,17,68
19,59,68,72
19,59,72,76
19,59,76,49
19,59,49,53
19,59,53,54
19,59,54,55
19,59,55,59
19,60,19,18
19,60,18,17
19,60,17,68
19,60,68,72
19,60,72,76
19,60,76,49
19,60,49,48
19,60,48,52
19,60,52,56
19,60,56,60
19,61,19,18
19,61,18,17
19,61,17,68
19,61,68,72
19,61,72,76
19,61,76,49
19,61,49,53
19,61,53,57
19,61,57,61
19,62,19,18
19,62,18,17
19,62,17,68
19,62,68,72
19,62,72,76
19,62,76,49
19,62,49,53
19,62,53,54
19,62,54,58
19,62,58,62
19,63,19,18
19,63,18,17
19,63,17,68
19,63,68,72
19,63,72,76
19,63,76,49
19,63,49,53
19,63,53,54
19,63,54,55
19,63,55,59
19,63,59,63
20,0,20,21
20,0,21,17
20,0,17,68
20,0,68,64
20,0,64,1
20,0,1,0
20,1,20,21
20,1,21,17
20,1,17,68
20,1,68,64
20,1,64,1
20,2,20,21
20,2,21,17
20,2,17,68
20,2,68,64
20,2,64,1
20,2,1,5
20,2,5,6
20,2,6,2
20,3,20,21
20,3,21,17
20,3,17,68
20,3,68,64
20,3,64,1
20,3,1,5
20,3,5,6
20,3,6,7
20,3,7,3
20,4,20,21
20,4,21,17
20,4,17,68
20,4,68,64
20,4,64,1
20,4,1,0
20,4,0,4
20,5,20,21
20,5,21,17
20,5,17,68
20,5,68,64
20,5,64,1
20,5,1,5
20,6,20,21
20,6,21,17
20,6,17,68
20,6,68,64
20,6,64,1
20,6,1,5
20,6,5,6
20,7,20,21
20,7,21,17
20,7,17,68
20,7,68,64
20,7,64,1
20,7,1,5
20,7,5,6
20,7,6,7
20,8,20,21
20,8,21,17
20,8,17,68
20,8,68,64
20,8,64,1
20,8,1,0
20,8,0,4
20,8,4,8
20,9,20,21
20,9,21,17
20,9,17,68
20,9,68,64
20,9,64,1
20,9,1,5
20,9,5,9
20,10,20,21
20,10,21,17
20,10,17,68
20,10,68,64
20,10,64,1
20,10,1,5
20,10,5,6
20,10,6,10
20,11,20,21
20,11,21,17
20,11,17,68
20,11,68,64
20,11,64,1
20,11,1,5
20,11,5,6
20,11,6,7
20,11,7,11
20,12,20,21
20,12,21,17
20,12,17,68
20,12,68,64
20,12,64,1
20,12,1,0
20,12,0,4
20,12,4,8
20,12,8,12
20,13,20,21
20,13,21,17
20,13,17,68
20,13,68,64
20,13,64,1
20,13,1,5
20,13,5,9
20,13,9,13
20,14,20,21
20,14,21,17
20,14,17,68
20,14,68,64
20,14,64,1
20,14,1,5
20,14,5,6
20,14,6,10
20,14,10,14
20,15,20,21
20,15,21,17
20,15,17,68
20,15,68,64
20,15,64,1
20,15,1,5
20,15,5,6
20,15,6,7
20,15,7,11
20,15,11,15
20,16,20,16
20,17,20,21
20,17,21,17
20,18,20,21
20,18,21,22
20,18,22,18
20,19,20,21
20,19,21,22
20,19,22,23
20,19,23,19
20,21,20,21
20,22,20,21
20,22,21,22
20,23,20,21
20,23,21,22
20,23,22,23
20,24,20,24
20,25,20,21
20,25,21,25
20,26,20,21
20,26,21,22
20,26,22,26
20,27,20,21
20,27,21,22
20,27,22,23
20,27,23,27
20,28,20,24
20,28,24,28
20,29,20,21
20,29,21,25
20,29,25,29
20,30,20,21
20,30,21,22
20,30,22,26
20,30,26,30
20,31,20,21
20,31,21,22
20,31,22,23
20,31,23,27
20,31,27,31
20,32,20,21
20,32,21,17
20,32,17,68
20,32,68,72
20,32,72,33
20,32,33,32
20,33,20,21
20,33,21,17
20,33,17,68
20,33,68,72
20,33,72,33
20,34,20,21
20,34,21,17
20,34,17,68
20,34,68,72
20,34,72,33
20,34,33,37
20,34,37,38
20,34,38,34
20,35,20,21
20,35,21,17
20,35,17,68
20,35,68,72
20,35,72,33
20,35,33,37
20,35,37,38
20,35,38,39
20,35,39,35
20,36,20,21
20,36,21,17
20,36,17,68
20,36,68,72
20,36,72,33
20,36,33,32
20,36,32,36
20,37,20,21
20,37,21,17
20,37,17,68
20,37,68,72
20,37,72,33
20,37,33,37
20,38,20,21
20,38,21,17
20,38,17,68
20,38,68,72
20,38,72,33
20,38,33,37
20,38,37,38
20,39,20,21
20,39,21,17
20,39,17,68
20,39,68,72
20,39,72,33
20,39,33,37
20,39,37,38
20,39,38,39
20,40,20,21
20,40,21,17
20,40,17,68
20,40,68,72
20,40,72,33
20,40,33,32
20,40,32,36
20,40,36,40
20,41,20,21
20,41,21,17
20,41,17,68
20,41,68,72
20,41,72,33
20,41,33,37
20,41,37,41
20,42,20,21
20,42,21,17
20,42,17,68
20,42,68,72
20,42,72,33
20,42,33,37
20,42,37,38
20,42,38,42
20,43,20,21
20,43,21,17
20,43,17,68
20,43,68,72
20,43,72,33
20,43,33,37
20,43,37,38
20,43,38,39
20,43,39,43
20,44,20,21
20,44,21,17
20,44,17,68
20,44,68,72
20,44,72,33
20,44,33,32
20,44,32,36
20,44,36,40
20,44,40,44
20,45,20,21
20,45,21,17
20,45,17,68
20,45,68,72
20,45,72,33
20,45,33,37
20,45,37,41
20,45,41,45
20,46,20,21
20,46,21,17
20,46,17,68
20,46,68,72
20,46,72,33
20,46,33,37
20,46,37,38
20,46,38,42
20,46,42,46
20,47,20,21
20,47,21,17
20,47,17,68
20,47,68,72
20,47,72,33
20,47,33,37
20,47,37,38
20,47,38,39
20,47,39,43
20,47,43,47
20,48,20,21
20,48,21,17
20,48,17,68
20,48,68,72
20,48,72,76
20,48,76,49
20,48,49,48
20,49,20,21
20,49,21,17
20,49,17,68
20,49,68,72
20,49,72,76
20,49,76,49
20,50,20,21
20,50,21,17
20,50,17,68
20,50,68,72
20,50,72,76
20,50,76,49
20,50,49,53
20,50,53,54
20,50,54,50
20,51,20,21
20,51,21,17
20,51,17,68
20,51,68,72
20,51,72,76
20,51,76,49
20,51,49,53
20,51,53,54
20,51,54,55
20,51,55,51
20,52,20,21
20,52,21,17
20,52,17,68
20,52,68,72
20,52,72,76
20,52,76,49
20,52,49,48
20,52,48,52
20,53,20,21
20,53,21,17
20,53,17,68
20,53,68,72
20,53,72,76
20,53,76,49
20,53,49,53
20,54,20,21
20,54,21,17
20,54,17,68
20,54,68,72
20,54,72,76
20,54,76,49
20,54,49,53
20,54,53,54
20,55,20,21
20,55,21,17
20,55,17,68
20,55,68,72
20,55,72,76
20,55,76,49
20,55,49,53
20,55,53,54
20,55,54,55
20,56,20,21
20,56,21,17
20,56,17,68
20,56,68,72
20,56,72,76
20,56,76,49
20,56,49,48
20,56,48,52
20,56,52,56
20,57,20,21
20,57,21,17
20,57,17,68
20,57,68,72
20,57,72,76
20,57,76,49
20,57,49,53
20,57,53,57
20,58,20,21
20,58,21,17
20,58,17,68
20,58,68,72
20,58,72,76
20,58,76,49
20,58,49,53
20,58,53,54
20,58,54,58
20,59,20,21
20,59,21,17
20,59,17,68
20,59,68,72
20,59,72,76
20,59,76,49
20,59,49,53
20,59,53,54
20,59,54,55
20,59,55,59
20,60,20,21
20,60,21,17
20,60,17,68
20,60,68,72
20,60,72,76
20,60,76,49
20,60,49,48
20,60,48,52
20,60,52,56
20,60,56,60
20,61,20,21
20,61,21,17
20,61,17,68
20,61,68,72
20,61,72,76
20,61,76,49
20,61,49,53
20,61,53,57
20,61,57,61
20,62,20,21
20,62,21,17
20,62,17,68
20,62,68,72
20,62,72,76
20,62,76,49
20,62,49,53
20,62,53,54
20,62,54,58
20,62,58,62
20,63,20,21
20,63,21,17
20,63,17,68
20,63,68,72
20,63,72,76
20,63,76,49
20,63,49,53
20,63,53,54
20,63,54,55
20,63,55,59
20,63,59,63
21,0,21,17
21,0,17,68
21,0,68,64
21,0,64,1
21,0,1,0
21,1,21,17
21,1,17,68
21,1,68,64
21,1,64,1
21,2,21,17
21,2,17,68
21,2,68,64
21,2,64,1
21,2,1,5
21,2,5,6
21,2,6,2
21,3,21,17
21,3,17,68
21,3,68,64
21,3,64,1
21,3,1,5
21,3,5,6
21,3,6,7
21,3,7,3
21,4,21,17
21,4,17,68
21,4,68,64
21,4,64,1
21,4,1,0
21,4,0,4
21,5,21,17
21,5,17,68
21,5,68,64
21,5,64,1
21,5,1,5
21,6,21,17
21,6,17,68
21,6,68,64
21,6,64,1
21,6,1,5
21,6,5,6
21,7,21,17
21,7,17,68
21,7,68,64
21,7,64,1
21,7,1,5
21,7,5,6
21,7,6,7
21,8,21,17
21,8,17,68
21,8,68,64
21,8,64,1
21,8,1,0
21,8,0,4
21,8,4,8
21,9,21,17
21,9,17,68
21,9,68,64
21,9,64,1
21,9,1,5
21,9,5,9
21,10,21,17
21,10,17,68
21,10,68,64
21,10,64,1
21,10,1,5
21,10,5,6
21,10,6,10
21,11,21,17
21,11,17,68
21,11,68,64
21,11,64,1
21,11,1,5
21,11,5,6
21,11,6,7
21,11,7,11
21,12,21,17
21,12,17,68
21,12,68,64
21,12,64,1
21,12,1,0
21,12,0,4
21,12,4,8
21,12,8,12
21,13,21,17
21,13,17,68
21,13,68,64
21,13,64,1
21,13,1,5
21,13,5,9
21,13,9,13
21,14,21,17
21,14,17,68
21,14,68,64
21,14,64,1
21,14,1,5
21,14,5,6
21,14,6,10
21,14,10,14
21,15,21,17
21,15,17,68
21,15,68,64
21,15,64,1
21,15,1,5
21,15,5,6
21,15,6,7
21,15,7,11
21,15,11,15
21,16,21,20
21,16,20,16
21,17,21,17
21,18,21,22
21,18,22,18
21,19,21,22
21,19,22,23
21,19,23,19
21,20,21,20
21,22,21,22
21,23,21,22
21,23,22,23
21,24,21,20
21,24,20,24
21,25,21,25
21,26,21,22
21,26,22,26
21,27,21,22
21,27,22,23
21,27,23,27
21,28,21,20
21,28,20,24
21,28,24,28
21,29,21,25
21,29,25,29
21,30,21,22
21,30,22,26
21,30,26,30
21,31,21,22
21,31,22,23
21,31,23,27
21,31,27,31
21,32,21,17
21,32,17,68
21,32,68,72
21,32,72,33
21,32,33,32
21,33,21,17
21,33,17,68
21,33,68,72
21,33,72,33
21,34,21,17
21,34,17,68
21,34,68,72
21,34,72,33
21,34,33,37
21,34,37,38
21,34,38,34
21,35,21,17
21,35,17,68
21,35,68,72
21,35,72,33
21,35,33,37
21,35,37,38
21,35,38,39
21,35,39,35
21,36,21,17
21,36,17,68
21,36,68,72
21,36,72,33
21,36,33,32
21,36,32,36
21,37,21,17
21,37,17,68
21,37,68,72
21,37,72,33
21,37,33,37
21,38,21,17
21,38,17,68
21,38,68,72
21,38,72,33
21,38,33,37
21,38,37,38
21,39,21,17
21,39,17,68
21,39,68,72
21,39,72,33
21,39,33,37
21,39,37,38
21,39,38,39
21,40,21,17
21,40,17,68
21,40,68,72
21,40,72,33
21,40,33,32
21,40,32,36
21,40,36,40
21,41,21,17
21,41,17,68
21,41,68,72
21,41,72,33
21,41,33,37
21,41,37,41
21,42,21,17
21,42,17,68
21,42,68,72
21,42,72,33
21,42,33,37
21,42,37,38
21,42,38,42
21,43,21,17
21,43,17,68
21,43,68,72
21,43,72,33
21,43,33,37
21,43,37,38
21,43,38,39
21,43,39,43
21,44,21,17
21,44,17,68
21,44,68,72
21,44,72,33
21,44,33,32
21,44,32,36
21,44,36,40
21,44,40,44
21,45,21,17
21,45,17,68
21,45,68,72
21,45,72,33
21,45,33,37
21,45,37,41
21,45,41,45
21,46,21,17
21,46,17,68
21,46,68,72
21,46,72,33
21,46,33,37
21,46,37,38
21,46,38,42
21,46,42,46
21,47,21,17
21,47,17,68
21,47,68,72
21,47,72,33
21,47,33,37
21,47,37,38
21,47,38,39
21,47,39,43
21,47,43,47
21,48,21,17
21,48,17,68
21,48,68,72
21,48,72,76
21,48,76,49
21,48,49,48
21,49,21,17
21,49,17,68
21,49,68,72
21,49,72,76
21,49,76,49
21,50,21,17
21,50,17,68
21,50,68,72
21,50,72,76
21,50,76,49
21,50,49,53
21,50,53,54
21,50,54,50
21,51,21,17
21,51,17,68
21,51,68,72
21,51,72,76
21,51,76,49
21,51,49,53
21,51,53,54
21,51,54,55
21,51,55,51
21,52,21,17
21,52,17,68
21,52,68,72
21,52,72,76
21,52,76,49
21,52,49,48
21,52,48,52
21,53,21,17
21,53,17,68
21,53,68,72
21,53,72,76
21,53,76,49
21,53,49,53
21,54,21,17
21,54,17,68
21,54,68,72
21,54,72,76
21,54,76,49
21,54,49,53
21,54,53,54
21,55,21,17
21,55,17,68
21,55,68,72
21,55,72,76
21,55,76,49
21,55,49,53
21,55,53,54
21,55,54,55
21,56,21,17
21,56,17,68
21,56,68,72
21,56,72,76
21,56,76,49
21,56,49,48
21,56,48,52
21,56,52,56
21,57,21,17
21,57,17,68
21,57,68,72
21,57,72,76
21,57,76,49
21,57,49,53
21,57,53,57
21,58,21,17
21,58,17,68
21,58,68,72
21,58,72,76
21,58,76,49
21,58,49,53
21,58,53,54
21,58,54,58
21,59,21,17
21,59,17,68
21,59,68,72
21,59,72,76
21,59,76,49
21,59,49,53
21,59,53,54
21,59,54,55
21,59,55,59
21,60,21,17
21,60,17,68
21,60,68,72
21,60,72,76
21,60,76,49
21,60,49,48
21,60,48,52
21,60,52,56
21,60,56,60
21,61,21,17
21,61,17,68
21,61,68,72
21,61,72,76
21,61,76,49
21,61,49,53
21,61,53,57
21,61,57,61
21,62,21,17
21,62,17,68
21,62,68,72
21,62,72,76
21,62,76,49
21,62,49,53
21,62,53,54
21,62,54,58
21,62,58,62
21,63,21,17
21,63,17,68
21,63,68,72
21,63,72,76
21,63,76,49
21,63,49,53
21,63,53,54
21,63,54,55
21,63,55,59
21,63,59,63
22,0,22,21
22,0,21,17
22,0,17,68
22,0,68,64
22,0,64,1
22,0,1,0
22,1,22,21
22,1,21,17
22,1,17,68
22,1,68,64
22,1,64,1
22,2,22,21
22,2,21,17
22,2,17,68
22,2,68,64
22,2,64,1
22,2,1,5
22,2,5,6
22,2,6,2
22,3,22,21
22,3,21,17
22,3,17,68
22,3,68,64
22,3,64,1
22,3,1,5
22,3,5,6
22,3,6,7
22,3,7,3
22,4,22,21
22,4,21,17
22,4,17,68
22,4,68,64
22,4,64,1
22,4,1,0
22,4,0,4
22,5,22,21
22,5,21,17
22,5,17,68
22,5,68,64
22,5,64,1
22,5,1,5
22,6,22,21
22,6,21,17
22,6,17,68
22,6,68,64
22,6,64,1
22,6,1,5
22,6,5,6
22,7,22,21
22,7,21,17
22,7,17,68
22,7,68,64
22,7,64,1
22,7,1,5
22,7,5,6
22,7,6,7
22,8,22,21
22,8,21,17
22,8,17,68
22,8,68,64
22,8,64,1
22,8,1,0
22,8,0,4
22,8,4,8
22,9,22,21
22,9,21,17
22,9,17,68
22,9,68,64
22,9,64,1
22,9,1,5
22,9,5,9
22,10,22,21
22,10,21,17
22,10,17,68
22,10,68,64
22,10,64,1
22,10,1,5
22,10,5,6
22,10,6,10
22,11,22,21
22,11,21,17
22,11,17,68
22,11,68,64
22,11,64,1
22,11,1,5
22,11,5,6
22,11,6,7
22,11,7,11
22,12,22,21
22,12,21,17
22,12,17,68
22,12,68,64
22,12,64,1
22,12,1,0
22,12,0,4
22,12,4,8
22,12,8,12
22,13,22,21
22,13,21,17
22,13,17,68
22,13,68,64
22,13,64,1
22,13,1,5
22,13,5,9
22,13,9,13
22,14,22,21
22,14,21,17
22,14,17,68
22,14,68,64
22,14,64,1
22,14,1,5
22,14,5,6
22,14,6,10
22,14,10,14
22,15,22,21
22,15,21,17
22,15,17,68
22,15,68,64
22,15,64,1
22,15,1,5
22,15,5,6
22,15,6,7
22,15,7,11
22,15,11,15
22,16,22,21
22,16,21,20
22,16,20,16
22,17,22,21
22,17,21,17
22,18,22,18
22,19,22,23
22,19,23,19
22,20,22,21
22,20,21,20
22,21,22,21
22,23,22,23
22,24,22,21
22,24,21,20
22,24,20,24
22,25,22,21
22,25,21,25
22,26,22,26
22,27,22,23
22,27,23,27
22,28,22,21
22,28,21,20
22,28,20,24
22,28,24,28
22,29,22,21
22,29,21,25
22,29,25,29
22,30,22,26
22,30,26,30
22,31,22,23
22,31,23,27
22,31,27,31
22,32,22,21
22,32,21,17
22,32,17,68
22,32,68,72
22,32,72,33
22,32,33,32
22,33,22,21
22,33,21,17
22,33,17,68
22,33,68,72
22,33,72,33
22,34,22,21
22,34,21,17
22,34,17,68
22,34,68,72
22,34,72,33
22,34,33,37
22,34,37,38
22,34,38,34
22,35,22,21
22,35,21,17
22,35,17,68
22,35,68,72
22,35,72,33
22,35,33,37
22,35,37,38
22,35,38,39
22,35,39,35
22,36,22,21
22,36,21,17
22,36,17,68
22,36,68,72
22,36,72,33
22,36,33,32
22,36,32,36
22,37,22,21
22,37,21,17
22,37,17,68
22,37,68,72
22,37,72,33
22,37,33,37
22,38,22,21
22,38,21,17
22,38,17,68
22,38,68,72
22,38,72,33
22,38,33,37
22,38,37,38
22,39,22,21
22,39,21,17
22,39,17,68
22,39,68,72
22,39,72,33
22,39,33,37
22,39,37,38
22,39,38,39
22,40,22,21
22,40,21,17
22,40,17,68
22,40,68,72
22,40,72,33
22,40,33,32
22,40,32,36
22,40,36,40
22,41,22,21
22,41,21,17
22,41,17,68
22,41,68,72
22,41,72,33
22,41,33,37
22,41,37,41
22,42,22,21
22,42,21,17
22,42,17,68
22,42,68,72
22,42,72,33
22,42,33,37
22,42,37,38
22,42,38,42
22,43,22,21
22,43,21,17
22,43,17,68
22,43,68,72
22,43,72,33
22,43,33,37
22,43,37,38
22,43,38,39
22,43,39,43
22,44,22,21
22,44,21,17
22,44,17,68
22,44,68,72
22,44,72,33
22,44,33,32
22,44,32,36
22,44,36,40
22,44,40,44
22,45,22,21
22,45,21,17
22,45,17,68
22,45,68,72
22,45,72,33
22,45,33,37
22,45,37,41
22,45,41,45
22,46,22,21
22,46,21,17
22,46,17,68
22,46,68,72
22,46,72,33
22,46,33,37
22,46,37,38
22,46,38,42
22,46,42,46
22,47,22,21
22,47,21,17
22,47,17,68
22,47,68,72
22,47,72,33
22,47,33,37
22,47,37,38
22,47,38,39
22,47,39,43
22,47,43,47
22,48,22,21
22,48,21,17
22,48,17,68
22,48,68,72
22,48,72,76
22,48,76,49
22,48,49,48
22,49,22,21
22,49,21,17
22,49,17,68
22,49,68,72
22,49,72,76
22,49,76,49
22,50,22,21
22,50,21,17
22,50,17,68
22,50,68,72
22,50,72,76
22,50,76,49
22,50,49,53
22,50,53,54
22,50,54,50
22,51,22,21
22,51,21,17
22,51,17,68
22,51,68,72
22,51,72,76
22,51,76,49
22,51,49,53
22,51,53,54
22,51,54,55
22,51,55,51
22,52,22,21
22,52,21,17
22,52,17,68
22,52,68,72
22,52,72,76
22,52,76,49
22,52,49,48
22,52,48,52
22,53,22,21
22,53,21,17
22,53,17,68
22,53,68,72
22,53,72,76
22,53,76,49
22,53,49,53
22,54,22,21
22,54,21,17
22,54,17,68
22,54,68,72
22,54,72,76
22,54,76,49
22,54,49,53
22,54,53,54
22,55,22,21
22,55,21,17
22,55,17,68
22,55,68,72
22,55,72,76
22,55,76,49
22,55,49,53
22,55,53,54
22,55,54,55
22,56,22,21
22,56,21,17
22,56,17,68
22,56,68,72
22,56,72,76
22,56,76,49
22,56,49,48
22,56,48,52
22,56,52,56
22,57,22,21
22,57,21,17
22,57,17,68
22,57,68,72
22,57,72,76
22,57,76,49
22,57,49,53
22,57,53,57
22,58,22,21
22,58,21,17
22,58,17,68
22,58,68,72
22,58,72,76
22,58,76,49
22,58,49,53
22,58,53,54
22,58,54,58
22,59,22,21
22,59,21,17
22,59,17,68
22,59,68,72
22,59,72,76
22,59,76,49
22,59,49,53
22,59,53,54
22,59,54,55
22,59,55,59
22,60,22,21
22,60,21,17
22,60,17,68
22,60,68,72
22,60,72,76
22,60,76,49
22,60,49,48
22,60,48,52
22,60,52,56
22,60,56,60
22,61,22,21
22,61,21,17
22,61,17,68
22,61,68,72
22,61,72,76
22,61,76,49
22,61,49,53
22,61,53,57
22,61,57,61
22,62,22,21
22,62,21,17
22,62,17,68
22,62,68,72
22,62,72,76
22,62,76,49
22,62,49,53
22,62,53,54
22,62,54,58
22,62,58,62
22,63,22,21
22,63,21,17
22,63,17,68
22,63,68,72
22,63,72,76
22,63,76,49
22,63,49,53
22,63,53,54
22,63,54,55
22,63,55,59
22,63,59,63
23,0,23,22
23,0,22,21
23,0,21,17
23,0,17,68
23,0,68,64
23,0,64,1
23,0,1,0
23,1,23,22
23,1,22,21
23,1,21,17
23,1,17,68
23,1,68,64
23,1,64,1
23,2,23,22
23,2,22,21
23,2,21,17
23,2,17,68
23,2,68,64
23,2,64,1
23,2,1,5
23,2,5,6
23,2,6,2
23,3,23,22
23,3,22,21
23,3,21,17
23,3,17,68
23,3,68,64
23,3,64,1
23,3,1,5
23,3,5,6
23,3,6,7
23,3,7,3
23,4,23,22
23,4,22,21
23,4,21,17
23,4,17,68
23,4,68,64
23,4,64,1
23,4,1,0
23,4,0,4
23,5,23,22
23,5,22,21
23,5,21,17
23,5,17,68
23,5,68,64
23,5,64,1
23,5,1,5
23,6,23,22
23,6,22,21
23,6,21,17
23,6,17,68
23,6,68,64
23,6,64,1
23,6,1,5
23,6,5,6
23,7,23,22
23,7,22,21
23,7,21,17
23,7,17,68
23,7,68,64
23,7,64,1
23,7,1,5
23,7,5,6
23,7,6,7
23,8,23,22
23,8,22,21
23,8,21,17
23,8,17,68
23,8,68,64
23,8,64,1
23,8,1,0
23,8,0,4
23,8,4,8
23,9,23,22
23,9,22,21
23,9,21,17
23,9,17,68
23,9,68,64
23,9,64,1
23,9,1,5
23,9,5,9
23,10,23,22
23,10,22,21
23,10,21,17
23,10,17,68
23,10,68,64
23,10,64,1
23,10,1,5
23,10,5,6
23,10,6,10
23,11,23,22
23,11,22,21
23,11,21,17
23,11,17,68
23,11,68,64
23,11,64,1
23,11,1,5
23,11,5,6
23,11,6,7
23,11,7,11
23,12,23,22
23,12,22,21
23,12,21,17
23,12,17,68
23,12,68,64
23,12,64,1
23,12,1,0
23,12,0,4
23,12,4,8
23,12,8,12
23,13,23,22
23,13,22,21
23,13,21,17
23,13,17,68
23,13,68,64
23,13,64,1
23,13,1,5
23,13,5,9
23,13,9,13
23,14,23,22
23,14,22,21
23,14,21,17
23,14,17,68
23,14,68,64
23,14,64,1
23,14,1,5
23,14,5,6
23,14,6,10
23,14,10,14
23,15,23,22
23,15,22,21
23,15,21,17
23,15,17,68
23,15,68,64
23,15,64,1
23,15,1,5
23,15,5,6
23,15,6,7
23,15,7,11
23,15,11,15
23,16,23,22
23,16,22,21
23,16,21,20
23,16,20,16
23,17,23,22
23,17,22,21
23,17,21,17
23,18,23,22
23,18,22,18
23,19,23,19
23,20,23,22
23,20,22,21
23,20,21,20
23,21,23,22
23,21,22,21
23,22,23,22
23,24,23,22
23,24,22,21
23,24,21,20
23,24,20,24
23,25,23,22
23,25,22,21
23,25,21,25
23,26,23,22
23,26,22,26
23,27,23,27
23,28,23,22
23,28,22,21
23,28,21,20
23,28,20,24
23,28,24,28
23,29,23,22
23,29,22,21
23,29,21,25
23,29,25,29
23,30,23,22
23,30,22,26
23,30,26,30
23,31,23,27
23,31,27,31
23,32,23,22
23,32,22,21
23,32,21,17
23,32,17,68
23,32,68,72
23,32,72,33
23,32,33,32
23,33,23,22
23,33,22,21
23,33,21,17
23,33,17,68
23,33,68,72
23,33,72,33
23,34,23,22
23,34,22,21
23,34,21,17
23,34,17,68
23,34,68,72
23,34,72,33
23,34,33,37
23,34,37,38
23,34,38,34
23,35,23,22
23,35,22,21
23,35,21,17
23,35,17,68
23,35,68,72
23,35,72,33
23,35,33,37
23,35,37,38
23,35,38,39
23,35,39,35
23,36,23,22
23,36,22,21
23,36,21,17
23,36,17,68
23,36,68,72
23,36,72,33
23,36,33,32
23,36,32,36
23,37,23,22
23,37,22,21
23,37,21,17
23,37,17,68
23,37,68,72
23,37,72,33
23,37,33,37
23,38,23,22
23,38,22,21
23,38,21,17
23,38,17,68
23,38,68,72
23,38,72,33
23,38,33,37
23,38,37,38
23,39,23,22
23,39,22,21
23,39,21,17
23,39,17,68
23,39,68,72
23,39,72,33
23,39,33,37
23,39,37,38
23,39,38,39
23,40,23,22
23,40,22,21
23,40,21,17
23,40,17,68
23,40,68,72
23,40,72,33
23,40,33,32
23,40,32,36
23,40,36,40
23,41,23,22
23,41,22,21
23,41,21,17
23,41,17,68
23,41,68,72
23,41,72,33
23,41,33,37
23,41,37,41
23,42,23,22
23,42,22,21
23,42,21,17
23,42,17,68
23,42,68,72
23,42,72,33
23,42,33,37
23,42,37,38
23,42,38,42
23,43,23,22
23,43,22,21
23,43,21,17
23,43,17,68
23,43,68,72
23,43,72,33
23,43,33,37
23,43,37,38
23,43,38,39
23,43,39,43
23,44,23,22
23,44,22,21
23,44,21,17
23,44,17,68
23,44,68,72
23,44,72,33
23,44,33,32
23,44,32,36
23,44,36,40
23,44,40,44
23,45,23,22
23,45,22,21
23,45,21,17
23,45,17,68
23,45,68,72
23,45,72,33
23,45,33,37
23,45,37,41
23,45,41,45
23,46,23,22
23,46,22,21
23,46,21,17
23,46,17,68
23,46,68,72
23,46,72,33
23,46,33,37
23,46,37,38
23,46,38,42
23,46,42,46
23,47,23,22
23,47,22,21
23,47,21,17
23,47,17,68
23,47,68,72
23,47,72,33
23,47,33,37
23,47,37,38
23,47,38,39
23,47,39,43
23,47,43,47
23,48,23,22
23,48,22,21
23,48,21,17
23,48,17,68
23,48,68,72
23,48,72,76
23,48,76,49
23,48,49,48
23,49,23,22
23,49,22,21
23,49,21,17
23,49,17,68
23,49,68,72
23,49,72,76
23,49,76,49
23,50,23,22
23,50,22,21
23,50,21,17
23,50,17,68
23,50,68,72
23,50,72,76
23,50,76,49
23,50,49,53
23,50,53,54
23,50,54,50
23,51,23,22
23,51,22,21
23,51,21,17
23,51,17,68
23,51,68,72
23,51,72,76
23,51,76,49
23,51,49,53
23,51,53,54
23,51,54,55
23,51,55,51
23,52,23,22
23,52,22,21
23,52,21,17
23,52,17,68
23,52,68,72
23,52,72,76
23,52,76,49
23,52,49,48
23,52,48,52
23,53,23,22
23,53,22,21
23,53,21,17
23,53,17,68
23,53,68,72
23,53,72,76
23,53,76,49
23,53,49,53
23,54,23,22
23,54,22,21
23,54,21,17
23,54,17,68
23,54,68,72
23,54,72,76
23,54,76,49
23,54,49,53
23,54,53,54
23,55,23,22
23,55,22,21
23,55,21,17
23,55,17,68
23,55,68,72
23,55,72,76
23,55,76,49
23,55,49,53
23,55,53,54
23,55,54,55
23,56,23,22
23,56,22,21
23,56,21,17
23,56,17,68
23,56,68,72
23,56,72,76
23,56,76,49
23,56,49,48
23,56,48,52
23,56,52,56
23,57,23,22
23,57,22,21
23,57,21,17
23,57,17,68
23,57,68,72
23,57,72,76
23,57,76,49
23,57,49,53
23,57,53,57
23,58,23,22
23,58,22,21
23,58,21,17
23,58,17,68
23,58,68,72
23,58,72,76
23,58,76,49
23,58,49,53
23,58,53,54
23,58,54,58
23,59,23,22
23,59,22,21
23,59,21,17
23,59,17,68
23,59,68,72
23,59,72,76
23,59,76,49
23,59,49,53
23,59,53,54
23,59,54,55
23,59,55,59
23,60,23,22
23,60,22,21
23,60,21,17
23,60,17,68
23,60,68,72
23,60,72,76
23,60,76,49
23,60,49,48
23,60,48,52
23,60,52,56
23,60,56,60
23,61,23,22
23,61,22,21
23,61,21,17
23,61,17,68
23,61,68,72
23,61,72,76
23,61,76,49
23,61,49,53
23,61,53,57
23,61,57,61
23,62,23,22
23,62,22,21
23,62,21,17
23,62,17,68
23,62,68,72
23,62,72,76
23,62,76,49
23,62,49,53
23,62,53,54
23,62,54,58
23,62,58,62
23,63,23,22
23,63,22,21
23,63,21,17
23,63,17,68
23,63,68,72
23,63,72,76
23,63,76,49
23,63,49,53
23,63,53,54
23,63,54,55
23,63,55,59
23,63,59,63
24,0,24,25
24,0,25,21
24,0,21,17
24,0,17,68
24,0,68,64
24,0,64,1
24,0,1,0
24,1,24,25
24,1,25,21
24,1,21,17
24,1,17,68
24,1,68,64
24,1,64,1
24,2,24,25
24,2,25,21
24,2,21,17
24,2,17,68
24,2,68,64
24,2,64,1
24,2,1,5
24,2,5,6
24,2,6,2
24,3,24,25
24,3,25,21
24,3,21,17
24,3,17,68
24,3,68,64
24,3,64,1
24,3,1,5
24,3,5,6
24,3,6,7
24,3,7,3
24,4,24,25
24,4,25,21
24,4,21,17
24,4,17,68
24,4,68,64
24,4,64,1
24,4,1,0
24,4,0,4
24,5,24,25
24,5,25,21
24,5,21,17
24,5,17,68
24,5,68,64
24,5,64,1
24,5,1,5
24,6,24,25
24,6,25,21
24,6,21,17
24,6,17,68
24,6,68,64
24,6,64,1
24,6,1,5
24,6,5,6
24,7,24,25
24,7,25,21
24,7,21,17
24,7,17,68
24,7,68,64
24,7,64,1
24,7,1,5
24,7,5,6
24,7,6,7
24,8,24,25
24,8,25,21
24,8,21,17
24,8,17,68
24,8,68,64
24,8,64,1
24,8,1,0
24,8,0,4
24,8,4,8
24,9,24,25
24,9,25,21
24,9,21,17
24,9,17,68
24,9,68,64
24,9,64,1
24,9,1,5
24,9,5,9
24,10,24,25
24,10,25,21
24,10,21,17
24,10,17,68
24,10,68,64
24,10,64,1
24,10,1,5
24,10,5,6
24,10,6,10
24,11,24,25
24,11,25,21
24,11,21,17
24,11,17,68
24,11,68,64
24,11,64,1
24,11,1,5
24,11,5,6
24,11,6,7
24,11,7,11
24,12,24,25
24,12,25,21
24,12,21,17
24,12,17,68
24,12,68,64
24,12,64,1
24,12,1,0
24,12,0,4
24,12,4,8
24,12,8,12
24,13,24,25
24,13,25,21
24,13,21,17
24,13,17,68
24,13,68,64
24,13,64,1
24,13,1,5
24,13,5,9
24,13,9,13
24,14,24,25
24,14,25,21
24,14,21,17
24,14,17,68
24,14,68,64
24,14,64,1
24,14,1,5
24,14,5,6
24,14,6,10
24,14,10,14
24,15,24,25
24,15,25,21
24,15,21,17
24,15,17,68
24,15,68,64
24,15,64,1
24,15,1,5
24,15,5,6
24,15,6,7
24,15,7,11
24,15,11,15
24,16,24,20
24,16,20,16
24,17,24,25
24,17,25,21
24,17,21,17
24,18,24,25
24,18,25,26
24,18,26,22
24,18,22,18
24,19,24,25
24,19,25,26
24,19,26,27
24,19,27,23
24,19,23,19
24,20,24,20
24,21,24,25
24,21,25,21
24,22,24,25
24,22,25,26
24,22,26,22
24,23,24,25
24,23,25,26
24,23,26,27
24,23,27,23
24,25,24,25
24,26,24,25
24,26,25,26
24,27,24,25
24,27,25,26
24,27,26,27
24,28,24,28
24,29,24,25
24,29,25,29
24,30,24,25
24,30,25,26
24,30,26,30
24,31,24,25
24,31,25,26
24,31,26,27
24,31,27,31
24,32,24,25
24,32,25,21
24,32,21,17
24,32,17,68
24,32,68,72
24,32,72,33
24,32,33,32
24,33,24,25
24,33,25,21
24,33,21,17
24,33,17,68
24,33,68,72
24,33,72,33
24,34,24,25
24,34,25,21
24,34,21,17
24,34,17,68
24,34,68,72
24,34,72,33
24,34,33,37
24,34,37,38
24,34,38,34
24,35,24,25
24,35,25,21
24,35,21,17
24,35,17,68
24,35,68,72
24,35,72,33
24,35,33,37
24,35,37,38
24,35,38,39
24,35,39,35
24,36,24,25
24,36,25,21
24,36,21,17
24,36,17,68
24,36,68,72
24,36,72,33
24,36,33,32
24,36,32,36
24,37,24,25
24,37,25,21
24,37,21,17
24,37,17,68
24,37,68,72
24,37,72,33
24,37,33,37
24,38,24,25
24,38,25,21
24,38,21,17
24,38,17,68
24,38,68,72
24,38,72,33
24,38,33,37
24,38,37,38
24,39,24,25
24,39,25,21
24,39,21,17
24,39,17,68
24,39,68,72
24,39,72,33
24,39,33,37
24,39,37,38
24,39,38,39
24,40,24,25
24,40,25,21
24,40,21,17
24,40,17,68
24,40,68,72
24,40,72,33
24,40,33,32
24,40,32,36
24,40,36,40
24,41,24,25
24,41,25,21
24,41,21,17
24,41,17,68
24,41,68,72
24,41,72,33
24,41,33,37
24,41,37,41
24,42,24,25
24,42,25,21
24,42,21,17
24,42,17,68
24,42,68,72
24,42,72,33
24,42,33,37
24,42,37,38
24,42,38,42
24,43,24,25
24,43,25,21
24,43,21,17
24,43,17,68
24,43,68,72
24,43,72,33
24,43,33,37
24,43,37,38
24,43,38,39
24,43,39,43
24,44,24,25
24,44,25,21
24,44,21,17
24,44,17,68
24,44,68,72
24,44,72,33
24,44,33,32
24,44,32,36
24,44,36,40
24,44,40,44
24,45,24,25
24,45,25,21
24,45,21,17
24,45,17,68
24,45,68,72
24,45,72,33
24,45,33,37
24,45,37,41
24,45,41,45
24,46,24,25
24,46,25,21
24,46,21,17
24,46,17,68
24,46,68,72
24,46,72,33
24,46,33,37
24,46,37,38
24,46,38,42
24,46,42,46
24,47,24,25
24,47,25,21
24,47,21,17
24,47,17,68
24,47,68,72
24,47,72,33
24,47,33,37
24,47,37,38
24,47,38,39
24,47,39,43
24,47,43,47
24,48,24,25
24,48,25,21
24,48,21,17
24,48,17,68
24,48,68,72
24,48,72,76
24,48,76,49
24,48,49,48
24,49,24,25
24,49,25,21
24,49,21,17
24,49,17,68
24,49,68,72
24,49,72,76
24,49,76,49
24,50,24,25
24,50,25,21
24,50,21,17
24,50,17,68
24,50,68,72
24,50,72,76
24,50,76,49
24,50,49,53
24,50,53,54
24,50,54,50
24,51,24,25
24,51,25,21
24,51,21,17
24,51,17,68
24,51,68,72
24,51,72,76
24,51,76,49
24,51,49,53
24,51,53,54
24,51,54,55
24,51,55,51
24,52,24,25
24,52,25,21
24,52,21,17
24,52,17,68
24,52,68,72
24,52,72,76
24,52,76,49
24,52,49,48
24,52,48,52
24,53,24,25
24,53,25,21
24,53,21,17
24,53,17,68
24,53,68,72
24,53,72,76
24,53,76,49
24,53,49,53
24,54,24,25
24,54,25,21
24,54,21,17
24,54,17,68
24,54,68,72
24,54,72,76
24,54,76,49
24,54,49,53
24,54,53,54
24,55,24,25
24,55,25,21
24,55,21,17
24,55,17,68
24,55,68,72
24,55,72,76
24,55,76,49
24,55,49,53
24,55,53,54
24,55,54,55
24,56,24,25
24,56,25,21
24,56,21,17
24,56,17,68
24,56,68,72
24,56,72,76
24,56,76,49
24,56,49,48
24,56,48,52
24,56,52,56
24,57,24,25
24,57,25,21
24,57,21,17
24,57,17,68
24,57,68,72
24,57,72,76
24,57,76,49
24,57,49,53
24,57,53,57
24,58,24,25
24,58,25,21
24,58,21,17
24,58,17,68
24,58,68,72
24,58,72,76
24,58,76,49
24,58,49,53
24,58,53,54
24,58,54,58
24,59,24,25
24,59,25,21
24,59,21,17
24,59,17,68
24,59,68,72
24,59,72,76
24,59,76,49
24,59,49,53
24,59,53,54
24,59,54,55
24,59,55,59
24,60,24,25
24,60,25,21
24,60,21,17
24,60,17,68
24,60,68,72
24,60,72,76
24,60,76,49
24,60,49,48
24,60,48,52
24,60,52,56
24,60,56,60
24,61,24,25
24,61,25,21
24,61,21,17
24,61,17,68
24,61,68,72
24,61,72,76
24,61,76,49
24,61,49,53
24,61,53,57
24,61,57,61
24,62,24,25
24,62,25,21
24,62,21,17
24,62,17,68
24,62,68,72
24,62,72,76
24,62,76,49
24,62,49,53
24,62,53,54
24,62,54,58
24,62,58,62
24,63,24,25
24,63,25,21
24,63,21,17
24,63,17,68
24,63,68,72
24,63,72,76
24,63,76,49
24,63,49,53
24,63,53,54
24,63,54,55
24,63,55,59
24,63,59,63
25,0,25,21
25,0,21,17
25,0,17,68
25,0,68,64
25,0,64,1
25,0,1,0
25,1,25,21
25,1,21,17
25,1,17,68
25,1,68,64
25,1,64,1
25,2,25,21
25,2,21,17
25,2,17,68
25,2,68,64
25,2,64,1
25,2,1,5
25,2,5,6
25,2,6,2
25,3,25,21
25,3,21,17
25,3,17,68
25,3,68,64
25,3,64,1
25,3,1,5
25,3,5,6
25,3,6,7
25,3,7,3
25,4,25,21
25,4,21,17
25,4,17,68
25,4,68,64
25,4,64,1
25,4,1,0
25,4,0,4
25,5,25,21
25,5,21,17
25,5,17,68
25,5,68,64
25,5,64,1
25,5,1,5
25,6,25,21
25,6,21,17
25,6,17,68
25,6,68,64
25,6,64,1
25,6,1,5
25,6,5,6
25,7,25,21
25,7,21,17
25,7,17,68
25,7,68,64
25,7,64,1
25,7,1,5
25,7,5,6
25,7,6,7
25,8,25,21
25,8,21,17
25,8,17,68
25,8,68,64
25,8,64,1
25,8,1,0
25,8,0,4
25,8,4,8
25,9,25,21
25,9,21,17
25,9,17,68
25,9,68,64
25,9,64,1
25,9,1,5
25,9,5,9
25,10,25,21
25,10,21,17
25,10,17,68
25,10,68,64
25,10,64,1
25,10,1,5
25,10,5,6
25,10,6,10
25,11,25,21
25,11,21,17
25,11,17,68
25,11,68,64
25,11,64,1
25,11,1,5
25,11,5,6
25,11,6,7
25,11,7,11
25,12,25,21
25,12,21,17
25,12,17,68
25,12,68,64
25,12,64,1
25,12,1,0
25,12,0,4
25,12,4,8
25,12,8,12
25,13,25,21
25,13,21,17
25,13,17,68
25,13,68,64
25,13,64,1
25,13,1,5
25,13,5,9
25,13,9,13
25,14,25,21
25,14,21,17
25,14,17,68
25,14,68,64
25,14,64,1
25,14,1,5
25,14,5,6
25,14,6,10
25,14,10,14
25,15,25,21
25,15,21,17
25,15,17,68
25,15,68,64
25,15,64,1
25,15,1,5
25,15,5,6
25,15,6,7
25,15,7,11
25,15,11,15
25,16,25,24
25,16,24,20
25,16,20,16
25,17,25,21
25,17,21,17
25,18,25,26
25,18,26,22
25,18,22,18
25,19,25,26
25,19,26,27
25,19,27,23
25,19,23,19
25,20,25,24
25,20,24,20
25,21,25,21
25,22,25,26
25,22,26,22
25,23,25,26
25,23,26,27
25,23,27,23
25,24,25,24
25,26,25,26
25,27,25,26
25,27,26,27
25,28,25,24
25,28,24,28
25,29,25,29
25,30,25,26
25,30,26,30
25,31,25,26
25,31,26,27
25,31,27,31
25,32,25,21
25,32,21,17
25,32,17,68
25,32,68,72
25,32,72,33
25,32,33,32
25,33,25,21
25,33,21,17
25,33,17,68
25,33,68,72
25,33,72,33
25,34,25,21
25,34,21,17
25,34,17,68
25,34,68,72
25,34,72,33
25,34,33,37
25,34,37,38
25,34,38,34
25,35,25,21
25,35,21,17
25,35,17,68
25,35,68,72
25,35,72,33
25,35,33,37
25,35,37,38
25,35,38,39
25,35,39,35
25,36,25,21
25,36,21,17
25,36,17,68
25,36,68,72
25,36,72,33
25,36,33,32
25,36,32,36
25,37,25,21
25,37,21,17
25,37,17,68
25,37,68,72
25,37,72,33
25,37,33,37
25,38,25,21
25,38,21,17
25,38,17,68
25,38,68,72
25,38,72,33
25,38,33,37
25,38,37,38
25,39,25,21
25,39,21,17
25,39,17,68
25,39,68,72
25,39,72,33
25,39,33,37
25,39,37,38
25,39,38,39
25,40,25,21
25,40,21,17
25,40,17,68
25,40,68,72
25,40,72,33
25,40,33,32
25,40,32,36
25,40,36,40
25,41,25,21
25,41,21,17
25,41,17,68
25,41,68,72
25,41,72,33
25,41,33,37
25,41,37,41
25,42,25,21
25,42,21,17
25,42,17,68
25,42,68,72
25,42,72,33
25,42,33,37
25,42,37,38
25,42,38,42
25,43,25,21
25,43,21,17
25,43,17,68
25,43,68,72
25,43,72,33
25,43,33,37
25,43,37,38
25,43,38,39
25,43,39,43
25,44,25,21
25,44,21,17
25,44,17,68
25,44,68,72
25,44,72,33
25,44,33,32
25,44,32,36
25,44,36,40
25,44,40,44
25,45,25,21
25,45,21,17
25,45,17,68
25,45,68,72
25,45,72,33
25,45,33,37
25,45,37,41
25,45,41,45
25,46,25,21
25,46,21,17
25,46,17,68
25,46,68,72
25,46,72,33
25,46,33,37
25,46,37,38
25,46,38,42
25,46,42,46
25,47,25,21
25,47,21,17
25,47,17,68
25,47,68,72
25,47,72,33
25,47,33,37
25,47,37,38
25,47,38,39
25,47,39,43
25,47,43,47
25,48,25,21
25,48,21,17
25,48,17,68
25,48,68,72
25,48,72,76
25,48,76,49
25,48,49,48
25,49,25,21
25,49,21,17
25,49,17,68
25,49,68,72
25,49,72,76
25,49,76,49
25,50,25,21
25,50,21,17
25,50,17,68
25,50,68,72
25,50,72,76
25,50,76,49
25,50,49,53
25,50,53,54
25,50,54,50
25,51,25,21
25,51,21,17
25,51,17,68
25,51,68,72
25,51,72,76
25,51,76,49
25,51,49,53
25,51,53,54
25,51,54,55
25,51,55,51
25,52,25,21
25,52,21,17
25,52,17,68
25,52,68,72
25,52,72,76
25,52,76,49
25,52,49,48
25,52,48,52
25,53,25,21
25,53,21,17
25,53,17,68
25,53,68,72
25,53,72,76
25,53,76,49
25,53,49,53
25,54,25,21
25,54,21,17
25,54,17,68
25,54,68,72
25,54,72,76
25,54,76,49
25,54,49,53
25,54,53,54
25,55,25,21
25,55,21,17
25,55,17,68
25,55,68,72
25,55,72,76
25,55,76,49
25,55,49,53
25,55,53,54
25,55,54,55
25,56,25,21
25,56,21,17
25,56,17,68
25,56,68,72
25,56,72,76
25,56,76,49
25,56,49,48
25,56,48,52
25,56,52,56
25,57,25,21
25,57,21,17
25,57,17,68
25,57,68,72
25,57,72,76
25,57,76,49
25,57,49,53
25,57,53,57
25,58,25,21
25,58,21,17
25,58,17,68
25,58,68,72
25,58,72,76
25,58,76,49
25,58,49,53
25,58,53,54
25,58,54,58
25,59,25,21
25,59,21,17
25,59,17,68
25,59,68,72
25,59,72,76
25,59,76,49
25,59,49,53
25,59,53,54
25,59,54,55
25,59,55,59
25,60,25,21
25,60,21,17
25,60,17,68
25,60,68,72
25,60,72,76
25,60,76,49
25,60,49,48
25,60,48,52
25,60,52,56
25,60,56,60
25,61,25,21
25,61,21,17
25,61,17,68
25,61,68,72
25,61,72,76
25,61,76,49
25,61,49,53
25,61,53,57
25,61,57,61
25,62,25,21
25,62,21,17
25,62,17,68
25,62,68,72
25,62,72,76
25,62,76,49
25,62,49,53
25,62,53,54
25,62,54,58
25,62,58,62
25,63,25,21
25,63,21,17
25,63,17,68
25,63,68,72
25,63,72,76
25,63,76,49
25,63,49,53
25,63,53,54
25,63,54,55
25,63,55,59
25,63,59,63
26,0,26,25
26,0,25,21
26,0,21,17
26,0,17,68
26,0,68,64
26,0,64,1
26,0,1,0
26,1,26,25
26,1,25,21
26,1,21,17
26,1,17,68
26,1,68,64
26,1,64,1
26,2,26,25
26,2,25,21
26,2,21,17
26,2,17,68
26,2,68,64
26,2,64,1
26,2,1,5
26,2,5,6
26,2,6,2
26,3,26,25
26,3,25,21
26,3,21,17
26,3,17,68
26,3,68,64
26,3,64,1
26,3,1,5
26,3,5,6
26,3,6,7
26,3,7,3
26,4,26,25
26,4,25,21
26,4,21,17
26,4,17,68
26,4,68,64
26,4,64,1
26,4,1,0
26,4,0,4
26,5,26,25
26,5,25,21
26,5,21,17
26,5,17,68
26,5,68,64
26,5,64,1
26,5,1,5
26,6,26,25
26,6,25,21
26,6,21,17
26,6,17,68
26,6,68,64
26,6,64,1
26,6,1,5
26,6,5,6
26,7,26,25
26,7,25,21
26,7,21,17
26,7,17,68
26,7,68,64
26,7,64,1
26,7,1,5
26,7,5,6
26,7,6,7
26,8,26,25
26,8,25,21
26,8,21,17
26,8,17,68
26,8,68,64
26,8,64,1
26,8,1,0
26,8,0,4
26,8,4,8
26,9,26,25
26,9,25,21
26,9,21,17
26,9,17,68
26,9,68,64
26,9,64,1
26,9,1,5
26,9,5,9
26,10,26,25
26,10,25,21
26,10,21,17
26,10,17,68
26,10,68,64
26,10,64,1
26,10,1,5
26,10,5,6
26,10,6,10
26,11,26,25
26,11,25,21
26,11,21,17
26,11,17,68
26,11,68,64
26,11,64,1
26,11,1,5
26,11,5,6
26,11,6,7
26,11,7,11
26,12,26,25
26,12,25,21
26,12,21,17
26,12,17,68
26,12,68,64
26,12,64,1
26,12,1,0
26,12,0,4
26,12,4,8
26,12,8,12
26,13,26,25
26,13,25,21
26,13,21,17
26,13,17,68
26,13,68,64
26,13,64,1
26,13,1,5
26,13,5,9
26,13,9,13
26,14,26,25
26,14,25,21
26,14,21,17
26,14,17,68
26,14,68,64
26,14,64,1
26,14,1,5
26,14,5,6
26,14,6,10
26,14,10,14
26,15,26,25
26,15,25,21
26,15,21,17
26,15,17,68
26,15,68,64
26,15,64,1
26,15,1,5
26,15,5,6
26,15,6,7
26,15,7,11
26,15,11,15
26,16,26,25
26,16,25,24
26,16,24,20
26,16,20,16
26,17,26,25
26,17,25,21
26,17,21,17
26,18,26,22
26,18,22,18
26,19,26,27
26,19,27,23
26,19,23,19
26,20,26,25
26,20,25,24
26,20,24,20
26,21,26,25
26,21,25,21
26,22,26,22
26,23,26,27
26,23,27,23
26,24,26,25
26,24,25,24
26,25,26,25
26,27,26,27
26,28,26,25
26,28,25,24
26,28,24,28
26,29,26,25
26,29,25,29
26,30,26,30
26,31,26,27
26,31,27,31
26,32,26,25
26,32,25,21
26,32,21,17
26,32,17,68
26,32,68,72
26,32,72,33
26,32,33,32
26,33,26,25
26,33,25,21
26,33,21,17
26,33,17,68
26,33,68,72
26,33,72,33
26,34,26,25
26,34,25,21
26,34,21,17
26,34,17,68
26,34,68,72
26,34,72,33
26,34,33,37
26,34,37,38
26,34,38,34
26,35,26,25
26,35,25,21
26,35,21,17
26,35,17,68
26,35,68,72
26,35,72,33
26,35,33,37
26,35,37,38
26,35,38,39
26,35,39,35
26,36,26,25
26,36,25,21
26,36,21,17
26,36,17,68
26,36,68,72
26,36,72,33
26,36,33,32
26,36,32,36
26,37,26,25
26,37,25,21
26,37,21,17
26,37,17,68
26,37,68,72
26,37,72,33
26,37,33,37
26,38,26,25
26,38,25,21
26,38,21,17
26,38,17,68
26,38,68,72
26,38,72,33
26,38,33,37
26,38,37,38
26,39,26,25
26,39,25,21
26,39,21,17
26,39,17,68
26,39,68,72
26,39,72,33
26,39,33,37
26,39,37,38
26,39,38,39
26,40,26,25
26,40,25,21
26,40,21,17
26,40,17,68
26,40,68,72
26,40,72,33
26,40,33,32
26,40,32,36
26,40,36,40
26,41,26,25
26,41,25,21
26,41,21,17
26,41,17,68
26,41,68,72
26,41,72,33
26,41,33,37
26,41,37,41
26,42,26,25
26,42,25,21
26,42,21,17
26,42,17,68
26,42,68,72
26,42,72,33
26,42,33,37
26,42,37,38
26,42,38,42
26,43,26,25
26,43,25,21
26,43,21,17
26,43,17,68
26,43,68,72
26,43,72,33
26,43,33,37
26,43,37,38
26,43,38,39
26,43,39,43
26,44,26,25
26,44,25,21
26,44,21,17
26,44,17,68
26,44,68,72
26,44,72,33
26,44,33,32
26,44,32,36
26,44,36,40
26,44,40,44
26,45,26,25
26,45,25,21
26,45,21,17
26,45,17,68
26,45,68,72
26,45,72,33
26,45,33,37
26,45,37,41
26,45,41,45
26,46,26,25
26,46,25,21
26,46,21,17
26,46,17,68
26,46,68,72
26,46,72,33
26,46,33,37
26,46,37,38
26,46,38,42
26,46,42,46
26,47,26,25
26,47,25,21
26,47,21,17
26,47,17,68
26,47,68,72
26,47,72,33
26,47,33,37
26,47,37,38
26,47,38,39
26,47,39,43
26,47,43,47
26,48,26,25
26,48,25,21
26,48,21,17
26,48,17,68
26,48,68,72
26,48,72,76
26,48,76,49
26,48,49,48
26,49,26,25
26,49,25,21
26,49,21,17
26,49,17,68
26,49,68,72
26,49,72,76
26,49,76,49
26,50,26,25
26,50,25,21
26,50,21,17
26,50,17,68
26,50,68,72
26,50,72,76
26,50,76,49
26,50,49,53
26,50,53,54
26,50,54,50
26,51,26,25
26,51,25,21
26,51,21,17
26,51,17,68
26,51,68,72
26,51,72,76
26,51,76,49
26,51,49,53
26,51,53,54
26,51,54,55
26,51,55,51
26,52,26,25
26,52,25,21
26,52,21,17
26,52,17,68
26,52,68,72
26,52,72,76
26,52,76,49
26,52,49,48
26,52,48,52
26,53,26,25
26,53,25,21
26,53,21,17
26,53,17,68
26,53,68,72
26,53,72,76
26,53,76,49
26,53,49,53
26,54,26,25
26,54,25,21
26,54,21,17
26,54,17,68
26,54,68,72
26,54,72,76
26,54,76,49
26,54,49,53
26,54,53,54
26,55,26,25
26,55,25,21
26,55,21,17
26,55,17,68
26,55,68,72
26,55,72,76
26,55,76,49
26,55,49,53
26,55,53,54
26,55,54,55
26,56,26,25
26,56,25,21
26,56,21,17
26,56,17,68
26,56,68,72
26,56,72,76
26,56,76,49
26,56,49,48
26,56,48,52
26,56,52,56
26,57,26,25
26,57,25,21
26,57,21,17
26,57,17,68
26,57,68,72
26,57,72,76
26,57,76,49
26,57,49,53
26,57,53,57
26,58,26,25
26,58,25,21
26,58,21,17
26,58,17,68
26,58,68,72
26,58,72,76
26,58,76,49
26,58,49,53
26,58,53,54
26,58,54,58
26,59,26,25
26,59,25,21
26,59,21,17
26,59,17,68
26,59,68,72
26,59,72,76
26,59,76,49
26,59,49,53
26,59,53,54
26,59,54,55
26,59,55,59
26,60,26,25
26,60,25,21
26,60,21,17
26,60,17,68
26,60,68,72
26,60,72,76
26,60,76,49
26,60,49,48
26,60,48,52
26,60,52,56
26,60,56,60
26,61,26,25
26,61,25,21
26,61,21,17
26,61,17,68
26,61,68,72
26,61,72,76
26,61,76,49
26,61,49,53
26,61,53,57
26,61,57,61
26,62,26,25
26,62,25,21
26,62,21,17
26,62,17,68
26,62,68,72
26,62,72,76
26,62,76,49
26,62,49,53
26,62,53,54
26,62,54,58
26,62,58,62
26,63,26,25
26,63,25,21
26,63,21,17
26,63,17,68
26,63,68,72
26,63,72,76
26,63,76,49
26,63,49,53
26,63,53,54
26,63,54,55
26,63,55,59
26,63,59,63
27,0,27,26
27,0,26,25
27,0,25,21
27,0,21,17
27,0,17,68
27,0,68,64
27,0,64,1
27,0,1,0
27,1,27,26
27,1,26,25
27,1,25,21
27,1,21,17
27,1,17,68
27,1,68,64
27,1,64,1
27,2,27,26
27,2,26,25
27,2,25,21
27,2,21,17
27,2,17,68
27,2,68,64
27,2,64,1
27,2,1,5
27,2,5,6
27,2,6,2
27,3,27,26
27,3,26,25
27,3,25,21
27,3,21,17
27,3,17,68
27,3,68,64
27,3,64,1
27,3,1,5
27,3,5,6
27,3,6,7
27,3,7,3
27,4,27,26
27,4,26,25
27,4,25,21
27,4,21,17
27,4,17,68
27,4,68,64
27,4,64,1
27,4,1,0
27,4,0,4
27,5,27,26
27,5,26,25
27,5,25,21
27,5,21,17
27,5,17,68
27,5,68,64
27,5,64,1
27,5,1,5
27,6,27,26
27,6,26,25
27,6,25,21
27,6,21,17
27,6,17,68
27,6,68,64
27,6,64,1
27,6,1,5
27,6,5,6
27,7,27,26
27,7,26,25
27,7,25,21
27,7,21,17
27,7,17,68
27,7,68,64
27,7,64,1
27,7,1,5
27,7,5,6
27,7,6,7
27,8,27,26
27,8,26,25
27,8,25,21
27,8,21,17
27,8,17,68
27,8,68,64
27,8,64,1
27,8,1,0
27,8,0,4
27,8,4,8
27,9,27,26
27,9,26,25
27,9,25,21
27,9,21,17
27,9,17,68
27,9,68,64
27,9,64,1
27,9,1,5
27,9,5,9
27,10,27,26
27,10,26,25
27,10,25,21
27,10,21,17
27,10,17,68
27,10,68,64
27,10,64,1
27,10,1,5
27,10,5,6
27,10,6,10
27,11,27,26
27,11,26,25
27,11,25,21
27,11,21,17
27,11,17,68
27,11,68,64
27,11,64,1
27,11,1,5
27,11,5,6
27,11,6,7
27,11,7,11
27,12,27,26
27,12,26,25
27,12,25,21
27,12,21,17
27,12,17,68
27,12,68,64
27,12,64,1
27,12,1,0
27,12,0,4
27,12,4,8
27,12,8,12
27,13,27,26
27,13,26,25
27,13,25,21
27,13,21,17
27,13,17,68
27,13,68,64
27,13,64,1
27,13,1,5
27,13,5,9
27,13,9,13
27,14,27,26
27,14,26,25
27,14,25,21
27,14,21,17
27,14,17,68
27,14,68,64
27,14,64,1
27,14,1,5
27,14,5,6
27,14,6,10
27,14,10,14
27,15,27,26
27,15,26,25
27,15,25,21
27,15,21,17
27,15,17,68
27,15,68,64
27,15,64,1
27,15,1,5
27,15,5,6
27,15,6,7
27,15,7,11
27,15,11,15
27,16,27,26
27,16,26,25
27,16,25,24
27,16,24,20
27,16,20,16
27,17,27,26
27,17,26,25
27,17,25,21
27,17,21,17
27,18,27,26
27,18,26,22
27,18,22,18
27,19,27,23
27,19,23,19
27,20,27,26
27,20,26,25
27,20,25,24
27,20,24,20
27,21,27,26
27,21,26,25
27,21,25,21
27,22,27,26
27,22,26,22
27,23,27,23
27,24,27,26
27,24,26,25
27,24,25,24
27,25,27,26
27,25,26,25
27,26,27,26
27,28,27,26
27,28,26,25
27,28,25,24
27,28,24,28
27,29,27,26
27,29,26,25
27,29,25,29
27,30,27,26
27,30,26,30
27,31,27,31
27,32,27,26
27,32,26,25
27,32,25,21
27,32,21,17
27,32,17,68
27,32,68,72
27,32,72,33
27,32,33,32
27,33,27,26
27,33,26,25
27,33,25,21
27,33,21,17
27,33,17,68
27,33,68,72
27,33,72,33
27,34,27,26
27,34,26,25
27,34,25,21
27,34,21,17
27,34,17,68
27,34,68,72
27,34,72,33
27,34,33,37
27,34,37,38
27,34,38,34
27,35,27,26
27,35,26,25
27,35,25,21
27,35,21,17
27,35,17,68
27,35,68,72
27,35,72,33
27,35,33,37
27,35,37,38
27,35,38,39
27,35,39,35
27,36,27,26
27,36,26,25
27,36,25,21
27,36,21,17
27,36,17,68
27,36,68,72
27,36,72,33
27,36,33,32
27,36,32,36
27,37,27,26
27,37,26,25
27,37,25,21
27,37,21,17
27,37,17,68
27,37,68,72
27,37,72,33
27,37,33,37
27,38,27,26
27,38,26,25
27,38,25,21
27,38,21,17
27,38,17,68
27,38,68,72
27,38,72,33
27,38,33,37
27,38,37,38
27,39,27,26
27,39,26,25
27,39,25,21
27,39,21,17
27,39,17,68
27,39,68,72
27,39,72,33
27,39,33,37
27,39,37,38
27,39,38,39
27,40,27,26
27,40,26,25
27,40,25,21
27,40,21,17
27,40,17,68
27,40,68,72
27,40,72,33
27,40,33,32
27,40,32,36
27,40,36,40
27,41,27,26
27,41,26,25
27,41,25,21
27,41,21,17
27,41,17,68
27,41,68,72
27,41,72,33
27,41,33,37
27,41,37,41
27,42,27,26
27,42,26,25
27,42,25,21
27,42,21,17
27,42,17,68
27,42,68,72
27,42,72,33
27,42,33,37
27,42,37,38
27,42,38,42
27,43,27,26
27,43,26,25
27,43,25,21
27,43,21,17
27,43,17,68
27,43,68,72
27,43,72,33
27,43,33,37
27,43,37,38
27,43,38,39
27,43,39,43
27,44,27,26
27,44,26,25
27,44,25,21
27,44,21,17
27,44,17,68
27,44,68,72
27,44,72,33
27,44,33,32
27,44,32,36
27,44,36,40
27,44,40,44
27,45,27,26
27,45,26,25
27,45,25,21
27,45,21,17
27,45,17,68
27,45,68,72
27,45,72,33
27,45,33,37
27,45,37,41
27,45,41,45
27,46,27,26
27,46,26,25
27,46,25,21
27,46,21,17
27,46,17,68
27,46,68,72
27,46,72,33
27,46,33,37
27,46,37,38
27,46,38,42
27,46,42,46
27,47,27,26
27,47,26,25
27,47,25,21
27,47,21,17
27,47,17,68
27,47,68,72
27,47,72,33
27,47,33,37
27,47,37,38
27,47,38,39
27,47,39,43
27,47,43,47
27,48,27,26
27,48,26,25
27,48,25,21
27,48,21,17
27,48,17,68
27,48,68,72
27,48,72,76
27,48,76,49
27,48,49,48
27,49,27,26
27,49,26,25
27,49,25,21
27,49,21,17
27,49,17,68
27,49,68,72
27,49,72,76
27,49,76,49
27,50,27,26
27,50,26,25
27,50,25,21
27,50,21,17
27,50,17,68
27,50,68,72
27,50,72,76
27,50,76,49
27,50,49,53
27,50,53,54
27,50,54,50
27,51,27,26
27,51,26,25
27,51,25,21
27,51,21,17
27,51,17,68
27,51,68,72
27,51,72,76
27,51,76,49
27,51,49,53
27,51,53,54
27,51,54,55
27,51,55,51
27,52,27,26
27,52,26,25
27,52,25,21
27,52,21,17
27,52,17,68
27,52,68,72
27,52,72,76
27,52,76,49
27,52,49,48
27,52,48,52
27,53,27,26
27,53,26,25
27,53,25,21
27,53,21,17
27,53,17,68
27,53,68,72
27,53,72,76
27,53,76,49
27,53,49,53
27,54,27,26
27,54,26,25
27,54,25,21
27,54,21,17
27,54,17,68
27,54,68,72
27,54,72,76
27,54,76,49
27,54,49,53
27,54,53,54
27,55,27,26
27,55,26,25
27,55,25,21
27,55,21,17
27,55,17,68
27,55,68,72
27,55,72,76
27,55,76,49
27,55,49,53
27,55,53,54
27,55,54,55
27,56,27,26
27,56,26,25
27,56,25,21
27,56,21,17
27,56,17,68
27,56,68,72
27,56,72,76
27,56,76,49
27,56,49,48
27,56,48,52
27,56,52,56
27,57,27,26
27,57,26,25
27,57,25,21
27,57,21,17
27,57,17,68
27,57,68,72
27,57,72,76
27,57,76,49
27,57,49,53
27,57,53,57
27,58,27,26
27,58,26,25
27,58,25,21
27,58,21,17
27,58,17,68
27,58,68,72
27,58,72,76
27,58,76,49
27,58,49,53
27,58,53,54
27,58,54,58
27,59,27,26
27,59,26,25
27,59,25,21
27,59,21,17
27,59,17,68
27,59,68,72
27,59,72,76
27,59,76,49
27,59,49,53
27,59,53,54
27,59,54,55
27,59,55,59
27,60,27,26
27,60,26,25
27,60,25,21
27,60,21,17
27,60,17,68
27,60,68,72
27,60,72,76
27,60,76,49
27,60,49,48
27,60,48,52
27,60,52,56
27,60,56,60
27,61,27,26
27,61,26,25
27,61,25,21
27,61,21,17
27,61,17,68
27,61,68,72
27,61,72,76
27,61,76,49
27,61,49,53
27,61,53,57
27,61,57,61
27,62,27,26
27,62,26,25
27,62,25,21
27,62,21,17
27,62,17,68
27,62,68,72
27,62,72,76
27,62,76,49
27,62,49,53
27,62,53,54
27,62,54,58
27,62,58,62
27,63,27,26
27,63,26,25
27,63,25,21
27,63,21,17
27,63,17,68
27,63,68,72
27,63,72,76
27,63,76,49
27,63,49,53
27,63,53,54
27,63,54,55
27,63,55,59
27,63,59,63
28,0,28,29
28,0,29,70
28,0,70,66
28,0,66,13
28,0,13,9
28,0,9,8
28,0,8,4
28,0,4,0
28,1,28,29
28,1,29,70
28,1,70,66
28,1,66,13
28,1,13,9
28,1,9,5
28,1,5,1
28,2,28,29
28,2,29,70
28,2,70,66
28,2,66,13
28,2,13,14
28,2,14,10
28,2,10,6
28,2,6,2
28,3,28,29
28,3,29,70
28,3,70,66
28,3,66,13
28,3,13,14
28,3,14,15
28,3,15,11
28,3,11,7
28,3,7,3
28,4,28,29
28,4,29,70
28,4,70,66
28,4,66,13
28,4,13,9
28,4,9,8
28,4,8,4
28,5,28,29
28,5,29,70
28,5,70,66
28,5,66,13
28,5,13,9
28,5,9,5
28,6,28,29
28,6,29,70
28,6,70,66
28,6,66,13
28,6,13,14
28,6,14,10
28,6,10,6
28,7,28,29
28,7,29,70
28,7,70,66
28,7,66,13
28,7,13,14
28,7,14,15
28,7,15,11
28,7,11,7
28,8,28,29
28,8,29,70
28,8,70,66
28,8,66,13
28,8,13,9
28,8,9,8
28,9,28,29
28,9,29,70
28,9,70,66
28,9,66,13
28,9,13,9
28,10,28,29
28,10,29,70
28,10,70,66
28,10,66,13
28,10,13,14
28,10,14,10
28,11,28,29
28,11,29,70
28,11,70,66
28,11,66,13
28,11,13,14
28,11,14,15
28,11,15,11
28,12,28,29
28,12,29,70
28,12,70,66
28,12,66,13
28,12,13,9
28,12,9,8
28,12,8,12
28,13,28,29
28,13,29,70
28,13,70,66
28,13,66,13
28,14,28,29
28,14,29,70
28,14,70,66
28,14,66,13
28,14,13,14
28,15,28,29
28,15,29,70
28,15,70,66
28,15,66,13
28,15,13,14
28,15,14,15
28,16,28,24
28,16,24,20
28,16,20,16
28,17,28,29
28,17,29,25
28,17,25,21
28,17,21,17
28,18,28,29
28,18,29,30
28,18,30,26
28,18,26,22
28,18,22,18
28,19,28,29
28,19,29,30
28,19,30,31
28,19,31,27
28,19,27,23
28,19,23,19
28,20,28,24
28,20,24,20
28,21,28,29
28,21,29,25
28,21,25,21
28,22,28,29
28,22,29,30
28,22,30,26
28,22,26,22
28,23,28,29
28,23,29,30
28,23,30,31
28,23,31,27
28,23,27,23
28,24,28,24
28,25,28,29
28,25,29,25
28,26,28,29
28,26,29,30
28,26,30,26
28,27,28,29
28,27,29,30
28,27,30,31
28,27,31,27
28,29,28,29
28,30,28,29
28,30,29,30
28,31,28,29
28,31,29,30
28,31,30,31
28,32,28,29
28,32,29,70
28,32,70,74
28,32,74,45
28,32,45,41
28,32,41,40
28,32,40,36
28,32,36,32
28,33,28,29
28,33,29,70
28,33,70,74
28,33,74,45
28,33,45,41
28,33,41,37
28,33,37,33
28,34,28,29
28,34,29,70
28,34,70,74
28,34,74,45
28,34,45,46
28,34,46,42
28,34,42,38
28,34,38,34
28,35,28,29
28,35,29,70
28,35,70,74
28,35,74,45
28,35,45,46
28,35,46,47
28,35,47,43
28,35,43,39
28,35,39,35
28,36,28,29
28,36,29,70
28,36,70,74
28,36,74,45
28,36,45,41
28,36,41,40
28,36,40,36
28,37,28,29
28,37,29,70
28,37,70,74
28,37,74,45
28,37,45,41
28,37,41,37
28,38,28,29
28,38,29,70
28,38,70,74
28,38,74,45
28,38,45,46
28,38,46,42
28,38,42,38
28,39,28,29
28,39,29,70
28,39,70,74
28,39,74,45
28,39,45,46
28,39,46,47
28,39,47,43
28,39,43,39
28,40,28,29
28,40,29,70
28,40,70,74
28,40,74,45
28,40,45,41
28,40,41,40
28,41,28,29
28,41,29,70
28,41,70,74
28,41,74,45
28,41,45,41
28,42,28,29
28,42,29,70
28,42,70,74
28,42,74,45
28,42,45,46
28,42,46,42
28,43,28,29
28,43,29,70
28,43,70,74
28,43,74,45
28,43,45,46
28,43,46,47
28,43,47,43
28,44,28,29
28,44,29,70
28,44,70,74
28,44,74,45
28,44,45,41
28,44,41,40
28,44,40,44
28,45,28,29
28,45,29,70
28,45,70,74
28,45,74,45
28,46,28,29
28,46,29,70
28,46,70,74
28,46,74,45
28,46,45,46
28,47,28,29
28,47,29,70
28,47,70,74
28,47,74,45
28,47,45,46
28,47,46,47
28,48,28,29
28,48,29,70
28,48,70,74
28,48,74,78
28,48,78,61
28,48,61,57
28,48,57,56
28,48,56,52
28,48,52,48
28,49,28,29
28,49,29,70
28,49,70,74
28,49,74,78
28,49,78,61
28,49,61,57
28,49,57,53
28,49,53,49
28,50,28,29
28,50,29,70
28,50,70,74
28,50,74,78
28,50,78,61
28,50,61,62
28,50,62,58
28,50,58,54
28,50,54,50
28,51,28,29
28,51,29,70
28,51,70,74
28,51,74,78
28,51,78,61
28,51,61,62
28,51,62,63
28,51,63,59
28,51,59,55
28,51,55,51
28,52,28,29
28,52,29,70
28,52,70,74
28,52,74,78
28,52,78,61
28,52,61,57
28,52,57,56
28,52,56,52
28,53,28,29
28,53,29,70
28,53,70,74
28,53,74,78
28,53,78,61
28,53,61,57
28,53,57,53
28,54,28,29
28,54,29,70
28,54,70,74
28,54,74,78
28,54,78,61
28,54,61,62
28,54,62,58
28,54,58,54
28,55,28,29
28,55,29,70
28,55,70,74
28,55,74,78
28,55,78,61
28,55,61,62
28,55,62,63
28,55,63,59
28,55,59,55
28,56,28,29
28,56,29,70
28,56,70,74
28,56,74,78
28,56,78,61
28,56,61,57
28,56,57,56
28,57,28,29
28,57,29,70
28,57,70,74
28,57,74,78
28,57,78,61
28,57,61,57
28,58,28,29
28,58,29,70
28,58,70,74
28,58,74,78
28,58,78,61
28,58,61,62
28,58,62,58
28,59,28,29
28,59,29,70
28,59,70,74
28,59,74,78
28,59,78,61
28,59,61,62
28,59,62,63
28,59,63,59
28,60,28,29
28,60,29,70
28,60,70,74
28,60,74,78
28,60,78,61
28,60,61,57
28,60,57,56
28,60,56,60
28,61,28,29
28,61,29,70
28,61,70,74
28,61,74,78
28,61,78,61
28,62,28,29
28,62,29,70
28,62,70,74
28,62,74,78
28,62,78,61
28,62,61,62
28,63,28,29
28,63,29,70
28,63,70,74
28,63,74,78
28,63,78,61
28,63,61,62
28,63,62,63
29,0,29,30
29,0,30,71
29,0,71,67
29,0,67,14
29,0,14,10
29,0,10,9
29,0,9,8
29,0,8,4
29,0,4,0
29,1,29,30
29,1,30,71
29,1,71,67
29,1,67,14
29,1,14,10
29,1,10,9
29,1,9,5
29,1,5,1
29,2,29,30
29,2,30,71
29,2,71,67
29,2,67,14
29,2,14,10
29,2,10,6
29,2,6,2
29,3,29,30
29,3,30,71
29,3,71,67
29,3,67,14
29,3,14,15
29,3,15,11
29,3,11,7
29,3,7,3
29,4,29,30
29,4,30,71
29,4,71,67
29,4,67,14
29,4,14,10
29,4,10,9
29,4,9,8
29,4,8,4
29,5,29,30
29,5,30,71
29,5,71,67
29,5,67,14
29,5,14,10
29,5,10,9
29,5,9,5
29,6,29,30
29,6,30,71
29,6,71,67
29,6,67,14
29,6,14,10
29,6,10,6
29,7,29,30
29,7,30,71
29,7,71,67
29,7,67,14
29,7,14,15
29,7,15,11
29,7,11,7
29,8,29,30
29,8,30,71
29,8,71,67
29,8,67,14
29,8,14,10
29,8,10,9
29,8,9,8
29,9,29,30
29,9,30,71
29,9,71,67
29,9,67,14
29,9,14,10
29,9,10,9
29,10,29,30
29,10,30,71
29,10,71,67
29,10,67,14
29,10,14,10
29,11,29,30
29,11,30,71
29,11,71,67
29,11,67,14
29,11,14,15
29,11,15,11
29,12,29,30
29,12,30,71
29,12,71,67
29,12,67,14
29,12,14,10
29,12,10,9
29,12,9,8
29,12,8,12
29,13,29,30
29,13,30,71
29,13,71,67
29,13,67,14
29,13,14,10
29,13,10,9
29,13,9,13
29,14,29,30
29,14,30,71
29,14,71,67
29,14,67,14
29,15,29,30
29,15,30,71
29,15,71,67
29,15,67,14
29,15,14,15
29,16,29,28
29,16,28,24
29,16,24,20
29,16,20,16
29,17,29,25
29,17,25,21
29,17,21,17
29,18,29,30
29,18,30,26
29,18,26,22
29,18,22,18
29,19,29,30
29,19,30,31
29,19,31,27
29,19,27,23
29,19,23,19
29,20,29,28
29,20,28,24
29,20,24,20
29,21,29,25
29,21,25,21
29,22,29,30
29,22,30,26
29,22,26,22
29,23,29,30
29,23,30,31
29,23,31,27
29,23,27,23
29,24,29,28
29,24,28,24
29,25,29,25
29,26,29,30
29,26,30,26
29,27,29,30
29,27,30,31
29,27,31,27
29,28,29,28
29,30,29,30
29,31,29,30
29,31,30,31
29,32,29,30
29,32,30,71
29,32,71,75
29,32,75,46
29,32,46,42
29,32,42,41
29,32,41,40
29,32,40,36
29,32,36,32
29,33,29,30
29,33,30,71
29,33,71,75
29,33,75,46
29,33,46,42
29,33,42,41
29,33,41,37
29,33,37,33
29,34,29,30
29,34,30,71
29,34,71,75
29,34,75,46
29,34,46,42
29,34,42,38
29,34,38,34
29,35,29,30
29,35,30,71
29,35,71,75
29,35,75,46
29,35,46,47
29,35,47,43
29,35,43,39
29,35,39,35
29,36,29,30
29,36,30,71
29,36,71,75
29,36,75,46
29,36,46,42
29,36,42,41
29,36,41,40
29,36,40,36
29,37,29,30
29,37,30,71
29,37,71,75
29,37,75,46
29,37,46,42
29,37,42,41
29,37,41,37
29,38,29,30
29,38,30,71
29,38,71,75
29,38,75,46
29,38,46,42
29,38,42,38
29,39,29,30
29,39,30,71
29,39,71,75
29,39,75,46
29,39,46,47
29,39,47,43
29,39,43,39
29,40,29,30
29,40,30,71
29,40,71,75
29,40,75,46
29,40,46,42
29,40,42,41
29,40,41,40
29,41,29,30
29,41,30,71
29,41,71,75
29,41,75,46
29,41,46,42
29,41,42,41
29,42,29,30
29,42,30,71
29,42,71,75
29,42,75,46
29,42,46,42
29,43,29,30
29,43,30,71
29,43,71,75
29,43,75,46
29,43,46,47
29,43,47,43
29,44,29,30
29,44,30,71
29,44,71,75
29,44,75,46
29,44,46,42
29,44,42,41
29,44,41,40
29,44,40,44
29,45,29,30
29,45,30,71
29,45,71,75
29,45,75,46
29,45,46,42
29,45,42,41
29,45,41,45
29,46,29,30
29,46,30,71
29,46,71,75
29,46,75,46
29,47,29,30
29,47,30,71
29,47,71,75
29,47,75,46
29,47,46,47
29,48,29,30
29,48,30,71
29,48,71,75
29,48,75,79
29,48,79,62
29,48,62,58
29,48,58,57
29,48,57,56
29,48,56,52
29,48,52,48
29,49,29,30
29,49,30,71
29,49,71,75
29,49,75,79
29,49,79,62
29,49,62,58
29,49,58,57
29,49,57,53
29,49,53,49
29,50,29,30
29,50,30,71
29,50,71,75
29,50,75,79
29,50,79,62
29,50,62,58
29,50,58,54
29,50,54,50
29,51,29,30
29,51,30,71
29,51,71,75
29,51,75,79
29,51,79,62
29,51,62,63
29,51,63,59
29,51,59,55
29,51,55,51
29,52,29,30
29,52,30,71
29,52,71,75
29,52,75,79
29,52,79,62
29,52,62,58
29,52,58,57
29,52,57,56
29,52,56,52
29,53,29,30
29,53,30,71
29,53,71,75
29,53,75,79
29,53,79,62
29,53,62,58
29,53,58,57
29,53,57,53
29,54,29,30
29,54,30,71
29,54,71,75
29,54,75,79
29,54,79,62
29,54,62,58
29,54,58,54
29,55,29,30
29,55,30,71
29,55,71,75
29,55,75,79
29,55,79,62
29,55,62,63
29,55,63,59
29,55,59,55
29,56,29,30
29,56,30,71
29,56,71,75
29,56,75,79
29,56,79,62
29,56,62,58
29,56,58,57
29,56,57,56
29,57,29,30
29,57,30,71
29,57,71,75
29,57,75,79
29,57,79,62
29,57,62,58
29,57,58,57
29,58,29,30
29,58,30,71
29,58,71,75
29,58,75,79
29,58,79,62
29,58,62,58
29,59,29,30
29,59,30,71
29,59,71,75
29,59,75,79
29,59,79,62
29,59,62,63
29,59,63,59
29,60,29,30
29,60,30,71
29,60,71,75
29,60,75,79
29,60,79,62
29,60,62,58
29,60,58,57
29,60,57,56
29,60,56,60
29,61,29,30
29,61,30,71
29,61,71,75
29,61,75,79
29,61,79,62
29,61,62,58
29,61,58,57
29,61,57,61
29,62,29,30
29,62,30,71
29,62,71,75
29,62,75,79
29,62,79,62
29,63,29,30
29,63,30,71
29,63,71,75
29,63,75,79
29,63,79,62
29,63,62,63
30,0,30,29
30,0,29,70
30,0,70,66
30,0,66,13
30,0,13,9
30,0,9,8
30,0,8,4
30,0,4,0
30,1,30,29
30,1,29,70
30,1,70,66
30,1,66,13
30,1,13,9
30,1,9,5
30,1,5,1
30,2,30,29
30,2,29,70
30,2,70,66
30,2,66,13
30,2,13,14
30,2,14,10
30,2,10,6
30,2,6,2
30,3,30,29
30,3,29,70
30,3,70,66
30,3,66,13
30,3,13,14
30,3,14,15
30,3,15,11
30,3,11,7
30,3,7,3
30,4,30,29
30,4,29,70
30,4,70,66
30,4,66,13
30,4,13,9
30,4,9,8
30,4,8,4
30,5,30,29
30,5,29,70
30,5,70,66
30,5,66,13
30,5,13,9
30,5,9,5
30,6,30,29
30,6,29,70
30,6,70,66
30,6,66,13
30,6,13,14
30,6,14,10
30,6,10,6
30,7,30,29
30,7,29,70
30,7,70,66
30,7,66,13
30,7,13,14
30,7,14,15
30,7,15,11
30,7,11,7
30,8,30,29
30,8,29,70
30,8,70,66
30,8,66,13
30,8,13,9
30,8,9,8
30,9,30,29
30,9,29,70
30,9,70,66
30,9,66,13
30,9,13,9
30,10,30,29
30,10,29,70
30,10,70,66
30,10,66,13
30,10,13,14
30,10,14,10
30,11,30,29
30,11,29,70
30,11,70,66
30,11,66,13
30,11,13,14
30,11,14,15
30,11,15,11
30,12,30,29
30,12,29,70
30,12,70,66
30,12,66,13
30,12,13,9
30,12,9,8
30,12,8,12
30,13,30,29
30,13,29,70
30,13,70,66
30,13,66,13
30,14,30,29
30,14,29,70
30,14,70,66
30,14,66,13
30,14,13,14
30,15,30,29
30,15,29,70
30,15,70,66
30,15,66,13
30,15,13,14
30,15,14,15
30,16,30,29
30,16,29,28
30,16,28,24
30,16,24,20
30,16,20,16
30,17,30,29
30,17,29,25
30,17,25,21
30,17,21,17
30,18,30,26
30,18,26,22
30,18,22,18
30,19,30,31
30,19,31,27
30,19,27,23
30,19,23,19
30,20,30,29
30,20,29,28
30,20,28,24
30,20,24,20
30,21,30,29
30,21,29,25
30,21,25,21
30,22,30,26
30,22,26,22
30,23,30,31
30,23,31,27
30,23,27,23
30,24,30,29
30,24,29,28
30,24,28,24
30,25,30,29
30,25,29,25
30,26,30,26
30,27,30,31
30,27,31,27
30,28,30,29
30,28,29,28
30,29,30,29
30,31,30,31
30,32,30,29
30,32,29,70
30,32,70,74
30,32,74,45
30,32,45,41
30,32,41,40
30,32,40,36
30,32,36,32
30,33,30,29
30,33,29,70
30,33,70,74
30,33,74,45
30,33,45,41
30,33,41,37
30,33,37,33
30,34,30,29
30,34,29,70
30,34,70,74
30,34,74,45
30,34,45,46
30,34,46,42
30,34,42,38
30,34,38,34
30,35,30,29
30,35,29,70
30,35,70,74
30,35,74,45
30,35,45,46
30,35,46,47
30,35,47,43
30,35,43,39
30,35,39,35
30,36,30,29
30,36,29,70
30,36,70,74
30,36,74,45
30,36,45,41
30,36,41,40
30,36,40,36
30,37,30,29
30,37,29,70
30,37,70,74
30,37,74,45
30,37,45,41
30,37,41,37
30,38,30,29
30,38,29,70
30,38,70,74
30,38,74,45
30,38,45,46
30,38,46,42
30,38,42,38
30,39,30,29
30,39,29,70
30,39,70,74
30,39,74,45
30,39,45,46
30,39,46,47
30,39,47,43
30,39,43,39
30,40,30,29
30,40,29,70
30,40,70,74
30,40,74,45
30,40,45,41
30,40,41,40
30,41,30,29
30,41,29,70
30,41,70,74
30,41,74,45
30,41,45,41
30,42,30,29
30,42,29,70
30,42,70,74
30,42,74,45
30,42,45,46
30,42,46,42
30,43,30,29
30,43,29,70
30,43,70,74
30,43,74,45
30,43,45,46
30,43,46,47
30,43,47,43
30,44,30,29
30,44,29,70
30,44,70,74
30,44,74,45
30,44,45,41
30,44,41,40
30,44,40,44
30,45,30,29
30,45,29,70
30,45,70,74
30,45,74,45
30,46,30,29
30,46,29,70
30,46,70,74
30,46,74,45
30,46,45,46
30,47,30,29
30,47,29,70
30,47,70,74
30,47,74,45
30,47,45,46
30,47,46,47
30,48,30,29
30,48,29,70
30,48,70,74
30,48,74,78
30,48,78,61
30,48,61,57
30,48,57,56
30,48,56,52
30,48,52,48
30,49,30,29
30,49,29,70
30,49,70,74
30,49,74,78
30,49,78,61
30,49,61,57
30,49,57,53
30,49,53,49
30,50,30,29
30,50,29,70
30,50,70,74
30,50,74,78
30,50,78,61
30,50,61,62
30,50,62,58
30,50,58,54
30,50,54,50
30,51,30,29
30,51,29,70
30,51,70,74
30,51,74,78
30,51,78,61
30,51,61,62
30,51,62,63
30,51,63,59
30,51,59,55
30,51,55,51
30,52,30,29
30,52,29,70
30,52,70,74
30,52,74,78
30,52,78,61
30,52,61,57
30,52,57,56
30,52,56,52
30,53,30,29
30,53,29,70
30,53,70,74
30,53,74,78
30,53,78,61
30,53,61,57
30,53,57,53
30,54,30,29
30,54,29,70
30,54,70,74
30,54,74,78
30,54,78,61
30,54,61,62
30,54,62,58
30,54,58,54
30,55,30,29
30,55,29,70
30,55,70,74
30,55,74,78
30,55,78,61
30,55,61,62
30,55,62,63
30,55,63,59
30,55,59,55
30,56,30,29
30,56,29,70
30,56,70,74
30,56,74,78
30,56,78,61
30,56,61,57
30,56,57,56
30,57,30,29
30,57,29,70
30,57,70,74
30,57,74,78
30,57,78,61
30,57,61,57
30,58,30,29
30,58,29,70
30,58,70,74
30,58,74,78
30,58,78,61
30,58,61,62
30,58,62,58
30,59,30,29
30,59,29,70
30,59,70,74
30,59,74,78
30,59,78,61
30,59,61,62
30,59,62,63
30,59,63,59
30,60,30,29
30,60,29,70
30,60,70,74
30,60,74,78
30,60,78,61
30,60,61,57
30,60,57,56
30,60,56,60
30,61,30,29
30,61,29,70
30,61,70,74
30,61,74,78
30,61,78,61
30,62,30,29
30,62,29,70
30,62,70,74
30,62,74,78
30,62,78,61
30,62,61,62
30,63,30,29
30,63,29,70
30,63,70,74
30,63,74,78
30,63,78,61
30,63,61,62
30,63,62,63
31,0,31,30
31,0,30,71
31,0,71,67
31,0,67,14
31,0,14,10
31,0,10,9
31,0,9,8
31,0,8,4
31,0,4,0
31,1,31,30
31,1,30,71
31,1,71,67
31,1,67,14
31,1,14,10
31,1,10,9
31,1,9,5
31,1,5,1
31,2,31,30
31,2,30,71
31,2,71,67
31,2,67,14
31,2,14,10
31,2,10,6
31,2,6,2
31,3,31,30
31,3,30,71
31,3,71,67
31,3,67,14
31,3,14,15
31,3,15,11
31,3,11,7
31,3,7,3
31,4,31,30
31,4,30,71
31,4,71,67
31,4,67,14
31,4,14,10
31,4,10,9
31,4,9,8
31,4,8,4
31,5,31,30
31,5,30,71
31,5,71,67
31,5,67,14
31,5,14,10
31,5,10,9
31,5,9,5
31,6,31,30
31,6,30,71
31,6,71,67
31,6,67,14
31,6,14,10
31,6,10,6
31,7,31,30
31,7,30,71
31,7,71,67
31,7,67,14
31,7,14,15
31,7,15,11
31,7,11,7
31,8,31,30
31,8,30,71
31,8,71,67
31,8,67,14
31,8,14,10
31,8,10,9
31,8,9,8
31,9,31,30
31,9,30,71
31,9,71,67
31,9,67,14
31,9,14,10
31,9,10,9
31,10,31,30
31,10,30,71
31,10,71,67
31,10,67,14
31,10,14,10
31,11,31,30
31,11,30,71
31,11,71,67
31,11,67,14
31,11,14,15
31,11,15,11
31,12,31,30
31,12,30,71
31,12,71,67
31,12,67,14
31,12,14,10
31,12,10,9
31,12,9,8
31,12,8,12
31,13,31,30
31,13,30,71
31,13,71,67
31,13,67,14
31,13,14,10
31,13,10,9
31,13,9,13
31,14,31,30
31,14,30,71
31,14,71,67
31,14,67,14
31,15,31,30
31,15,30,71
31,15,71,67
31,15,67,14
31,15,14,15
31,16,31,30
31,16,30,29
31,16,29,28
31,16,28,24
31,16,24,20
31,16,20,16
31,17,31,30
31,17,30,29
31,17,29,25
31,17,25,21
31,17,21,17
31,18,31,30
31,18,30,26
31,18,26,22
31,18,22,18
31,19,31,27
31,19,27,23
31,19,23,19
31,20,31,30
31,20,30,29
31,20,29,28
31,20,28,24
31,20,24,20
31,21,31,30
31,21,30,29
31,21,29,25
31,21,25,21
31,22,31,30
31,22,30,26
31,22,26,22
31,23,31,27
31,23,27,23
31,24,31,30
31,24,30,29
31,24,29,28
31,24,28,24
31,25,31,30
31,25,30,29
31,25,29,25
31,26,31,30
31,26,30,26
31,27,31,27
31,28,31,30
31,28,30,29
31,28,29,28
31,29,31,30
31,29,30,29
31,30,31,30
31,32,31,30
31,32,30,71
31,32,71,75
31,32,75,46
31,32,46,42
31,32,42,41
31,32,41,40
31,32,40,36
31,32,36,32
31,33,31,30
31,33,30,71
31,33,71,75
31,33,75,46
31,33,46,42
31,33,42,41
31,33,41,37
31,33,37,33
31,34,31,30
31,34,30,71
31,34,71,75
31,34,75,46
31,34,46,42
31,34,42,38
31,34,38,34
31,35,31,30
31,35,30,71
31,35,71,75
31,35,75,46
31,35,46,47
31,35,47,43
31,35,43,39
31,35,39,35
31,36,31,30
31,36,30,71
31,36,71,75
31,36,75,46
31,36,46,42
31,36,42,41
31,36,41,40
31,36,40,36
31,37,31,30
31,37,30,71
31,37,71,75
31,37,75,46
31,37,46,42
31,37,42,41
31,37,41,37
31,38,31,30
31,38,30,71
31,38,71,75
31,38,75,46
31,38,46,42
31,38,42,38
31,39,31,30
31,39,30,71
31,39,71,75
31,39,75,46
31,39,46,47
31,39,47,43
31,39,43,39
31,40,31,30
31,40,30,71
31,40,71,75
31,40,75,46
31,40,46,42
31,40,42,41
31,40,41,40
31,41,31,30
31,41,30,71
31,41,71,75
31,41,75,46
31,41,46,42
31,41,42,41
31,42,31,30
31,42,30,71
31,42,71,75
31,42,75,46
31,42,46,42
31,43,31,30
31,43,30,71
31,43,71,75
31,43,75,46
31,43,46,47
31,43,47,43
31,44,31,30
31,44,30,71
31,44,71,75
31,44,75,46
31,44,46,42
31,44,42,41
31,44,41,40
31,44,40,44
31,45,31,30
31,45,30,71
31,45,71,75
31,45,75,46
31,45,46,42
31,45,42,41
31,45,41,45
31,46,31,30
31,46,30,71
31,46,71,75
31,46,75,46
31,47,31,30
31,47,30,71
31,47,71,75
31,47,75,46
31,47,46,47
31,48,31,30
31,48,30,71
31,48,71,75
31,48,75,79
31,48,79,62
31,48,62,58
31,48,58,57
31,48,57,56
31,48,56,52
31,48,52,48
31,49,31,30
31,49,30,71
31,49,71,75
31,49,75,79
31,49,79,62
31,49,62,58
31,49,58,57
31,49,57,53
31,49,53,49
31,50,31,30
31,50,30,71
31,50,71,75
31,50,75,79
31,50,79,62
31,50,62,58
31,50,58,54
31,50,54,50
31,51,31,30
31,51,30,71
31,51,71,75
31,51,75,79
31,51,79,62
31,51,62,63
31,51,63,59
31,51,59,55
31,51,55,51
31,52,31,30
31,52,30,71
31,52,71,75
31,52,75,79
31,52,79,62
31,52,62,58
31,52,58,57
31,52,57,56
31,52,56,52
31,53,31,30
31,53,30,71
31,53,71,75
31,53,75,79
31,53,79,62
31,53,62,58
31,53,58,57
31,53,57,53
31,54,31,30
31,54,30,71
31,54,71,75
31,54,75,79
31,54,79,62
31,54,62,58
31,54,58,54
31,55,31,30
31,55,30,71
31,55,71,75
31,55,75,79
31,55,79,62
31,55,62,63
31,55,63,59
31,55,59,55
31,56,31,30
31,56,30,71
31,56,71,75
31,56,75,79
31,56,79,62
31,56,62,58
31,56,58,57
31,56,57,56
31,57,31,30
31,57,30,71
31,57,71,75
31,57,75,79
31,57,79,62
31,57,62,58
31,57,58,57
31,58,31,30
31,58,30,71
31,58,71,75
31,58,75,79
31,58,79,62
31,58,62,58
31,59,31,30
31,59,30,71
31,59,71,75
31,59,75,79
31,59,79,62
31,59,62,63
31,59,63,59
31,60,31,30
31,60,30,71
31,60,71,75
31,60,75,79
31,60,79,62
31,60,62,58
31,60,58,57
31,60,57,56
31,60,56,60
31,61,31,30
31,61,30,71
31,61,71,75
31,61,75,79
31,61,79,62
31,61,62,58
31,61,58,57
31,61,57,61
31,62,31,30
31,62,30,71
31,62,71,75
31,62,75,79
31,62,79,62
31,63,31,30
31,63,30,71
31,63,71,75
31,63,75,79
31,63,79,62
31,63,62,63
32,0,32,33
32,0,33,72
32,0,72,68
32,0,68,64
32,0,64,1
32,0,1,0
32,1,32,33
32,1,33,72
32,1,72,68
32,1,68,64
32,1,64,1
32,2,32,33
32,2,33,72
32,2,72,68
32,2,68,64
32,2,64,1
32,2,1,5
32,2,5,6
32,2,6,2
32,3,32,33
32,3,33,72
32,3,72,68
32,3,68,64
32,3,64,1
32,3,1,5
32,3,5,6
32,3,6,7
32,3,7,3
32,4,32,33
32,4,33,72
32,4,72,68
32,4,68,64
32,4,64,1
32,4,1,0
32,4,0,4
32,5,32,33
32,5,33,72
32,5,72,68
32,5,68,64
32,5,64,1
32,5,1,5
32,6,32,33
32,6,33,72
32,6,72,68
32,6,68,64
32,6,64,1
32,6,1,5
32,6,5,6
32,7,32,33
32,7,33,72
32,7,72,68
32,7,68,64
32,7,64,1
32,7,1,5
32,7,5,6
32,7,6,7
32,8,32,33
32,8,33,72
32,8,72,68
32,8,68,64
32,8,64,1
32,8,1,0
32,8,0,4
32,8,4,8
32,9,32,33
32,9,33,72
32,9,72,68
32,9,68,64
32,9,64,1
32,9,1,5
32,9,5,9
32,10,32,33
32,10,33,72
32,10,72,68
32,10,68,64
32,10,64,1
32,10,1,5
32,10,5,6
32,10,6,10
32,11,32,33
32,11,33,72
32,11,72,68
32,11,68,64
32,11,64,1
32,11,1,5
32,11,5,6
32,11,6,7
32,11,7,11
32,12,32,33
32,12,33,72
32,12,72,68
32,12,68,64
32,12,64,1
32,12,1,0
32,12,0,4
32,12,4,8
32,12,8,12
32,13,32,33
32,13,33,72
32,13,72,68
32,13,68,64
32,13,64,1
32,13,1,5
32,13,5,9
32,13,9,13
32,14,32,33
32,14,33,72
32,14,72,68
32,14,68,64
32,14,64,1
32,14,1,5
32,14,5,6
32,14,6,10
32,14,10,14
32,15,32,33
32,15,33,72
32,15,72,68
32,15,68,64
32,15,64,1
32,15,1,5
32,15,5,6
32,15,6,7
32,15,7,11
32,15,11,15
32,16,32,33
32,16,33,72
32,16,72,68
32,16,68,17
32,16,17,16
32,17,32,33
32,17,33,72
32,17,72,68
32,17,68,17
32,18,32,33
32,18,33,72
32,18,72,68
32,18,68,17
32,18,17,21
32,18,21,22
32,18,22,18
32,19,32,33
32,19,33,72
32,19,72,68
32,19,68,17
32,19,17,21
32,19,21,22
32,19,22,23
32,19,23,19
32,20,32,33
32,20,33,72
32,20,72,68
32,20,68,17
32,20,17,16
32,20,16,20
32,21,32,33
32,21,33,72
32,21,72,68
32,21,68,17
32,21,17,21
32,22,32,33
32,22,33,72
32,22,72,68
32,22,68,17
32,22,17,21
32,22,21,22
32,23,32,33
32,23,33,72
32,23,72,68
32,23,68,17
32,23,17,21
32,23,21,22
32,23,22,23
32,24,32,33
32,24,33,72
32,24,72,68
32,24,68,17
32,24,17,16
32,24,16,20
32,24,20,24
32,25,32,33
32,25,33,72
32,25,72,68
32,25,68,17
32,25,17,21
32,25,21,25
32,26,32,33
32,26,33,72
32,26,72,68
32,26,68,17
32,26,17,21
32,26,21,22
32,26,22,26
32,27,32,33
32,27,33,72
32,27,72,68
32,27,68,17
32,27,17,21
32,27,21,22
32,27,22,23
32,27,23,27
32,28,32,33
32,28,33,72
32,28,72,68
32,28,68,17
32,28,17,16
32,28,16,20
32,28,20,24
32,28,24,28
32,29,32,33
32,29,33,72
32,29,72,68
32,29,68,17
32,29,17,21
32,29,21,25
32,29,25,29
32,30,32,33
32,30,33,72
32,30,72,68
32,30,68,17
32,30,17,21
32,30,21,22
32,30,22,26
32,30,26,30
32,31,32,33
32,31,33,72
32,31,72,68
32,31,68,17
32,31,17,21
32,31,21,22
32,31,22,23
32,31,23,27
32,31,27,31
32,33,32,33
32,34,32,33
32,34,33,34
32,35,32,33
32,35,33,34
32,35,34,35
32,36,32,36
32,37,32,33
32,37,33,37
32,38,32,33
32,38,33,34
32,38,34,38
32,39,32,33
32,39,33,34
32,39,34,35
32,39,35,39
32,40,32,36
32,40,36,40
32,41,32,33
32,41,33,37
32,41,37,41
32,42,32,33
32,42,33,34
32,42,34,38
32,42,38,42
32,43,32,33
32,43,33,34
32,43,34,35
32,43,35,39
32,43,39,43
32,44,32,36
32,44,36,40
32,44,40,44
32,45,32,33
32,45,33,37
32,45,37,41
32,45,41,45
32,46,32,33
32,46,33,34
32,46,34,38
32,46,38,42
32,46,42,46
32,47,32,33
32,47,33,34
32,47,34,35
32,47,35,39
32,47,39,43
32,47,43,47
32,48,32,33
32,48,33,72
32,48,72,76
32,48,76,49
32,48,49,48
32,49,32,33
32,49,33,72
32,49,72,76
32,49,76,49
32,50,32,33
32,50,33,72
32,50,72,76
32,50,76,49
32,50,49,53
32,50,53,54
32,50,54,50
32,51,32,33
32,51,33,72
32,51,72,76
32,51,76,49
32,51,49,53
32,51,53,54
32,51,54,55
32,51,55,51
32,52,32,33
32,52,33,72
32,52,72,76
32,52,76,49
32,52,49,48
32,52,48,52
32,53,32,33
32,53,33,72
32,53,72,76
32,53,76,49
32,53,49,53
32,54,32,33
32,54,33,72
32,54,72,76
32,54,76,49
32,54,49,53
32,54,53,54
32,55,32,33
32,55,33,72
32,55,72,76
32,55,76,49
32,55,49,53
32,55,53,54
32,55,54,55
32,56,32,33
32,56,33,72
32,56,72,76
32,56,76,49
32,56,49,48
32,56,48,52
32,56,52,56
32,57,32,33
32,57,33,72
32,57,72,76
32,57,76,49
32,57,49,53
32,57,53,57
32,58,32,33
32,58,33,72
32,58,72,76
32,58,76,49
32,58,49,53
32,58,53,54
32,58,54,58
32,59,32,33
32,59,33,72
32,59,72,76
32,59,76,49
32,59,49,53
32,59,53,54
32,59,54,55
32,59,55,59
32,60,32,33
32,60,33,72
32,60,72,76
32,60,76,49
32,60,49,48
32,60,48,52
32,60,52,56
32,60,56,60
32,61,32,33
32,61,33,72
32,61,72,76
32,61,76,49
32,61,49,53
32,61,53,57
32,61,57,61
32,62,32,33
32,62,33,72
32,62,72,76
32,62,76,49
32,62,49,53
32,62,53,54
32,62,54,58
32,62,58,62
32,63,32,33
32,63,33,72
32,63,72,76
32,63,76,49
32,63,49,53
32,63,53,54
32,63,54,55
32,63,55,59
32,63,59,63
33,0,33,34
33,0,34,35
33,0,35,73
33,0,73,69
33,0,69,65
33,0,65,3
33,0,3,2
33,0,2,1
33,0,1,0
33,1,33,34
33,1,34,35
33,1,35,73
33,1,73,69
33,1,69,65
33,1,65,3
33,1,3,2
33,1,2,1
33,2,33,34
33,2,34,35
33,2,35,73
33,2,73,69
33,2,69,65
33,2,65,3
33,2,3,2
33,3,33,34
33,3,34,35
33,3,35,73
33,3,73,69
33,3,69,65
33,3,65,3
33,4,33,34
33,4,34,35
33,4,35,73
33,4,73,69
33,4,69,65
33,4,65,3
33,4,3,2
33,4,2,1
33,4,1,0
33,4,0,4
33,5,33,34
33,5,34,35
33,5,35,73
33,5,73,69
33,5,69,65
33,5,65,3
33,5,3,2
33,5,2,1
33,5,1,5
33,6,33,34
33,6,34,35
33,6,35,73
33,6,73,69
33,6,69,65
33,6,65,3
33,6,3,2
33,6,2,6
33,7,33,34
33,7,34,35
33,7,35,73
33,7,73,69
33,7,69,65
33,7,65,3
33,7,3,7
33,8,33,34
33,8,34,35
33,8,35,73
33,8,73,69
33,8,69,65
33,8,65,3
33,8,3,2
33,8,2,1
33,8,1,0
33,8,0,4
33,8,4,8
33,9,33,34
33,9,34,35
33,9,35,73
33,9,73,69
33,9,69,65
33,9,65,3
33,9,3,2
33,9,2,1
33,9,1,5
33,9,5,9
33,10,33,34
33,10,34,35
33,10,35,73
33,10,73,69
33,10,69,65
33,10,65,3
33,10,3,2
33,10,2,6
33,10,6,10
33,11,33,34
33,11,34,35
33,11,35,73
33,11,73,69
33,11,69,65
33,11,65,3
33,11,3,7
33,11,7,11
33,12,33,34
33,12,34,35
33,12,35,73
33,12,73,69
33,12,69,65
33,12,65,3
33,12,3,2
33,12,2,1
33,12,1,0
33,12,0,4
33,12,4,8
33,12,8,12
33,13,33,34
33,13,34,35
33,13,35,73
33,13,73,69
33,13,69,65
33,13,65,3
33,13,3,2
33,13,2,1
33,13,1,5
33,13,5,9
33,13,9,13
33,14,33,34
33,14,34,35
33,14,35,73
33,14,73,69
33,14,69,65
33,14,65,3
33,14,3,2
33,14,2,6
33,14,6,10
33,14,10,14
33,15,33,34
33,15,34,35
33,15,35,73
33,15,73,69
33,15,69,65
33,15,65,3
33,15,3,7
33,15,7,11
33,15,11,15
33,16,33,34
33,16,34,35
33,16,35,73
33,16,73,69
33,16,69,19
33,16,19,18
33,16,18,17
33,16,17,16
33,17,33,34
33,17,34,35
33,17,35,73
33,17,73,69
33,17,69,19
33,17,19,18
33,17,18,17
33,18,33,34
33,18,34,35
33,18,35,73
33,18,73,69
33,18,69,19
33,18,19,18
33,19,33,34
33,19,34,35
33,19,35,73
33,19,73,69
33,19,69,19
33,20,33,34
33,20,34,35
33,20,35,73
33,20,73,69
33,20,69,19
33,20,19,18
33,20,18,17
33,20,17,16
33,20,16,20
33,21,33,34
33,21,34,35
33,21,35,73
33,21,73,69
33,21,69,19
33,21,19,18
33,21,18,17
33,21,17,21
33,22,33,34
33,22,34,35
33,22,35,73
33,22,73,69
33,22,69,19
33,22,19,18
33,22,18,22
33,23,33,34
33,23,34,35
33,23,35,73
33,23,73,69
33,23,69,19
33,23,19,23
33,24,33,34
33,24,34,35
33,24,35,73
33,24,73,69
33,24,69,19
33,24,19,18
33,24,18,17
33,24,17,16
33,24,16,20
33,24,20,24
33,25,33,34
33,25,34,35
33,25,35,73
33,25,73,69
33,25,69,19
33,25,19,18
33,25,18,17
33,25,17,21
33,25,21,25
33,26,33,34
33,26,34,35
33,26,35,73
33,26,73,69
33,26,69,19
33,26,19,18
33,26,18,22
33,26,22,26
33,27,33,34
33,27,34,35
33,27,35,73
33,27,73,69
33,27,69,19
33,27,19,23
33,27,23,27
33,28,33,34
33,28,34,35
33,28,35,73
33,28,73,69
33,28,69,19
33,28,19,18
33,28,18,17
33,28,17,16
33,28,16,20
33,28,20,24
33,28,24,28
33,29,33,34
33,29,34,35
33,29,35,73
33,29,73,69
33,29,69,19
33,29,19,18
33,29,18,17
33,29,17,21
33,29,21,25
33,29,25,29
33,30,33,34
33,30,34,35
33,30,35,73
33,30,73,69
33,30,69,19
33,30,19,18
33,30,18,22
33,30,22,26
33,30,26,30
33,31,33,34
33,31,34,35
33,31,35,73
33,31,73,69
33,31,69,19
33,31,19,23
33,31,23,27
33,31,27,31
33,32,33,32
33,34,33,34
33,35,33,34
33,35,34,35
33,36,33,32
33,36,32,36
33,37,33,37
33,38,33,34
33,38,34,38
33,39,33,34
33,39,34,35
33,39,35,39
33,40,33,32
33,40,32,36
33,40,36,40
33,41,33,37
33,41,37,41
33,42,33,34
33,42,34,38
33,42,38,42
33,43,33,34
33,43,34,35
33,43,35,39
33,43,39,43
33,44,33,32
33,44,32,36
33,44,36,40
33,44,40,44
33,45,33,37
33,45,37,41
33,45,41,45
33,46,33,34
33,46,34,38
33,46,38,42
33,46,42,46
33,47,33,34
33,47,34,35
33,47,35,39
33,47,39,43
33,47,43,47
33,48,33,34
33,48,34,35
33,48,35,73
33,48,73,77
33,48,77,51
33,48,51,50
33,48,50,49
33,48,49,48
33,49,33,34
33,49,34,35
33,49,35,73
33,49,73,77
33,49,77,51
33,49,51,50
33,49,50,49
33,50,33,34
33,50,34,35
33,50,35,73
33,50,73,77
33,50,77,51
33,50,51,50
33,51,33,34
33,51,34,35
33,51,35,73
33,51,73,77
33,51,77,51
33,52,33,34
33,52,34,35
33,52,35,73
33,52,73,77
33,52,77,51
33,52,51,50
33,52,50,49
33,52,49,48
33,52,48,52
33,53,33,34
33,53,34,35
33,53,35,73
33,53,73,77
33,53,77,51
33,53,51,50
33,53,50,49
33,53,49,53
33,54,33,34
33,54,34,35
33,54,35,73
33,54,73,77
33,54,77,51
33,54,51,50
33,54,50,54
33,55,33,34
33,55,34,35
33,55,35,73
33,55,73,77
33,55,77,51
33,55,51,55
33,56,33,34
33,56,34,35
33,56,35,73
33,56,73,77
33,56,77,51
33,56,51,50
33,56,50,49
33,56,49,48
33,56,48,52
33,56,52,56
33,57,33,34
33,57,34,35
33,57,35,73
33,57,73,77
33,57,77,51
33,57,51,50
33,57,50,49
33,57,49,53
33,57,53,57
33,58,33,34
33,58,34,35
33,58,35,73
33,58,73,77
33,58,77,51
33,58,51,50
33,58,50,54
33,58,54,58
33,59,33,34
33,59,34,35
33,59,35,73
33,59,73,77
33,59,77,51
33,59,51,55
33,59,55,59
33,60,33,34
33,60,34,35
33,60,35,73
33,60,73,77
33,60,77,51
33,60,51,50
33,60,50,49
33,60,49,48
33,60,48,52
33,60,52,56
33,60,56,60
33,61,33,34
33,61,34,35
33,61,35,73
33,61,73,77
33,61,77,51
33,61,51,50
33,61,50,49
33,61,49,53
33,61,53,57
33,61,57,61
33,62,33,34
33,62,34,35
33,62,35,73
33,62,73,77
33,62,77,51
33,62,51,50
33,62,50,54
33,62,54,58
33,62,58,62
33,63,33,34
33,63,34,35
33,63,35,73
33,63,73,77
33,63,77,51
33,63,51,55
33,63,55,59
33,63,59,63
34,0,34,33
34,0,33,72
34,0,72,68
34,0,68,64
34,0,64,1
34,0,1,0
34,1,34,33
34,1,33,72
34,1,72,68
34,1,68,64
34,1,64,1
34,2,34,33
34,2,33,72
34,2,72,68
34,2,68,64
34,2,64,1
34,2,1,5
34,2,5,6
34,2,6,2
34,3,34,33
34,3,33,72
34,3,72,68
34,3,68,64
34,3,64,1
34,3,1,5
34,3,5,6
34,3,6,7
34,3,7,3
34,4,34,33
34,4,33,72
34,4,72,68
34,4,68,64
34,4,64,1
34,4,1,0
34,4,0,4
34,5,34,33
34,5,33,72
34,5,72,68
34,5,68,64
34,5,64,1
34,5,1,5
34,6,34,33
34,6,33,72
34,6,72,68
34,6,68,64
34,6,64,1
34,6,1,5
34,6,5,6
34,7,34,33
34,7,33,72
34,7,72,68
34,7,68,64
34,7,64,1
34,7,1,5
34,7,5,6
34,7,6,7
34,8,34,33
34,8,33,72
34,8,72,68
34,8,68,64
34,8,64,1
34,8,1,0
34,8,0,4
34,8,4,8
34,9,34,33
34,9,33,72
34,9,72,68
34,9,68,64
34,9,64,1
34,9,1,5
34,9,5,9
34,10,34,33
34,10,33,72
34,10,72,68
34,10,68,64
34,10,64,1
34,10,1,5
34,10,5,6
34,10,6,10
34,11,34,33
34,11,33,72
34,11,72,68
34,11,68,64
34,11,64,1
34,11,1,5
34,11,5,6
34,11,6,7
34,11,7,11
34,12,34,33
34,12,33,72
34,12,72,68
34,12,68,64
34,12,64,1
34,12,1,0
34,12,0,4
34,12,4,8
34,12,8,12
34,13,34,33
34,13,33,72
34,13,72,68
34,13,68,64
34,13,64,1
34,13,1,5
34,13,5,9
34,13,9,13
34,14,34,33
34,14,33,72
34,14,72,68
34,14,68,64
34,14,64,1
34,14,1,5
34,14,5,6
34,14,6,10
34,14,10,14
34,15,34,33
34,15,33,72
34,15,72,68
34,15,68,64
34,15,64,1
34,15,1,5
34,15,5,6
34,15,6,7
34,15,7,11
34,15,11,15
34,16,34,33
34,16,33,72
34,16,72,68
34,16,68,17
34,16,17,16
34,17,34,33
34,17,33,72
34,17,72,68
34,17,68,17
34,18,34,33
34,18,33,72
34,18,72,68
34,18,68,17
34,18,17,21
34,18,21,22
34,18,22,18
34,19,34,33
34,19,33,72
34,19,72,68
34,19,68,17
34,19,17,21
34,19,21,22
34,19,22,23
34,19,23,19
34,20,34,33
34,20,33,72
34,20,72,68
34,20,68,17
34,20,17,16
34,20,16,20
34,21,34,33
34,21,33,72
34,21,72,68
34,21,68,17
34,21,17,21
34,22,34,33
34,22,33,72
34,22,72,68
34,22,68,17
34,22,17,21
34,22,21,22
34,23,34,33
34,23,33,72
34,23,72,68
34,23,68,17
34,23,17,21
34,23,21,22
34,23,22,23
34,24,34,33
34,24,33,72
34,24,72,68
34,24,68,17
34,24,17,16
34,24,16,20
34,24,20,24
34,25,34,33
34,25,33,72
34,25,72,68
34,25,68,17
34,25,17,21
34,25,21,25
34,26,34,33
34,26,33,72
34,26,72,68
34,26,68,17
34,26,17,21
34,26,21,22
34,26,22,26
34,27,34,33
34,27,33,72
34,27,72,68
34,27,68,17
34,27,17,21
34,27,21,22
34,27,22,23
34,27,23,27
34,28,34,33
34,28,33,72
34,28,72,68
34,28,68,17
34,28,17,16
34,28,16,20
34,28,20,24
34,28,24,28
34,29,34,33
34,29,33,72
34,29,72,68
34,29,68,17
34,29,17,21
34,29,21,25
34,29,25,29
34,30,34,33
34,30,33,72
34,30,72,68
34,30,68,17
34,30,17,21
34,30,21,22
34,30,22,26
34,30,26,30
34,31,34,33
34,31,33,72
34,31,72,68
34,31,68,17
34,31,17,21
34,31,21,22
34,31,22,23
34,31,23,27
34,31,27,31
34,32,34,33
34,32,33,32
34,33,34,33
34,35,34,35
34,36,34,33
34,36,33,32
34,36,32,36
34,37,34,33
34,37,33,37
34,38,34,38
34,39,34,35
34,39,35,39
34,40,34,33
34,40,33,32
34,40,32,36
34,40,36,40
34,41,34,33
34,41,33,37
34,41,37,41
34,42,34,38
34,42,38,42
34,43,34,35
34,43,35,39
34,43,39,43
34,44,34,33
34,44,33,32
34,44,32,36
34,44,36,40
34,44,40,44
34,45,34,33
34,45,33,37
34,45,37,41
34,45,41,45
34,46,34,38
34,46,38,42
34,46,42,46
34,47,34,35
34,47,35,39
34,47,39,43
34,47,43,47
34,48,34,33
34,48,33,72
34,48,72,76
34,48,76,49
34,48,49,48
34,49,34,33
34,49,33,72
34,49,72,76
34,49,76,49
34,50,34,33
34,50,33,72
34,50,72,76
34,50,76,49
34,50,49,53
34,50,53,54
34,50,54,50
34,51,34,33
34,51,33,72
34,51,72,76
34,51,76,49
34,51,49,53
34,51,53,54
34,51,54,55
34,51,55,51
34,52,34,33
34,52,33,72
34,52,72,76
34,52,76,49
34,52,49,48
34,52,48,52
34,53,34,33
34,53,33,72
34,53,72,76
34,53,76,49
34,53,49,53
34,54,34,33
34,54,33,72
34,54,72,76
34,54,76,49
34,54,49,53
34,54,53,54
34,55,34,33
34,55,33,72
34,55,72,76
34,55,76,49
34,55,49,53
34,55,53,54
34,55,54,55
34,56,34,33
34,56,33,72
34,56,72,76
34,56,76,49
34,56,49,48
34,56,48,52
34,56,52,56
34,57,34,33
34,57,33,72
34,57,72,76
34,57,76,49
34,57,49,53
34,57,53,57
34,58,34,33
34,58,33,72
34,58,72,76
34,58,76,49
34,58,49,53
34,58,53,54
34,58,54,58
34,59,34,33
34,59,33,72
34,59,72,76
34,59,76,49
34,59,49,53
34,59,53,54
34,59,54,55
34,59,55,59
34,60,34,33
34,60,33,72
34,60,72,76
34,60,76,49
34,60,49,48
34,60,48,52
34,60,52,56
34,60,56,60
34,61,34,33
34,61,33,72
34,61,72,76
34,61,76,49
34,61,49,53
34,61,53,57
34,61,57,61
34,62,34,33
34,62,33,72
34,62,72,76
34,62,76,49
34,62,49,53
34,62,53,54
34,62,54,58
34,62,58,62
34,63,34,33
34,63,33,72
34,63,72,76
34,63,76,49
34,63,49,53
34,63,53,54
34,63,54,55
34,63,55,59
34,63,59,63
35,0,35,34
35,0,34,33
35,0,33,72
35,0,72,68
35,0,68,64
35,0,64,1
35,0,1,0
35,1,35,34
35,1,34,33
35,1,33,72
35,1,72,68
35,1,68,64
35,1,64,1
35,2,35,34
35,2,34,33
35,2,33,72
35,2,72,68
35,2,68,64
35,2,64,1
35,2,1,5
35,2,5,6
35,2,6,2
35,3,35,34
35,3,34,33
35,3,33,72
35,3,72,68
35,3,68,64
35,3,64,1
35,3,1,5
35,3,5,6
35,3,6,7
35,3,7,3
35,4,35,34
35,4,34,33
35,4,33,72
35,4,72,68
35,4,68,64
35,4,64,1
35,4,1,0
35,4,0,4
35,5,35,34
35,5,34,33
35,5,33,72
35,5,72,68
35,5,68,64
35,5,64,1
35,5,1,5
35,6,35,34
35,6,34,33
35,6,33,72
35,6,72,68
35,6,68,64
35,6,64,1
35,6,1,5
35,6,5,6
35,7,35,34
35,7,34,33
35,7,33,72
35,7,72,68
35,7,68,64
35,7,64,1
35,7,1,5
35,7,5,6
35,7,6,7
35,8,35,34
35,8,34,33
35,8,33,72
35,8,72,68
35,8,68,64
35,8,64,1
35,8,1,0
35,8,0,4
35,8,4,8
35,9,35,34
35,9,34,33
35,9,33,72
35,9,72,68
35,9,68,64
35,9,64,1
35,9,1,5
35,9,5,9
35,10,35,34
35,10,34,33
35,10,33,72
35,10,72,68
35,10,68,64
35,10,64,1
35,10,1,5
35,10,5,6
35,10,6,10
35,11,35,34
35,11,34,33
35,11,33,72
35,11,72,68
35,11,68,64
35,11,64,1
35,11,1,5
35,11,5,6
35,11,6,7
35,11,7,11
35,12,35,34
35,12,34,33
35,12,33,72
35,12,72,68
35,12,68,64
35,12,64,1
35,12,1,0
35,12,0,4
35,12,4,8
35,12,8,12
35,13,35,34
35,13,34,33
35,13,33,72
35,13,72,68
35,13,68,64
35,13,64,1
35,13,1,5
35,13,5,9
35,13,9,13
35,14,35,34
35,14,34,33
35,14,33,72
35,14,72,68
35,14,68,64
35,14,64,1
35,14,1,5
35,14,5,6
35,14,6,10
35,14,10,14
35,15,35,34
35,15,34,33
35,15,33,72
35,15,72,68
35,15,68,64
35,15,64,1
35,15,1,5
35,15,5,6
35,15,6,7
35,15,7,11
35,15,11,15
35,16,35,34
35,16,34,33
35,16,33,72
35,16,72,68
35,16,68,17
35,16,17,16
35,17,35,34
35,17,34,33
35,17,33,72
35,17,72,68
35,17,68,17
35,18,35,34
35,18,34,33
35,18,33,72
35,18,72,68
35,18,68,17
35,18,17,21
35,18,21,22
35,18,22,18
35,19,35,34
35,19,34,33
35,19,33,72
35,19,72,68
35,19,68,17
35,19,17,21
35,19,21,22
35,19,22,23
35,19,23,19
35,20,35,34
35,20,34,33
35,20,33,72
35,20,72,68
35,20,68,17
35,20,17,16
35,20,16,20
35,21,35,34
35,21,34,33
35,21,33,72
35,21,72,68
35,21,68,17
35,21,17,21
35,22,35,34
35,22,34,33
35,22,33,72
35,22,72,68
35,22,68,17
35,22,17,21
35,22,21,22
35,23,35,34
35,23,34,33
35,23,33,72
35,23,72,68
35,23,68,17
35,23,17,21
35,23,21,22
35,23,22,23
35,24,35,34
35,24,34,33
35,24,33,72
35,24,72,68
35,24,68,17
35,24,17,16
35,24,16,20
35,24,20,24
35,25,35,34
35,25,34,33
35,25,33,72
35,25,72,68
35,25,68,17
35,25,17,21
35,25,21,25
35,26,35,34
35,26,34,33
35,26,33,72
35,26,72,68
35,26,68,17
35,26,17,21
35,26,21,22
35,26,22,26
35,27,35,34
35,27,34,33
35,27,33,72
35,27,72,68
35,27,68,17
35,27,17,21
35,27,21,22
35,27,22,23
35,27,23,27
35,28,35,34
35,28,34,33
35,28,33,72
35,28,72,68
35,28,68,17
35,28,17,16
35,28,16,20
35,28,20,24
35,28,24,28
35,29,35,34
35,29,34,33
35,29,33,72
35,29,72,68
35,29,68,17
35,29,17,21
35,29,21,25
35,29,25,29
35,30,35,34
35,30,34,33
35,30,33,72
35,30,72,68
35,30,68,17
35,30,17,21
35,30,21,22
35,30,22,26
35,30,26,30
35,31,35,34
35,31,34,33
35,31,33,72
35,31,72,68
35,31,68,17
35,31,17,21
35,31,21,22
35,31,22,23
35,31,23,27
35,31,27,31
35,32,35,34
35,32,34,33
35,32,33,32
35,33,35,34
35,33,34,33
35,34,35,34
35,36,35,34
35,36,34,33
35,36,33,32
35,36,32,36
35,37,35,34
35,37,34,33
35,37,33,37
35,38,35,34
35,38,34,38
35,39,35,39
35,40,35,34
35,40,34,33
35,40,33,32
35,40,32,36
35,40,36,40
35,41,35,34
35,41,34,33
35,41,33,37
35,41,37,41
35,42,35,34
35,42,34,38
35,42,38,42
35,43,35,39
35,43,39,43
35,44,35,34
35,44,34,33
35,44,33,32
35,44,32,36
35,44,36,40
35,44,40,44
35,45,35,34
35,45,34,33
35,45,33,37
35,45,37,41
35,45,41,45
35,46,35,34
35,46,34,38
35,46,38,42
35,46,42,46
35,47,35,39
35,47,39,43
35,47,43,47
35,48,35,34
35,48,34,33
35,48,33,72
35,48,72,76
35,48,76,49
35,48,49,48
35,49,35,34
35,49,34,33
35,49,33,72
35,49,72,76
35,49,76,49
35,50,35,34
35,50,34,33
35,50,33,72
35,50,72,76
35,50,76,49
35,50,49,53
35,50,53,54
35,50,54,50
35,51,35,34
35,51,34,33
35,51,33,72
35,51,72,76
35,51,76,49
35,51,49,53
35,51,53,54
35,51,54,55
35,51,55,51
35,52,35,34
35,52,34,33
35,52,33,72
35,52,72,76
35,52,76,49
35,52,49,48
35,52,48,52
35,53,35,34
35,53,34,33
35,53,33,72
35,53,72,76
35,53,76,49
35,53,49,53
35,54,35,34
35,54,34,33
35,54,33,72
35,54,72,76
35,54,76,49
35,54,49,53
35,54,53,54
35,55,35,34
35,55,34,33
35,55,33,72
35,55,72,76
35,55,76,49
35,55,49,53
35,55,53,54
35,55,54,55
35,56,35,34
35,56,34,33
35,56,33,72
35,56,72,76
35,56,76,49
35,56,49,48
35,56,48,52
35,56,52,56
35,57,35,34
35,57,34,33
35,57,33,72
35,57,72,76
35,57,76,49
35,57,49,53
35,57,53,57
35,58,35,34
35,58,34,33
35,58,33,72
35,58,72,76
35,58,76,49
35,58,49,53
35,58,53,54
35,58,54,58
35,59,35,34
35,59,34,33
35,59,33,72
35,59,72,76
35,59,76,49
35,59,49,53
35,59,53,54
35,59,54,55
35,59,55,59
35,60,35,34
35,60,34,33
35,60,33,72
35,60,72,76
35,60,76,49
35,60,49,48
35,60,48,52
35,60,52,56
35,60,56,60
35,61,35,34
35,61,34,33
35,61,33,72
35,61,72,76
35,61,76,49
35,61,49,53
35,61,53,57
35,61,57,61
35,62,35,34
35,62,34,33
35,62,33,72
35,62,72,76
35,62,76,49
35,62,49,53
35,62,53,54
35,62,54,58
35,62,58,62
35,63,35,34
35,63,34,33
35,63,33,72
35,63,72,76
35,63,76,49
35,63,49,53
35,63,53,54
35,63,54,55
35,63,55,59
35,63,59,63
36,0,36,37
36,0,37,33
36,0,33,72
36,0,72,68
36,0,68,64
36,0,64,1
36,0,1,0
36,1,36,37
36,1,37,33
36,1,33,72
36,1,72,68
36,1,68,64
36,1,64,1
36,2,36,37
36,2,37,33
36,2,33,72
36,2,72,68
36,2,68,64
36,2,64,1
36,2,1,5
36,2,5,6
36,2,6,2
36,3,36,37
36,3,37,33
36,3,33,72
36,3,72,68
36,3,68,64
36,3,64,1
36,3,1,5
36,3,5,6
36,3,6,7
36,3,7,3
36,4,36,37
36,4,37,33
36,4,33,72
36,4,72,68
36,4,68,64
36,4,64,1
36,4,1,0
36,4,0,4
36,5,36,37
36,5,37,33
36,5,33,72
36,5,72,68
36,5,68,64
36,5,64,1
36,5,1,5
36,6,36,37
36,6,37,33
36,6,33,72
36,6,72,68
36,6,68,64
36,6,64,1
36,6,1,5
36,6,5,6
36,7,36,37
36,7,37,33
36,7,33,72
36,7,72,68
36,7,68,64
36,7,64,1
36,7,1,5
36,7,5,6
36,7,6,7
36,8,36,37
36,8,37,33
36,8,33,72
36,8,72,68
36,8,68,64
36,8,64,1
36,8,1,0
36,8,0,4
36,8,4,8
36,9,36,37
36,9,37,33
36,9,33,72
36,9,72,68
36,9,68,64
36,9,64,1
36,9,1,5
36,9,5,9
36,10,36,37
36,10,37,33
36,10,33,72
36,10,72,68
36,10,68,64
36,10,64,1
36,10,1,5
36,10,5,6
36,10,6,10
36,11,36,37
36,11,37,33
36,11,33,72
36,11,72,68
36,11,68,64
36,11,64,1
36,11,1,5
36,11,5,6
36,11,6,7
36,11,7,11
36,12,36,37
36,12,37,33
36,12,33,72
36,12,72,68
36,12,68,64
36,12,64,1
36,12,1,0
36,12,0,4
36,12,4,8
36,12,8,12
36,13,36,37
36,13,37,33
36,13,33,72
36,13,72,68
36,13,68,64
36,13,64,1
36,13,1,5
36,13,5,9
36,13,9,13
36,14,36,37
36,14,37,33
36,14,33,72
36,14,72,68
36,14,68,64
36,14,64,1
36,14,1,5
36,14,5,6
36,14,6,10
36,14,10,14
36,15,36,37
36,15,37,33
36,15,33,72
36,15,72,68
36,15,68,64
36,15,64,1
36,15,1,5
36,15,5,6
36,15,6,7
36,15,7,11
36,15,11,15
36,16,36,37
36,16,37,33
36,16,33,72
36,16,72,68
36,16,68,17
36,16,17,16
36,17,36,37
36,17,37,33
36,17,33,72
36,17,72,68
36,17,68,17
36,18,36,37
36,18,37,33
36,18,33,72
36,18,72,68
36,18,68,17
36,18,17,21
36,18,21,22
36,18,22,18
36,19,36,37
36,19,37,33
36,19,33,72
36,19,72,68
36,19,68,17
36,19,17,21
36,19,21,22
36,19,22,23
36,19,23,19
36,20,36,37
36,20,37,33
36,20,33,72
36,20,72,68
36,20,68,17
36,20,17,16
36,20,16,20
36,21,36,37
36,21,37,33
36,21,33,72
36,21,72,68
36,21,68,17
36,21,17,21
36,22,36,37
36,22,37,33
36,22,33,72
36,22,72,68
36,22,68,17
36,22,17,21
36,22,21,22
36,23,36,37
36,23,37,33
36,23,33,72
36,23,72,68
36,23,68,17
36,23,17,21
36,23,21,22
36,23,22,23
36,24,36,37
36,24,37,33
36,24,33,72
36,24,72,68
36,24,68,17
36,24,17,16
36,24,16,20
36,24,20,24
36,25,36,37
36,25,37,33
36,25,33,72
36,25,72,68
36,25,68,17
36,25,17,21
36,25,21,25
36,26,36,37
36,26,37,33
36,26,33,72
36,26,72,68
36,26,68,17
36,26,17,21
36,26,21,22
36,26,22,26
36,27,36,37
36,27,37,33
36,27,33,72
36,27,72,68
36,27,68,17
36,27,17,21
36,27,21,22
36,27,22,23
36,27,23,27
36,28,36,37
36,28,37,33
36,28,33,72
36,28,72,68
36,28,68,17
36,28,17,16
36,28,16,20
36,28,20,24
36,28,24,28
36,29,36,37
36,29,37,33
36,29,33,72
36,29,72,68
36,29,68,17
36,29,17,21
36,29,21,25
36,29,25,29
36,30,36,37
36,30,37,33
36,30,33,72
36,30,72,68
36,30,68,17
36,30,17,21
36,30,21,22
36,30,22,26
36,30,26,30
36,31,36,37
36,31,37,33
36,31,33,72
36,31,72,68
36,31,68,17
36,31,17,21
36,31,21,22
36,31,22,23
36,31,23,27
36,31,27,31
36,32,36,32
36,33,36,37
36,33,37,33
36,34,36,37
36,34,37,38
36,34,38,34
36,35,36,37
36,35,37,38
36,35,38,39
36,35,39,35
36,37,36,37
36,38,36,37
36,38,37,38
36,39,36,37
36,39,37,38
36,39,38,39
36,40,36,40
36,41,36,37
36,41,37,41
36,42,36,37
36,42,37,38
36,42,38,42
36,43,36,37
36,43,37,38
36,43,38,39
36,43,39,43
36,44,36,40
36,44,40,44
36,45,36,37
36,45,37,41
36,45,41,45
36,46,36,37
36,46,37,38
36,46,38,42
36,46,42,46
36,47,36,37
36,47,37,38
36,47,38,39
36,47,39,43
36,47,43,47
36,48,36,37
36,48,37,33
36,48,33,72
36,48,72,76
36,48,76,49
36,48,49,48
36,49,36,37
36,49,37,33
36,49,33,72
36,49,72,76
36,49,76,49
36,50,36,37
36,50,37,33
36,50,33,72
36,50,72,76
36,50,76,49
36,50,49,53
36,50,53,54
36,50,54,50
36,51,36,37
36,51,37,33
36,51,33,72
36,51,72,76
36,51,76,49
36,51,49,53
36,51,53,54
36,51,54,55
36,51,55,51
36,52,36,37
36,52,37,33
36,52,33,72
36,52,72,76
36,52,76,49
36,52,49,48
36,52,48,52
36,53,36,37
36,53,37,33
36,53,33,72
36,53,72,76
36,53,76,49
36,53,49,53
36,54,36,37
36,54,37,33
36,54,33,72
36,54,72,76
36,54,76,49
36,54,49,53
36,54,53,54
36,55,36,37
36,55,37,33
36,55,33,72
36,55,72,76
36,55,76,49
36,55,49,53
36,55,53,54
36,55,54,55
36,56,36,37
36,56,37,33
36,56,33,72
36,56,72,76
36,56,76,49
36,56,49,48
36,56,48,52
36,56,52,56
36,57,36,37
36,57,37,33
36,57,33,72
36,57,72,76
36,57,76,49
36,57,49,53
36,57,53,57
36,58,36,37
36,58,37,33
36,58,33,72
36,58,72,76
36,58,76,49
36,58,49,53
36,58,53,54
36,58,54,58
36,59,36,37
36,59,37,33
36,59,33,72
36,59,72,76
36,59,76,49
36,59,49,53
36,59,53,54
36,59,54,55
36,59,55,59
36,60,36,37
36,60,37,33
36,60,33,72
36,60,72,76
36,60,76,49
36,60,49,48
36,60,48,52
36,60,52,56
36,60,56,60
36,61,36,37
36,61,37,33
36,61,33,72
36,61,72,76
36,61,76,49
36,61,49,53
36,61,53,57
36,61,57,61
36,62,36,37
36,62,37,33
36,62,33,72
36,62,72,76
36,62,76,49
36,62,49,53
36,62,53,54
36,62,54,58
36,62,58,62
36,63,36,37
36,63,37,33
36,63,33,72
36,63,72,76
36,63,76,49
36,63,49,53
36,63,53,54
36,63,54,55
36,63,55,59
36,63,59,63
37,0,37,33
37,0,33,72
37,0,72,68
37,0,68,64
37,0,64,1
37,0,1,0
37,1,37,33
37,1,33,72
37,1,72,68
37,1,68,64
37,1,64,1
37,2,37,33
37,2,33,72
37,2,72,68
37,2,68,64
37,2,64,1
37,2,1,5
37,2,5,6
37,2,6,2
37,3,37,33
37,3,33,72
37,3,72,68
37,3,68,64
37,3,64,1
37,3,1,5
37,3,5,6
37,3,6,7
37,3,7,3
37,4,37,33
37,4,33,72
37,4,72,68
37,4,68,64
37,4,64,1
37,4,1,0
37,4,0,4
37,5,37,33
37,5,33,72
37,5,72,68
37,5,68,64
37,5,64,1
37,5,1,5
37,6,37,33
37,6,33,72
37,6,72,68
37,6,68,64
37,6,64,1
37,6,1,5
37,6,5,6
37,7,37,33
37,7,33,72
37,7,72,68
37,7,68,64
37,7,64,1
37,7,1,5
37,7,5,6
37,7,6,7
37,8,37,33
37,8,33,72
37,8,72,68
37,8,68,64
37,8,64,1
37,8,1,0
37,8,0,4
37,8,4,8
37,9,37,33
37,9,33,72
37,9,72,68
37,9,68,64
37,9,64,1
37,9,1,5
37,9,5,9
37,10,37,33
37,10,33,72
37,10,72,68
37,10,68,64
37,10,64,1
37,10,1,5
37,10,5,6
37,10,6,10
37,11,37,33
37,11,33,72
37,11,72,68
37,11,68,64
37,11,64,1
37,11,1,5
37,11,5,6
37,11,6,7
37,11,7,11
37,12,37,33
37,12,33,72
37,12,72,68
37,12,68,64
37,12,64,1
37,12,1,0
37,12,0,4
37,12,4,8
37,12,8,12
37,13,37,33
37,13,33,72
37,13,72,68
37,13,68,64
37,13,64,1
37,13,1,5
37,13,5,9
37,13,9,13
37,14,37,33
37,14,33,72
37,14,72,68
37,14,68,64
37,14,64,1
37,14,1,5
37,14,5,6
37,14,6,10
37,14,10,14
37,15,37,33
37,15,33,72
37,15,72,68
37,15,68,64
37,15,64,1
37,15,1,5
37,15,5,6
37,15,6,7
37,15,7,11
37,15,11,15
37,16,37,33
37,16,33,72
37,16,72,68
37,16,68,17
37,16,17,16
37,17,37,33
37,17,33,72
37,17,72,68
37,17,68,17
37,18,37,33
37,18,33,72
37,18,72,68
37,18,68,17
37,18,17,21
37,18,21,22
37,18,22,18
37,19,37,33
37,19,33,72
37,19,72,68
37,19,68,17
37,19,17,21
37,19,21,22
37,19,22,23
37,19,23,19
37,20,37,33
37,20,33,72
37,20,72,68
37,20,68,17
37,20,17,16
37,20,16,20
37,21,37,33
37,21,33,72
37,21,72,68
37,21,68,17
37,21,17,21
37,22,37,33
37,22,33,72
37,22,72,68
37,22,68,17
37,22,17,21
37,22,21,22
37,23,37,33
37,23,33,72
37,23,72,68
37,23,68,17
37,23,17,21
37,23,21,22
37,23,22,23
37,24,37,33
37,24,33,72
37,24,72,68
37,24,68,17
37,24,17,16
37,24,16,20
37,24,20,24
37,25,37,33
37,25,33,72
37,25,72,68
37,25,68,17
37,25,17,21
37,25,21,25
37,26,37,33
37,26,33,72
37,26,72,68
37,26,68,17
37,26,17,21
37,26,21,22
37,26,22,26
37,27,37,33
37,27,33,72
37,27,72,68
37,27,68,17
37,27,17,21
37,27,21,22
37,27,22,23
37,27,23,27
37,28,37,33
37,28,33,72
37,28,72,68
37,28,68,17
37,28,17,16
37,28,16,20
37,28,20,24
37,28,24,28
37,29,37,33
37,29,33,72
37,29,72,68
37,29,68,17
37,29,17,21
37,29,21,25
37,29,25,29
37,30,37,33
37,30,33,72
37,30,72,68
37,30,68,17
37,30,17,21
37,30,21,22
37,30,22,26
37,30,26,30
37,31,37,33
37,31,33,72
37,31,72,68
37,31,68,17
37,31,17,21
37,31,21,22
37,31,22,23
37,31,23,27
37,31,27,31
37,32,37,36
37,32,36,32
37,33,37,33
37,34,37,38
37,34,38,34
37,35,37,38
37,35,38,39
37,35,39,35
37,36,37,36
37,38,37,38
37,39,37,38
37,39,38,39
37,40,37,36
37,40,36,40
37,41,37,41
37,42,37,38
37,42,38,42
37,43,37,38
37,43,38,39
37,43,39,43
37,44,37,36
37,44,36,40
37,44,40,44
37,45,37,41
37,45,41,45
37,46,37,38
37,46,38,42
37,46,42,46
37,47,37,38
37,47,38,39
37,47,39,43
37,47,43,47
37,48,37,33
37,48,33,72
37,48,72,76
37,48,76,49
37,48,49,48
37,49,37,33
37,49,33,72
37,49,72,76
37,49,76,49
37,50,37,33
37,50,33,72
37,50,72,76
37,50,76,49
37,50,49,53
37,50,53,54
37,50,54,50
37,51,37,33
37,51,33,72
37,51,72,76
37,51,76,49
37,51,49,53
37,51,53,54
37,51,54,55
37,51,55,51
37,52,37,33
37,52,33,72
37,52,72,76
37,52,76,49
37,52,49,48
37,52,48,52
37,53,37,33
37,53,33,72
37,53,72,76
37,53,76,49
37,53,49,53
37,54,37,33
37,54,33,72
37,54,72,76
37,54,76,49
37,54,49,53
37,54,53,54
37,55,37,33
37,55,33,72
37,55,72,76
37,55,76,49
37,55,49,53
37,55,53,54
37,55,54,55
37,56,37,33
37,56,33,72
37,56,72,76
37,56,76,49
37,56,49,48
37,56,48,52
37,56,52,56
37,57,37,33
37,57,33,72
37,57,72,76
37,57,76,49
37,57,49,53
37,57,53,57
37,58,37,33
37,58,33,72
37,58,72,76
37,58,76,49
37,58,49,53
37,58,53,54
37,58,54,58
37,59,37,33
37,59,33,72
37,59,72,76
37,59,76,49
37,59,49,53
37,59,53,54
37,59,54,55
37,59,55,59
37,60,37,33
37,60,33,72
37,60,72,76
37,60,76,49
37,60,49,48
37,60,48,52
37,60,52,56
37,60,56,60
37,61,37,33
37,61,33,72
37,61,72,76
37,61,76,49
37,61,49,53
37,61,53,57
37,61,57,61
37,62,37,33
37,62,33,72
37,62,72,76
37,62,76,49
37,62,49,53
37,62,53,54
37,62,54,58
37,62,58,62
37,63,37,33
37,63,33,72
37,63,72,76
37,63,76,49
37,63,49,53
37,63,53,54
37,63,54,55
37,63,55,59
37,63,59,63
38,0,38,37
38,0,37,33
38,0,33,72
38,0,72,68
38,0,68,64
38,0,64,1
38,0,1,0
38,1,38,37
38,1,37,33
38,1,33,72
38,1,72,68
38,1,68,64
38,1,64,1
38,2,38,37
38,2,37,33
38,2,33,72
38,2,72,68
38,2,68,64
38,2,64,1
38,2,1,5
38,2,5,6
38,2,6,2
38,3,38,37
38,3,37,33
38,3,33,72
38,3,72,68
38,3,68,64
38,3,64,1
38,3,1,5
38,3,5,6
38,3,6,7
38,3,7,3
38,4,38,37
38,4,37,33
38,4,33,72
38,4,72,68
38,4,68,64
38,4,64,1
38,4,1,0
38,4,0,4
38,5,38,37
38,5,37,33
38,5,33,72
38,5,72,68
38,5,68,64
38,5,64,1
38,5,1,5
38,6,38,37
38,6,37,33
38,6,33,72
38,6,72,68
38,6,68,64
38,6,64,1
38,6,1,5
38,6,5,6
38,7,38,37
38,7,37,33
38,7,33,72
38,7,72,68
38,7,68,64
38,7,64,1
38,7,1,5
38,7,5,6
38,7,6,7
38,8,38,37
38,8,37,33
38,8,33,72
38,8,72,68
38,8,68,64
38,8,64,1
38,8,1,0
38,8,0,4
38,8,4,8
38,9,38,37
38,9,37,33
38,9,33,72
38,9,72,68
38,9,68,64
38,9,64,1
38,9,1,5
38,9,5,9
38,10,38,37
38,10,37,33
38,10,33,72
38,10,72,68
38,10,68,64
38,10,64,1
38,10,1,5
38,10,5,6
38,10,6,10
38,11,38,37
38,11,37,33
38,11,33,72
38,11,72,68
38,11,68,64
38,11,64,1
38,11,1,5
38,11,5,6
38,11,6,7
38,11,7,11
38,12,38,37
38,12,37,33
38,12,33,72
38,12,72,68
38,12,68,64
38,12,64,1
38,12,1,0
38,12,0,4
38,12,4,8
38,12,8,12
38,13,38,37
38,13,37,33
38,13,33,72
38,13,72,68
38,13,68,64
38,13,64,1
38,13,1,5
38,13,5,9
38,13,9,13
38,14,38,37
38,14,37,33
38,14,33,72
38,14,72,68
38,14,68,64
38,14,64,1
38,14,1,5
38,14,5,6
38,14,6,10
38,14,10,14
38,15,38,37
38,15,37,33
38,15,33,72
38,15,72,68
38,15,68,64
38,15,64,1
38,15,1,5
38,15,5,6
38,15,6,7
38,15,7,11
38,15,11,15
38,16,38,37
38,16,37,33
38,16,33,72
38,16,72,68
38,16,68,17
38,16,17,16
38,17,38,37
38,17,37,33
38,17,33,72
38,17,72,68
38,17,68,17
38,18,38,37
38,18,37,33
38,18,33,72
38,18,72,68
38,18,68,17
38,18,17,21
38,18,21,22
38,18,22,18
38,19,38,37
38,19,37,33
38,19,33,72
38,19,72,68
38,19,68,17
38,19,17,21
38,19,21,22
38,19,22,23
38,19,23,19
38,20,38,37
38,20,37,33
38,20,33,72
38,20,72,68
38,20,68,17
38,20,17,16
38,20,16,20
38,21,38,37
38,21,37,33
38,21,33,72
38,21,72,68
38,21,68,17
38,21,17,21
38,22,38,37
38,22,37,33
38,22,33,72
38,22,72,68
38,22,68,17
38,22,17,21
38,22,21,22
38,23,38,37
38,23,37,33
38,23,33,72
38,23,72,68
38,23,68,17
38,23,17,21
38,23,21,22
38,23,22,23
38,24,38,37
38,24,37,33
38,24,33,72
38,24,72,68
38,24,68,17
38,24,17,16
38,24,16,20
38,24,20,24
38,25,38,37
38,25,37,33
38,25,33,72
38,25,72,68
38,25,68,17
38,25,17,21
38,25,21,25
38,26,38,37
38,26,37,33
38,26,33,72
38,26,72,68
38,26,68,17
38,26,17,21
38,26,21,22
38,26,22,26
38,27,38,37
38,27,37,33
38,27,33,72
38,27,72,68
38,27,68,17
38,27,17,21
38,27,21,22
38,27,22,23
38,27,23,27
38,28,38,37
38,28,37,33
38,28,33,72
38,28,72,68
38,28,68,17
38,28,17,16
38,28,16,20
38,28,20,24
38,28,24,28
38,29,38,37
38,29,37,33
38,29,33,72
38,29,72,68
38,29,68,17
38,29,17,21
38,29,21,25
38,29,25,29
38,30,38,37
38,30,37,33
38,30,33,72
38,30,72,68
38,30,68,17
38,30,17,21
38,30,21,22
38,30,22,26
38,30,26,30
38,31,38,37
38,31,37,33
38,31,33,72
38,31,72,68
38,31,68,17
38,31,17,21
38,31,21,22
38,31,22,23
38,31,23,27
38,31,27,31
38,32,38,37
38,32,37,36
38,32,36,32
38,33,38,37
38,33,37,33
38,34,38,34
38,35,38,39
38,35,39,35
38,36,38,37
38,36,37,36
38,37,38,37
38,39,38,39
38,40,38,37
38,40,37,36
38,40,36,40
38,41,38,37
38,41,37,41
38,42,38,42
38,43,38,39
38,43,39,43
38,44,38,37
38,44,37,36
38,44,36,40
38,44,40,44
38,45,38,37
38,45,37,41
38,45,41,45
38,46,38,42
38,46,42,46
38,47,38,39
38,47,39,43
38,47,43,47
38,48,38,37
38,48,37,33
38,48,33,72
38,48,72,76
38,48,76,49
38,48,49,48
38,49,38,37
38,49,37,33
38,49,33,72
38,49,72,76
38,49,76,49
38,50,38,37
38,50,37,33
38,50,33,72
38,50,72,76
38,50,76,49
38,50,49,53
38,50,53,54
38,50,54,50
38,51,38,37
38,51,37,33
38,51,33,72
38,51,72,76
38,51,76,49
38,51,49,53
38,51,53,54
38,51,54,55
38,51,55,51
38,52,38,37
38,52,37,33
38,52,33,72
38,52,72,76
38,52,76,49
38,52,49,48
38,52,48,52
38,53,38,37
38,53,37,33
38,53,33,72
38,53,72,76
38,53,76,49
38,53,49,53
38,54,38,37
38,54,37,33
38,54,33,72
38,54,72,76
38,54,76,49
38,54,49,53
38,54,53,54
38,55,38,37
38,55,37,33
38,55,33,72
38,55,72,76
38,55,76,49
38,55,49,53
38,55,53,54
38,55,54,55
38,56,38,37
38,56,37,33
38,56,33,72
38,56,72,76
38,56,76,49
38,56,49,48
38,56,48,52
38,56,52,56
38,57,38,37
38,57,37,33
38,57,33,72
38,57,72,76
38,57,76,49
38,57,49,53
38,57,53,57
38,58,38,37
38,58,37,33
38,58,33,72
38,58,72,76
38,58,76,49
38,58,49,53
38,58,53,54
38,58,54,58
38,59,38,37
38,59,37,33
38,59,33,72
38,59,72,76
38,59,76,49
38,59,49,53
38,59,53,54
38,59,54,55
38,59,55,59
38,60,38,37
38,60,37,33
38,60,33,72
38,60,72,76
38,60,76,49
38,60,49,48
38,60,48,52
38,60,52,56
38,60,56,60
38,61,38,37
38,61,37,33
38,61,33,72
38,61,72,76
38,61,76,49
38,61,49,53
38,61,53,57
38,61,57,61
38,62,38,37
38,62,37,33
38,62,33,72
38,62,72,76
38,62,76,49
38,62,49,53
38,62,53,54
38,62,54,58
38,62,58,62
38,63,38,37
38,63,37,33
38,63,33,72
38,63,72,76
38,63,76,49
38,63,49,53
38,63,53,54
38,63,54,55
38,63,55,59
38,63,59,63
39,0,39,38
39,0,38,37
39,0,37,33
39,0,33,72
39,0,72,68
39,0,68,64
39,0,64,1
39,0,1,0
39,1,39,38
39,1,38,37
39,1,37,33
39,1,33,72
39,1,72,68
39,1,68,64
39,1,64,1
39,2,39,38
39,2,38,37
39,2,37,33
39,2,33,72
39,2,72,68
39,2,68,64
39,2,64,1
39,2,1,5
39,2,5,6
39,2,6,2
39,3,39,38
39,3,38,37
39,3,37,33
39,3,33,72
39,3,72,68
39,3,68,64
39,3,64,1
39,3,1,5
39,3,5,6
39,3,6,7
39,3,7,3
39,4,39,38
39,4,38,37
39,4,37,33
39,4,33,72
39,4,72,68
39,4,68,64
39,4,64,1
39,4,1,0
39,4,0,4
39,5,39,38
39,5,38,37
39,5,37,33
39,5,33,72
39,5,72,68
39,5,68,64
39,5,64,1
39,5,1,5
39,6,39,38
39,6,38,37
39,6,37,33
39,6,33,72
39,6,72,68
39,6,68,64
39,6,64,1
39,6,1,5
39,6,5,6
39,7,39,38
39,7,38,37
39,7,37,33
39,7,33,72
39,7,72,68
39,7,68,64
39,7,64,1
39,7,1,5
39,7,5,6
39,7,6,7
39,8,39,38
39,8,38,37
39,8,37,33
39,8,33,72
39,8,72,68
39,8,68,64
39,8,64,1
39,8,1,0
39,8,0,4
39,8,4,8
39,9,39,38
39,9,38,37
39,9,37,33
39,9,33,72
39,9,72,68
39,9,68,64
39,9,64,1
39,9,1,5
39,9,5,9
39,10,39,38
39,10,38,37
39,10,37,33
39,10,33,72
39,10,72,68
39,10,68,64
39,10,64,1
39,10,1,5
39,10,5,6
39,10,6,10
39,11,39,38
39,11,38,37
39,11,37,33
39,11,33,72
39,11,72,68
39,11,68,64
39,11,64,1
39,11,1,5
39,11,5,6
39,11,6,7
39,11,7,11
39,12,39,38
39,12,38,37
39,12,37,33
39,12,33,72
39,12,72,68
39,12,68,64
39,12,64,1
39,12,1,0
39,12,0,4
39,12,4,8
39,12,8,12
39,13,39,38
39,13,38,37
39,13,37,33
39,13,33,72
39,13,72,68
39,13,68,64
39,13,64,1
39,13,1,5
39,13,5,9
39,13,9,13
39,14,39,38
39,14,38,37
39,14,37,33
39,14,33,72
39,14,72,68
39,14,68,64
39,14,64,1
39,14,1,5
39,14,5,6
39,14,6,10
39,14,10,14
39,15,39,38
39,15,38,37
39,15,37,33
39,15,33,72
39,15,72,68
39,15,68,64
39,15,64,1
39,15,1,5
39,15,5,6
39,15,6,7
39,15,7,11
39,15,11,15
39,16,39,38
39,16,38,37
39,16,37,33
39,16,33,72
39,16,72,68
39,16,68,17
39,16,17,16
39,17,39,38
39,17,38,37
39,17,37,33
39,17,33,72
39,17,72,68
39,17,68,17
39,18,39,38
39,18,38,37
39,18,37,33
39,18,33,72
39,18,72,68
39,18,68,17
39,18,17,21
39,18,21,22
39,18,22,18
39,19,39,38
39,19,38,37
39,19,37,33
39,19,33,72
39,19,72,68
39,19,68,17
39,19,17,21
39,19,21,22
39,19,22,23
39,19,23,19
39,20,39,38
39,20,38,37
39,20,37,33
39,20,33,72
39,20,72,68
39,20,68,17
39,20,17,16
39,20,16,20
39,21,39,38
39,21,38,37
39,21,37,33
39,21,33,72
39,21,72,68
39,21,68,17
39,21,17,21
39,22,39,38
39,22,38,37
39,22,37,33
39,22,33,72
39,22,72,68
39,22,68,17
39,22,17,21
39,22,21,22
39,23,39,38
39,23,38,37
39,23,37,33
39,23,33,72
39,23,72,68
39,23,68,17
39,23,17,21
39,23,21,22
39,23,22,23
39,24,39,38
39,24,38,37
39,24,37,33
39,24,33,72
39,24,72,68
39,24,68,17
39,24,17,16
39,24,16,20
39,24,20,24
39,25,39,38
39,25,38,37
39,25,37,33
39,25,33,72
39,25,72,68
39,25,68,17
39,25,17,21
39,25,21,25
39,26,39,38
39,26,38,37
39,26,37,33
39,26,33,72
39,26,72,68
39,26,68,17
39,26,17,21
39,26,21,22
39,26,22,26
39,27,39,38
39,27,38,37
39,27,37,33
39,27,33,72
39,27,72,68
39,27,68,17
39,27,17,21
39,27,21,22
39,27,22,23
39,27,23,27
39,28,39,38
39,28,38,37
39,28,37,33
39,28,33,72
39,28,72,68
39,28,68,17
39,28,17,16
39,28,16,20
39,28,20,24
39,28,24,28
39,29,39,38
39,29,38,37
39,29,37,33
39,29,33,72
39,29,72,68
39,29,68,17
39,29,17,21
39,29,21,25
39,29,25,29
39,30,39,38
39,30,38,37
39,30,37,33
39,30,33,72
39,30,72,68
39,30,68,17
39,30,17,21
39,30,21,22
39,30,22,26
39,30,26,30
39,31,39,38
39,31,38,37
39,31,37,33
39,31,33,72
39,31,72,68
39,31,68,17
39,31,17,21
39,31,21,22
39,31,22,23
39,31,23,27
39,31,27,31
39,32,39,38
39,32,38,37
39,32,37,36
39,32,36,32
39,33,39,38
39,33,38,37
39,33,37,33
39,34,39,38
39,34,38,34
39,35,39,35
39,36,39,38
39,36,38,37
39,36,37,36
39,37,39,38
39,37,38,37
39,38,39,38
39,40,39,38
39,40,38,37
39,40,37,36
39,40,36,40
39,41,39,38
39,41,38,37
39,41,37,41
39,42,39,38
39,42,38,42
39,43,39,43
39,44,39,38
39,44,38,37
39,44,37,36
39,44,36,40
39,44,40,44
39,45,39,38
39,45,38,37
39,45,37,41
39,45,41,45
39,46,39,38
39,46,38,42
39,46,42,46
39,47,39,43
39,47,43,47
39,48,39,38
39,48,38,37
39,48,37,33
39,48,33,72
39,48,72,76
39,48,76,49
39,48,49,48
39,49,39,38
39,49,38,37
39,49,37,33
39,49,33,72
39,49,72,76
39,49,76,49
39,50,39,38
39,50,38,37
39,50,37,33
39,50,33,72
39,50,72,76
39,50,76,49
39,50,49,53
39,50,53,54
39,50,54,50
39,51,39,38
39,51,38,37
39,51,37,33
39,51,33,72
39,51,72,76
39,51,76,49
39,51,49,53
39,51,53,54
39,51,54,55
39,51,55,51
39,52,39,38
39,52,38,37
39,52,37,33
39,52,33,72
39,52,72,76
39,52,76,49
39,52,49,48
39,52,48,52
39,53,39,38
39,53,38,37
39,53,37,33
39,53,33,72
39,53,72,76
39,53,76,49
39,53,49,53
39,54,39,38
39,54,38,37
39,54,37,33
39,54,33,72
39,54,72,76
39,54,76,49
39,54,49,53
39,54,53,54
39,55,39,38
39,55,38,37
39,55,37,33
39,55,33,72
39,55,72,76
39,55,76,49
39,55,49,53
39,55,53,54
39,55,54,55
39,56,39,38
39,56,38,37
39,56,37,33
39,56,33,72
39,56,72,76
39,56,76,49
39,56,49,48
39,56,48,52
39,56,52,56
39,57,39,38
39,57,38,37
39,57,37,33
39,57,33,72
39,57,72,76
39,57,76,49
39,57,49,53
39,57,53,57
39,58,39,38
39,58,38,37
39,58,37,33
39,58,33,72
39,58,72,76
39,58,76,49
39,58,49,53
39,58,53,54
39,58,54,58
39,59,39,38
39,59,38,37
39,59,37,33
39,59,33,72
39,59,72,76
39,59,76,49
39,59,49,53
39,59,53,54
39,59,54,55
39,59,55,59
39,60,39,38
39,60,38,37
39,60,37,33
39,60,33,72
39,60,72,76
39,60,76,49
39,60,49,48
39,60,48,52
39,60,52,56
39,60,56,60
39,61,39,38
39,61,38,37
39,61,37,33
39,61,33,72
39,61,72,76
39,61,76,49
39,61,49,53
39,61,53,57
39,61,57,61
39,62,39,38
39,62,38,37
39,62,37,33
39,62,33,72
39,62,72,76
39,62,76,49
39,62,49,53
39,62,53,54
39,62,54,58
39,62,58,62
39,63,39,38
39,63,38,37
39,63,37,33
39,63,33,72
39,63,72,76
39,63,76,49
39,63,49,53
39,63,53,54
39,63,54,55
39,63,55,59
39,63,59,63
40,0,40,41
40,0,41,37
40,0,37,33
40,0,33,72
40,0,72,68
40,0,68,64
40,0,64,1
40,0,1,0
40,1,40,41
40,1,41,37
40,1,37,33
40,1,33,72
40,1,72,68
40,1,68,64
40,1,64,1
40,2,40,41
40,2,41,37
40,2,37,33
40,2,33,72
40,2,72,68
40,2,68,64
40,2,64,1
40,2,1,5
40,2,5,6
40,2,6,2
40,3,40,41
40,3,41,37
40,3,37,33
40,3,33,72
40,3,72,68
40,3,68,64
40,3,64,1
40,3,1,5
40,3,5,6
40,3,6,7
40,3,7,3
40,4,40,41
40,4,41,37
40,4,37,33
40,4,33,72
40,4,72,68
40,4,68,64
40,4,64,1
40,4,1,0
40,4,0,4
40,5,40,41
40,5,41,37
40,5,37,33
40,5,33,72
40,5,72,68
40,5,68,64
40,5,64,1
40,5,1,5
40,6,40,41
40,6,41,37
40,6,37,33
40,6,33,72
40,6,72,68
40,6,68,64
40,6,64,1
40,6,1,5
40,6,5,6
40,7,40,41
40,7,41,37
40,7,37,33
40,7,33,72
40,7,72,68
40,7,68,64
40,7,64,1
40,7,1,5
40,7,5,6
40,7,6,7
40,8,40,41
40,8,41,37
40,8,37,33
40,8,33,72
40,8,72,68
40,8,68,64
40,8,64,1
40,8,1,0
40,8,0,4
40,8,4,8
40,9,40,41
40,9,41,37
40,9,37,33
40,9,33,72
40,9,72,68
40,9,68,64
40,9,64,1
40,9,1,5
40,9,5,9
40,10,40,41
40,10,41,37
40,10,37,33
40,10,33,72
40,10,72,68
40,10,68,64
40,10,64,1
40,10,1,5
40,10,5,6
40,10,6,10
40,11,40,41
40,11,41,37
40,11,37,33
40,11,33,72
40,11,72,68
40,11,68,64
40,11,64,1
40,11,1,5
40,11,5,6
40,11,6,7
40,11,7,11
40,12,40,41
40,12,41,37
40,12,37,33
40,12,33,72
40,12,72,68
40,12,68,64
40,12,64,1
40,12,1,0
40,12,0,4
40,12,4,8
40,12,8,12
40,13,40,41
40,13,41,37
40,13,37,33
40,13,33,72
40,13,72,68
40,13,68,64
40,13,64,1
40,13,1,5
40,13,5,9
40,13,9,13
40,14,40,41
40,14,41,37
40,14,37,33
40,14,33,72
40,14,72,68
40,14,68,64
40,14,64,1
40,14,1,5
40,14,5,6
40,14,6,10
40,14,10,14
40,15,40,41
40,15,41,37
40,15,37,33
40,15,33,72
40,15,72,68
40,15,68,64
40,15,64,1
40,15,1,5
40,15,5,6
40,15,6,7
40,15,7,11
40,15,11,15
40,16,40,41
40,16,41,37
40,16,37,33
40,16,33,72
40,16,72,68
40,16,68,17
40,16,17,16
40,17,40,41
40,17,41,37
40,17,37,33
40,17,33,72
40,17,72,68
40,17,68,17
40,18,40,41
40,18,41,37
40,18,37,33
40,18,33,72
40,18,72,68
40,18,68,17
40,18,17,21
40,18,21,22
40,18,22,18
40,19,40,41
40,19,41,37
40,19,37,33
40,19,33,72
40,19,72,68
40,19,68,17
40,19,17,21
40,19,21,22
40,19,22,23
40,19,23,19
40,20,40,41
40,20,41,37
40,20,37,33
40,20,33,72
40,20,72,68
40,20,68,17
40,20,17,16
40,20,16,20
40,21,40,41
40,21,41,37
40,21,37,33
40,21,33,72
40,21,72,68
40,21,68,17
40,21,17,21
40,22,40,41
40,22,41,37
40,22,37,33
40,22,33,72
40,22,72,68
40,22,68,17
40,22,17,21
40,22,21,22
40,23,40,41
40,23,41,37
40,23,37,33
40,23,33,72
40,23,72,68
40,23,68,17
40,23,17,21
40,23,21,22
40,23,22,23
40,24,40,41
40,24,41,37
40,24,37,33
40,24,33,72
40,24,72,68
40,24,68,17
40,24,17,16
40,24,16,20
40,24,20,24
40,25,40,41
40,25,41,37
40,25,37,33
40,25,33,72
40,25,72,68
40,25,68,17
40,25,17,21
40,25,21,25
40,26,40,41
40,26,41,37
40,26,37,33
40,26,33,72
40,26,72,68
40,26,68,17
40,26,17,21
40,26,21,22
40,26,22,26
40,27,40,41
40,27,41,37
40,27,37,33
40,27,33,72
40,27,72,68
40,27,68,17
40,27,17,21
40,27,21,22
40,27,22,23
40,27,23,27
40,28,40,41
40,28,41,37
40,28,37,33
40,28,33,72
40,28,72,68
40,28,68,17
40,28,17,16
40,28,16,20
40,28,20,24
40,28,24,28
40,29,40,41
40,29,41,37
40,29,37,33
40,29,33,72
40,29,72,68
40,29,68,17
40,29,17,21
40,29,21,25
40,29,25,29
40,30,40,41
40,30,41,37
40,30,37,33
40,30,33,72
40,30,72,68
40,30,68,17
40,30,17,21
40,30,21,22
40,30,22,26
40,30,26,30
40,31,40,41
40,31,41,37
40,31,37,33
40,31,33,72
40,31,72,68
40,31,68,17
40,31,17,21
40,31,21,22
40,31,22,23
40,31,23,27
40,31,27,31
40,32,40,36
40,32,36,32
40,33,40,41
40,33,41,37
40,33,37,33
40,34,40,41
40,34,41,42
40,34,42,38
40,34,38,34
40,35,40,41
40,35,41,42
40,35,42,43
40,35,43,39
40,35,39,35
40,36,40,36
40,37,40,41
40,37,41,37
40,38,40,41
40,38,41,42
40,38,42,38
40,39,40,41
40,39,41,42
40,39,42,43
40,39,43,39
40,41,40,41
40,42,40,41
40,42,41,42
40,43,40,41
40,43,41,42
40,43,42,43
40,44,40,44
40,45,40,41
40,45,41,45
40,46,40,41
40,46,41,42
40,46,42,46
40,47,40,41
40,47,41,42
40,47,42,43
40,47,43,47
40,48,40,41
40,48,41,37
40,48,37,33
40,48,33,72
40,48,72,76
40,48,76,49
40,48,49,48
40,49,40,41
40,49,41,37
40,49,37,33
40,49,33,72
40,49,72,76
40,49,76,49
40,50,40,41
40,50,41,37
40,50,37,33
40,50,33,72
40,50,72,76
40,50,76,49
40,50,49,53
40,50,53,54
40,50,54,50
40,51,40,41
40,51,41,37
40,51,37,33
40,51,33,72
40,51,72,76
40,51,76,49
40,51,49,53
40,51,53,54
40,51,54,55
40,51,55,51
40,52,40,41
40,52,41,37
40,52,37,33
40,52,33,72
40,52,72,76
40,52,76,49
40,52,49,48
40,52,48,52
40,53,40,41
40,53,41,37
40,53,37,33
40,53,33,72
40,53,72,76
40,53,76,49
40,53,49,53
40,54,40,41
40,54,41,37
40,54,37,33
40,54,33,72
40,54,72,76
40,54,76,49
40,54,49,53
40,54,53,54
40,55,40,41
40,55,41,37
40,55,37,33
40,55,33,72
40,55,72,76
40,55,76,49
40,55,49,53
40,55,53,54
40,55,54,55
40,56,40,41
40,56,41,37
40,56,37,33
40,56,33,72
40,56,72,76
40,56,76,49
40,56,49,48
40,56,48,52
40,56,52,56
40,57,40,41
40,57,41,37
40,57,37,33
40,57,33,72
40,57,72,76
40,57,76,49
40,57,49,53
40,57,53,57
40,58,40,41
40,58,41,37
40,58,37,33
40,58,33,72
40,58,72,76
40,58,76,49
40,58,49,53
40,58,53,54
40,58,54,58
40,59,40,41
40,59,41,37
40,59,37,33
40,59,33,72
40,59,72,76
40,59,76,49
40,59,49,53
40,59,53,54
40,59,54,55
40,59,55,59
40,60,40,41
40,60,41,37
40,60,37,33
40,60,33,72
40,60,72,76
40,60,76,49
40,60,49,48
40,60,48,52
40,60,52,56
40,60,56,60
40,61,40,41
40,61,41,37
40,61,37,33
40,61,33,72
40,61,72,76
40,61,76,49
40,61,49,53
40,61,53,57
40,61,57,61
40,62,40,41
40,62,41,37
40,62,37,33
40,62,33,72
40,62,72,76
40,62,76,49
40,62,49,53
40,62,53,54
40,62,54,58
40,62,58,62
40,63,40,41
40,63,41,37
40,63,37,33
40,63,33,72
40,63,72,76
40,63,76,49
40,63,49,53
40,63,53,54
40,63,54,55
40,63,55,59
40,63,59,63
41,0,41,37
41,0,37,33
41,0,33,72
41,0,72,68
41,0,68,64
41,0,64,1
41,0,1,0
41,1,41,37
41,1,37,33
41,1,33,72
41,1,72,68
41,1,68,64
41,1,64,1
41,2,41,37
41,2,37,33
41,2,33,72
41,2,72,68
41,2,68,64
41,2,64,1
41,2,1,5
41,2,5,6
41,2,6,2
41,3,41,37
41,3,37,33
41,3,33,72
41,3,72,68
41,3,68,64
41,3,64,1
41,3,1,5
41,3,5,6
41,3,6,7
41,3,7,3
41,4,41,37
41,4,37,33
41,4,33,72
41,4,72,68
41,4,68,64
41,4,64,1
41,4,1,0
41,4,0,4
41,5,41,37
41,5,37,33
41,5,33,72
41,5,72,68
41,5,68,64
41,5,64,1
41,5,1,5
41,6,41,37
41,6,37,33
41,6,33,72
41,6,72,68
41,6,68,64
41,6,64,1
41,6,1,5
41,6,5,6
41,7,41,37
41,7,37,33
41,7,33,72
41,7,72,68
41,7,68,64
41,7,64,1
41,7,1,5
41,7,5,6
41,7,6,7
41,8,41,37
41,8,37,33
41,8,33,72
41,8,72,68
41,8,68,64
41,8,64,1
41,8,1,0
41,8,0,4
41,8,4,8
41,9,41,37
41,9,37,33
41,9,33,72
41,9,72,68
41,9,68,64
41,9,64,1
41,9,1,5
41,9,5,9
41,10,41,37
41,10,37,33
41,10,33,72
41,10,72,68
41,10,68,64
41,10,64,1
41,10,1,5
41,10,5,6
41,10,6,10
41,11,41,37
41,11,37,33
41,11,33,72
41,11,72,68
41,11,68,64
41,11,64,1
41,11,1,5
41,11,5,6
41,11,6,7
41,11,7,11
41,12,41,37
41,12,37,33
41,12,33,72
41,12,72,68
41,12,68,64
41,12,64,1
41,12,1,0
41,12,0,4
41,12,4,8
41,12,8,12
41,13,41,37
41,13,37,33
41,13,33,72
41,13,72,68
41,13,68,64
41,13,64,1
41,13,1,5
41,13,5,9
41,13,9,13
41,14,41,37
41,14,37,33
41,14,33,72
41,14,72,68
41,14,68,64
41,14,64,1
41,14,1,5
41,14,5,6
41,14,6,10
41,14,10,14
41,15,41,37
41,15,37,33
41,15,33,72
41,15,72,68
41,15,68,64
41,15,64,1
41,15,1,5
41,15,5,6
41,15,6,7
41,15,7,11
41,15,11,15
41,16,41,37
41,16,37,33
41,16,33,72
41,16,72,68
41,16,68,17
41,16,17,16
41,17,41,37
41,17,37,33
41,17,33,72
41,17,72,68
41,17,68,17
41,18,41,37
41,18,37,33
41,18,33,72
41,18,72,68
41,18,68,17
41,18,17,21
41,18,21,22
41,18,22,18
41,19,41,37
41,19,37,33
41,19,33,72
41,19,72,68
41,19,68,17
41,19,17,21
41,19,21,22
41,19,22,23
41,19,23,19
41,20,41,37
41,20,37,33
41,20,33,72
41,20,72,68
41,20,68,17
41,20,17,16
41,20,16,20
41,21,41,37
41,21,37,33
41,21,33,72
41,21,72,68
41,21,68,17
41,21,17,21
41,22,41,37
41,22,37,33
41,22,33,72
41,22,72,68
41,22,68,17
41,22,17,21
41,22,21,22
41,23,41,37
41,23,37,33
41,23,33,72
41,23,72,68
41,23,68,17
41,23,17,21
41,23,21,22
41,23,22,23
41,24,41,37
41,24,37,33
41,24,33,72
41,24,72,68
41,24,68,17
41,24,17,16
41,24,16,20
41,24,20,24
41,25,41,37
41,25,37,33
41,25,33,72
41,25,72,68
41,25,68,17
41,25,17,21
41,25,21,25
41,26,41,37
41,26,37,33
41,26,33,72
41,26,72,68
41,26,68,17
41,26,17,21
41,26,21,22
41,26,22,26
41,27,41,37
41,27,37,33
41,27,33,72
41,27,72,68
41,27,68,17
41,27,17,21
41,27,21,22
41,27,22,23
41,27,23,27
41,28,41,37
41,28,37,33
41,28,33,72
41,28,72,68
41,28,68,17
41,28,17,16
41,28,16,20
41,28,20,24
41,28,24,28
41,29,41,37
41,29,37,33
41,29,33,72
41,29,72,68
41,29,68,17
41,29,17,21
41,29,21,25
41,29,25,29
41,30,41,37
41,30,37,33
41,30,33,72
41,30,72,68
41,30,68,17
41,30,17,21
41,30,21,22
41,30,22,26
41,30,26,30
41,31,41,37
41,31,37,33
41,31,33,72
41,31,72,68
41,31,68,17
41,31,17,21
41,31,21,22
41,31,22,23
41,31,23,27
41,31,27,31
41,32,41,40
41,32,40,36
41,32,36,32
41,33,41,37
41,33,37,33
41,34,41,42
41,34,42,38
41,34,38,34
41,35,41,42
41,35,42,43
41,35,43,39
41,35,39,35
41,36,41,40
41,36,40,36
41,37,41,37
41,38,41,42
41,38,42,38
41,39,41,42
41,39,42,43
41,39,43,39
41,40,41,40
41,42,41,42
41,43,41,42
41,43,42,43
41,44,41,40
41,44,40,44
41,45,41,45
41,46,41,42
41,46,42,46
41,47,41,42
41,47,42,43
41,47,43,47
41,48,41,37
41,48,37,33
41,48,33,72
41,48,72,76
41,48,76,49
41,48,49,48
41,49,41,37
41,49,37,33
41,49,33,72
41,49,72,76
41,49,76,49
41,50,41,37
41,50,37,33
41,50,33,72
41,50,72,76
41,50,76,49
41,50,49,53
41,50,53,54
41,50,54,50
41,51,41,37
41,51,37,33
41,51,33,72
41,51,72,76
41,51,76,49
41,51,49,53
41,51,53,54
41,51,54,55
41,51,55,51
41,52,41,37
41,52,37,33
41,52,33,72
41,52,72,76
41,52,76,49
41,52,49,48
41,52,48,52
41,53,41,37
41,53,37,33
41,53,33,72
41,53,72,76
41,53,76,49
41,53,49,53
41,54,41,37
41,54,37,33
41,54,33,72
41,54,72,76
41,54,76,49
41,54,49,53
41,54,53,54
41,55,41,37
41,55,37,33
41,55,33,72
41,55,72,76
41,55,76,49
41,55,49,53
41,55,53,54
41,55,54,55
41,56,41,37
41,56,37,33
41,56,33,72
41,56,72,76
41,56,76,49
41,56,49,48
41,56,48,52
41,56,52,56
41,57,41,37
41,57,37,33
41,57,33,72
41,57,72,76
41,57,76,49
41,57,49,53
41,57,53,57
41,58,41,37
41,58,37,33
41,58,33,72
41,58,72,76
41,58,76,49
41,58,49,53
41,58,53,54
41,58,54,58
41,59,41,37
41,59,37,33
41,59,33,72
41,59,72,76
41,59,76,49
41,59,49,53
41,59,53,54
41,59,54,55
41,59,55,59
41,60,41,37
41,60,37,33
41,60,33,72
41,60,72,76
41,60,76,49
41,60,49,48
41,60,48,52
41,60,52,56
41,60,56,60
41,61,41,37
41,61,37,33
41,61,33,72
41,61,72,76
41,61,76,49
41,61,49,53
41,61,53,57
41,61,57,61
41,62,41,37
41,62,37,33
41,62,33,72
41,62,72,76
41,62,76,49
41,62,49,53
41,62,53,54
41,62,54,58
41,62,58,62
41,63,41,37
41,63,37,33
41,63,33,72
41,63,72,76
41,63,76,49
41,63,49,53
41,63,53,54
41,63,54,55
41,63,55,59
41,63,59,63
42,0,42,41
42,0,41,37
42,0,37,33
42,0,33,72
42,0,72,68
42,0,68,64
42,0,64,1
42,0,1,0
42,1,42,41
42,1,41,37
42,1,37,33
42,1,33,72
42,1,72,68
42,1,68,64
42,1,64,1
42,2,42,41
42,2,41,37
42,2,37,33
42,2,33,72
42,2,72,68
42,2,68,64
42,2,64,1
42,2,1,5
42,2,5,6
42,2,6,2
42,3,42,41
42,3,41,37
42,3,37,33
42,3,33,72
42,3,72,68
42,3,68,64
42,3,64,1
42,3,1,5
42,3,5,6
42,3,6,7
42,3,7,3
42,4,42,41
42,4,41,37
42,4,37,33
42,4,33,72
42,4,72,68
42,4,68,64
42,4,64,1
42,4,1,0
42,4,0,4
42,5,42,41
42,5,41,37
42,5,37,33
42,5,33,72
42,5,72,68
42,5,68,64
42,5,64,1
42,5,1,5
42,6,42,41
42,6,41,37
42,6,37,33
42,6,33,72
42,6,72,68
42,6,68,64
42,6,64,1
42,6,1,5
42,6,5,6
42,7,42,41
42,7,41,37
42,7,37,33
42,7,33,72
42,7,72,68
42,7,68,64
42,7,64,1
42,7,1,5
42,7,5,6
42,7,6,7
42,8,42,41
42,8,41,37
42,8,37,33
42,8,33,72
42,8,72,68
42,8,68,64
42,8,64,1
42,8,1,0
42,8,0,4
42,8,4,8
42,9,42,41
42,9,41,37
42,9,37,33
42,9,33,72
42,9,72,68
42,9,68,64
42,9,64,1
42,9,1,5
42,9,5,9
42,10,42,41
42,10,41,37
42,10,37,33
42,10,33,72
42,10,72,68
42,10,68,64
42,10,64,1
42,10,1,5
42,10,5,6
42,10,6,10
42,11,42,41
42,11,41,37
42,11,37,33
42,11,33,72
42,11,72,68
42,11,68,64
42,11,64,1
42,11,1,5
42,11,5,6
42,11,6,7
42,11,7,11
42,12,42,41
42,12,41,37
42,12,37,33
42,12,33,72
42,12,72,68
42,12,68,64
42,12,64,1
42,12,1,0
42,12,0,4
42,12,4,8
42,12,8,12
42,13,42,41
42,13,41,37
42,13,37,33
42,13,33,72
42,13,72,68
42,13,68,64
42,13,64,1
42,13,1,5
42,13,5,9
42,13,9,13
42,14,42,41
42,14,41,37
42,14,37,33
42,14,33,72
42,14,72,68
42,14,68,64
42,14,64,1
42,14,1,5
42,14,5,6
42,14,6,10
42,14,10,14
42,15,42,41
42,15,41,37
42,15,37,33
42,15,33,72
42,15,72,68
42,15,68,64
42,15,64,1
42,15,1,5
42,15,5,6
42,15,6,7
42,15,7,11
42,15,11,15
42,16,42,41
42,16,41,37
42,16,37,33
42,16,33,72
42,16,72,68
42,16,68,17
42,16,17,16
42,17,42,41
42,17,41,37
42,17,37,33
42,17,33,72
42,17,72,68
42,17,68,17
42,18,42,41
42,18,41,37
42,18,37,33
42,18,33,72
42,18,72,68
42,18,68,17
42,18,17,21
42,18,21,22
42,18,22,18
42,19,42,41
42,19,41,37
42,19,37,33
42,19,33,72
42,19,72,68
42,19,68,17
42,19,17,21
42,19,21,22
42,19,22,23
42,19,23,19
42,20,42,41
42,20,41,37
42,20,37,33
42,20,33,72
42,20,72,68
42,20,68,17
42,20,17,16
42,20,16,20
42,21,42,41
42,21,41,37
42,21,37,33
42,21,33,72
42,21,72,68
42,21,68,17
42,21,17,21
42,22,42,41
42,22,41,37
42,22,37,33
42,22,33,72
42,22,72,68
42,22,68,17
42,22,17,21
42,22,21,22
42,23,42,41
42,23,41,37
42,23,37,33
42,23,33,72
42,23,72,68
42,23,68,17
42,23,17,21
42,23,21,22
42,23,22,23
42,24,42,41
42,24,41,37
42,24,37,33
42,24,33,72
42,24,72,68
42,24,68,17
42,24,17,16
42,24,16,20
42,24,20,24
42,25,42,41
42,25,41,37
42,25,37,33
42,25,33,72
42,25,72,68
42,25,68,17
42,25,17,21
42,25,21,25
42,26,42,41
42,26,41,37
42,26,37,33
42,26,33,72
42,26,72,68
42,26,68,17
42,26,17,21
42,26,21,22
42,26,22,26
42,27,42,41
42,27,41,37
42,27,37,33
42,27,33,72
42,27,72,68
42,27,68,17
42,27,17,21
42,27,21,22
42,27,22,23
42,27,23,27
42,28,42,41
42,28,41,37
42,28,37,33
42,28,33,72
42,28,72,68
42,28,68,17
42,28,17,16
42,28,16,20
42,28,20,24
42,28,24,28
42,29,42,41
42,29,41,37
42,29,37,33
42,29,33,72
42,29,72,68
42,29,68,17
42,29,17,21
42,29,21,25
42,29,25,29
42,30,42,41
42,30,41,37
42,30,37,33
42,30,33,72
42,30,72,68
42,30,68,17
42,30,17,21
42,30,21,22
42,30,22,26
42,30,26,30
42,31,42,41
42,31,41,37
42,31,37,33
42,31,33,72
42,31,72,68
42,31,68,17
42,31,17,21
42,31,21,22
42,31,22,23
42,31,23,27
42,31,27,31
42,32,42,41
42,32,41,40
42,32,40,36
42,32,36,32
42,33,42,41
42,33,41,37
42,33,37,33
42,34,42,38
42,34,38,34
42,35,42,43
42,35,43,39
42,35,39,35
42,36,42,41
42,36,41,40
42,36,40,36
42,37,42,41
42,37,41,37
42,38,42,38
42,39,42,43
42,39,43,39
42,40,42,41
42,40,41,40
42,41,42,41
42,43,42,43
42,44,42,41
42,44,41,40
42,44,40,44
42,45,42,41
42,45,41,45
42,46,42,46
42,47,42,43
42,47,43,47
42,48,42,41
42,48,41,37
42,48,37,33
42,48,33,72
42,48,72,76
42,48,76,49
42,48,49,48
42,49,42,41
42,49,41,37
42,49,37,33
42,49,33,72
42,49,72,76
42,49,76,49
42,50,42,41
42,50,41,37
42,50,37,33
42,50,33,72
42,50,72,76
42,50,76,49
42,50,49,53
42,50,53,54
42,50,54,50
42,51,42,41
42,51,41,37
42,51,37,33
42,51,33,72
42,51,72,76
42,51,76,49
42,51,49,53
42,51,53,54
42,51,54,55
42,51,55,51
42,52,42,41
42,52,41,37
42,52,37,33
42,52,33,72
42,52,72,76
42,52,76,49
42,52,49,48
42,52,48,52
42,53,42,41
42,53,41,37
42,53,37,33
42,53,33,72
42,53,72,76
42,53,76,49
42,53,49,53
42,54,42,41
42,54,41,37
42,54,37,33
42,54,33,72
42,54,72,76
42,54,76,49
42,54,49,53
42,54,53,54
42,55,42,41
42,55,41,37
42,55,37,33
42,55,33,72
42,55,72,76
42,55,76,49
42,55,49,53
42,55,53,54
42,55,54,55
42,56,42,41
42,56,41,37
42,56,37,33
42,56,33,72
42,56,72,76
42,56,76,49
42,56,49,48
42,56,48,52
42,56,52,56
42,57,42,41
42,57,41,37
42,57,37,33
42,57,33,72
42,57,72,76
42,57,76,49
42,57,49,53
42,57,53,57
42,58,42,41
42,58,41,37
42,58,37,33
42,58,33,72
42,58,72,76
42,58,76,49
42,58,49,53
42,58,53,54
42,58,54,58
42,59,42,41
42,59,41,37
42,59,37,33
42,59,33,72
42,59,72,76
42,59,76,49
42,59,49,53
42,59,53,54
42,59,54,55
42,59,55,59
42,60,42,41
42,60,41,37
42,60,37,33
42,60,33,72
42,60,72,76
42,60,76,49
42,60,49,48
42,60,48,52
42,60,52,56
42,60,56,60
42,61,42,41
42,61,41,37
42,61,37,33
42,61,33,72
42,61,72,76
42,61,76,49
42,61,49,53
42,61,53,57
42,61,57,61
42,62,42,41
42,62,41,37
42,62,37,33
42,62,33,72
42,62,72,76
42,62,76,49
42,62,49,53
42,62,53,54
42,62,54,58
42,62,58,62
42,63,42,41
42,63,41,37
42,63,37,33
42,63,33,72
42,63,72,76
42,63,76,49
42,63,49,53
42,63,53,54
42,63,54,55
42,63,55,59
42,63,59,63
43,0,43,42
43,0,42,41
43,0,41,37
43,0,37,33
43,0,33,72
43,0,72,68
43,0,68,64
43,0,64,1
43,0,1,0
43,1,43,42
43,1,42,41
43,1,41,37
43,1,37,33
43,1,33,72
43,1,72,68
43,1,68,64
43,1,64,1
43,2,43,42
43,2,42,41
43,2,41,37
43,2,37,33
43,2,33,72
43,2,72,68
43,2,68,64
43,2,64,1
43,2,1,5
43,2,5,6
43,2,6,2
43,3,43,42
43,3,42,41
43,3,41,37
43,3,37,33
43,3,33,72
43,3,72,68
43,3,68,64
43,3,64,1
43,3,1,5
43,3,5,6
43,3,6,7
43,3,7,3
43,4,43,42
43,4,42,41
43,4,41,37
43,4,37,33
43,4,33,72
43,4,72,68
43,4,68,64
43,4,64,1
43,4,1,0
43,4,0,4
43,5,43,42
43,5,42,41
43,5,41,37
43,5,37,33
43,5,33,72
43,5,72,68
43,5,68,64
43,5,64,1
43,5,1,5
43,6,43,42
43,6,42,41
43,6,41,37
43,6,37,33
43,6,33,72
43,6,72,68
43,6,68,64
43,6,64,1
43,6,1,5
43,6,5,6
43,7,43,42
43,7,42,41
43,7,41,37
43,7,37,33
43,7,33,72
43,7,72,68
43,7,68,64
43,7,64,1
43,7,1,5
43,7,5,6
43,7,6,7
43,8,43,42
43,8,42,41
43,8,41,37
43,8,37,33
43,8,33,72
43,8,72,68
43,8,68,64
43,8,64,1
43,8,1,0
43,8,0,4
43,8,4,8
43,9,43,42
43,9,42,41
43,9,41,37
43,9,37,33
43,9,33,72
43,9,72,68
43,9,68,64
43,9,64,1
43,9,1,5
43,9,5,9
43,10,43,42
43,10,42,41
43,10,41,37
43,10,37,33
43,10,33,72
43,10,72,68
43,10,68,64
43,10,64,1
43,10,1,5
43,10,5,6
43,10,6,10
43,11,43,42
43,11,42,41
43,11,41,37
43,11,37,33
43,11,33,72
43,11,72,68
43,11,68,64
43,11,64,1
43,11,1,5
43,11,5,6
43,11,6,7
43,11,7,11
43,12,43,42
43,12,42,41
43,12,41,37
43,12,37,33
43,12,33,72
43,12,72,68
43,12,68,64
43,12,64,1
43,12,1,0
43,12,0,4
43,12,4,8
43,12,8,12
43,13,43,42
43,13,42,41
43,13,41,37
43,13,37,33
43,13,33,72
43,13,72,68
43,13,68,64
43,13,64,1
43,13,1,5
43,13,5,9
43,13,9,13
43,14,43,42
43,14,42,41
43,14,41,37
43,14,37,33
43,14,33,72
43,14,72,68
43,14,68,64
43,14,64,1
43,14,1,5
43,14,5,6
43,14,6,10
43,14,10,14
43,15,43,42
43,15,42,41
43,15,41,37
43,15,37,33
43,15,33,72
43,15,72,68
43,15,68,64
43,15,64,1
43,15,1,5
43,15,5,6
43,15,6,7
43,15,7,11
43,15,11,15
43,16,43,42
43,16,42,41
43,16,41,37
43,16,37,33
43,16,33,72
43,16,72,68
43,16,68,17
43,16,17,16
43,17,43,42
43,17,42,41
43,17,41,37
43,17,37,33
43,17,33,72
43,17,72,68
43,17,68,17
43,18,43,42
43,18,42,41
43,18,41,37
43,18,37,33
43,18,33,72
43,18,72,68
43,18,68,17
43,18,17,21
43,18,21,22
43,18,22,18
43,19,43,42
43,19,42,41
43,19,41,37
43,19,37,33
43,19,33,72
43,19,72,68
43,19,68,17
43,19,17,21
43,19,21,22
43,19,22,23
43,19,23,19
43,20,43,42
43,20,42,41
43,20,41,37
43,20,37,33
43,20,33,72
43,20,72,68
43,20,68,17
43,20,17,16
43,20,16,20
43,21,43,42
43,21,42,41
43,21,41,37
43,21,37,33
43,21,33,72
43,21,72,68
43,21,68,17
43,21,17,21
43,22,43,42
43,22,42,41
43,22,41,37
43,22,37,33
43,22,33,72
43,22,72,68
43,22,68,17
43,22,17,21
43,22,21,22
43,23,43,42
43,23,42,41
43,23,41,37
43,23,37,33
43,23,33,72
43,23,72,68
43,23,68,17
43,23,17,21
43,23,21,22
43,23,22,23
43,24,43,42
43,24,42,41
43,24,41,37
43,24,37,33
43,24,33,72
43,24,72,68
43,24,68,17
43,24,17,16
43,24,16,20
43,24,20,24
43,25,43,42
43,25,42,41
43,25,41,37
43,25,37,33
43,25,33,72
43,25,72,68
43,25,68,17
43,25,17,21
43,25,21,25
43,26,43,42
43,26,42,41
43,26,41,37
43,26,37,33
43,26,33,72
43,26,72,68
43,26,68,17
43,26,17,21
43,26,21,22
43,26,22,26
43,27,43,42
43,27,42,41
43,27,41,37
43,27,37,33
43,27,33,72
43,27,72,68
43,27,68,17
43,27,17,21
43,27,21,22
43,27,22,23
43,27,23,27
43,28,43,42
43,28,42,41
43,28,41,37
43,28,37,33
43,28,33,72
43,28,72,68
43,28,68,17
43,28,17,16
43,28,16,20
43,28,20,24
43,28,24,28
43,29,43,42
43,29,42,41
43,29,41,37
43,29,37,33
43,29,33,72
43,29,72,68
43,29,68,17
43,29,17,21
43,29,21,25
43,29,25,29
43,30,43,42
43,30,42,41
43,30,41,37
43,30,37,33
43,30,33,72
43,30,72,68
43,30,68,17
43,30,17,21
43,30,21,22
43,30,22,26
43,30,26,30
43,31,43,42
43,31,42,41
43,31,41,37
43,31,37,33
43,31,33,72
43,31,72,68
43,31,68,17
43,31,17,21
43,31,21,22
43,31,22,23
43,31,23,27
43,31,27,31
43,32,43,42
43,32,42,41
43,32,41,40
43,32,40,36
43,32,36,32
43,33,43,42
43,33,42,41
43,33,41,37
43,33,37,33
43,34,43,42
43,34,42,38
43,34,38,34
43,35,43,39
43,35,39,35
43,36,43,42
43,36,42,41
43,36,41,40
43,36,40,36
43,37,43,42
43,37,42,41
43,37,41,37
43,38,43,42
43,38,42,38
43,39,43,39
43,40,43,42
43,40,42,41
43,40,41,40
43,41,43,42
43,41,42,41
43,42,43,42
43,44,43,42
43,44,42,41
43,44,41,40
43,44,40,44
43,45,43,42
43,45,42,41
43,45,41,45
43,46,43,42
43,46,42,46
43,47,43,47
43,48,43,42
43,48,42,41
43,48,41,37
43,48,37,33
43,48,33,72
43,48,72,76
43,48,76,49
43,48,49,48
43,49,43,42
43,49,42,41
43,49,41,37
43,49,37,33
43,49,33,72
43,49,72,76
43,49,76,49
43,50,43,42
43,50,42,41
43,50,41,37
43,50,37,33
43,50,33,72
43,50,72,76
43,50,76,49
43,50,49,53
43,50,53,54
43,50,54,50
43,51,43,42
43,51,42,41
43,51,41,37
43,51,37,33
43,51,33,72
43,51,72,76
43,51,76,49
43,51,49,53
43,51,53,54
43,51,54,55
43,51,55,51
43,52,43,42
43,52,42,41
43,52,41,37
43,52,37,33
43,52,33,72
43,52,72,76
43,52,76,49
43,52,49,48
43,52,48,52
43,53,43,42
43,53,42,41
43,53,41,37
43,53,37,33
43,53,33,72
43,53,72,76
43,53,76,49
43,53,49,53
43,54,43,42
43,54,42,41
43,54,41,37
43,54,37,33
43,54,33,72
43,54,72,76
43,54,76,49
43,54,49,53
43,54,53,54
43,55,43,42
43,55,42,41
43,55,41,37
43,55,37,33
43,55,33,72
43,55,72,76
43,55,76,49
43,55,49,53
43,55,53,54
43,55,54,55
43,56,43,42
43,56,42,41
43,56,41,37
43,56,37,33
43,56,33,72
43,56,72,76
43,56,76,49
43,56,49,48
43,56,48,52
43,56,52,56
43,57,43,42
43,57,42,41
43,57,41,37
43,57,37,33
43,57,33,72
43,57,72,76
43,57,76,49
43,57,49,53
43,57,53,57
43,58,43,42
43,58,42,41
43,58,41,37
43,58,37,33
43,58,33,72
43,58,72,76
43,58,76,49
43,58,49,53
43,58,53,54
43,58,54,58
43,59,43,42
43,59,42,41
43,59,41,37
43,59,37,33
43,59,33,72
43,59,72,76
43,59,76,49
43,59,49,53
43,59,53,54
43,59,54,55
43,59,55,59
43,60,43,42
43,60,42,41
43,60,41,37
43,60,37,33
43,60,33,72
43,60,72,76
43,60,76,49
43,60,49,48
43,60,48,52
43,60,52,56
43,60,56,60
43,61,43,42
43,61,42,41
43,61,41,37
43,61,37,33
43,61,33,72
43,61,72,76
43,61,76,49
43,61,49,53
43,61,53,57
43,61,57,61
43,62,43,42
43,62,42,41
43,62,41,37
43,62,37,33
43,62,33,72
43,62,72,76
43,62,76,49
43,62,49,53
43,62,53,54
43,62,54,58
43,62,58,62
43,63,43,42
43,63,42,41
43,63,41,37
43,63,37,33
43,63,33,72
43,63,72,76
43,63,76,49
43,63,49,53
43,63,53,54
43,63,54,55
43,63,55,59
43,63,59,63
44,0,44,45
44,0,45,74
44,0,74,70
44,0,70,66
44,0,66,13
44,0,13,9
44,0,9,8
44,0,8,4
44,0,4,0
44,1,44,45
44,1,45,74
44,1,74,70
44,1,70,66
44,1,66,13
44,1,13,9
44,1,9,5
44,1,5,1
44,2,44,45
44,2,45,74
44,2,74,70
44,2,70,66
44,2,66,13
44,2,13,14
44,2,14,10
44,2,10,6
44,2,6,2
44,3,44,45
44,3,45,74
44,3,74,70
44,3,70,66
44,3,66,13
44,3,13,14
44,3,14,15
44,3,15,11
44,3,11,7
44,3,7,3
44,4,44,45
44,4,45,74
44,4,74,70
44,4,70,66
44,4,66,13
44,4,13,9
44,4,9,8
44,4,8,4
44,5,44,45
44,5,45,74
44,5,74,70
44,5,70,66
44,5,66,13
44,5,13,9
44,5,9,5
44,6,44,45
44,6,45,74
44,6,74,70
44,6,70,66
44,6,66,13
44,6,13,14
44,6,14,10
44,6,10,6
44,7,44,45
44,7,45,74
44,7,74,70
44,7,70,66
44,7,66,13
44,7,13,14
44,7,14,15
44,7,15,11
44,7,11,7
44,8,44,45
44,8,45,74
44,8,74,70
44,8,70,66
44,8,66,13
44,8,13,9
44,8,9,8
44,9,44,45
44,9,45,74
44,9,74,70
44,9,70,66
44,9,66,13
44,9,13,9
44,10,44,45
44,10,45,74
44,10,74,70
44,10,70,66
44,10,66,13
44,10,13,14
44,10,14,10
44,11,44,45
44,11,45,74
44,11,74,70
44,11,70,66
44,11,66,13
44,11,13,14
44,11,14,15
44,11,15,11
44,12,44,45
44,12,45,74
44,12,74,70
44,12,70,66
44,12,66,13
44,12,13,9
44,12,9,8
44,12,8,12
44,13,44,45
44,13,45,74
44,13,74,70
44,13,70,66
44,13,66,13
44,14,44,45
44,14,45,74
44,14,74,70
44,14,70,66
44,14,66,13
44,14,13,14
44,15,44,45
44,15,45,74
44,15,74,70
44,15,70,66
44,15,66,13
44,15,13,14
44,15,14,15
44,16,44,45
44,16,45,74
44,16,74,70
44,16,70,29
44,16,29,25
44,16,25,24
44,16,24,20
44,16,20,16
44,17,44,45
44,17,45,74
44,17,74,70
44,17,70,29
44,17,29,25
44,17,25,21
44,17,21,17
44,18,44,45
44,18,45,74
44,18,74,70
44,18,70,29
44,18,29,30
44,18,30,26
44,18,26,22
44,18,22,18
44,19,44,45
44,19,45,74
44,19,74,70
44,19,70,29
44,19,29,30
44,19,30,31
44,19,31,27
44,19,27,23
44,19,23,19
44,20,44,45
44,20,45,74
44,20,74,70
44,20,70,29
44,20,29,25
44,20,25,24
44,20,24,20
44,21,44,45
44,21,45,74
44,21,74,70
44,21,70,29
44,21,29,25
44,21,25,21
44,22,44,45
44,22,45,74
44,22,74,70
44,22,70,29
44,22,29,30
44,22,30,26
44,22,26,22
44,23,44,45
44,23,45,74
44,23,74,70
44,23,70,29
44,23,29,30
44,23,30,31
44,23,31,27
44,23,27,23
44,24,44,45
44,24,45,74
44,24,74,70
44,24,70,29
44,24,29,25
44,24,25,24
44,25,44,45
44,25,45,74
44,25,74,70
44,25,70,29
44,25,29,25
44,26,44,45
44,26,45,74
44,26,74,70
44,26,70,29
44,26,29,30
44,26,30,26
44,27,44,45
44,27,45,74
44,27,74,70
44,27,70,29
44,27,29,30
44,27,30,31
44,27,31,27
44,28,44,45
44,28,45,74
44,28,74,70
44,28,70,29
44,28,29,25
44,28,25,24
44,28,24,28
44,29,44,45
44,29,45,74
44,29,74,70
44,29,70,29
44,30,44,45
44,30,45,74
44,30,74,70
44,30,70,29
44,30,29,30
44,31,44,45
44,31,45,74
44,31,74,70
44,31,70,29
44,31,29,30
44,31,30,31
44,32,44,40
44,32,40,36
44,32,36,32
44,33,44,45
44,33,45,41
44,33,41,37
44,33,37,33
44,34,44,45
44,34,45,46
44,34,46,42
44,34,42,38
44,34,38,34
44,35,44,45
44,35,45,46
44,35,46,47
44,35,47,43
44,35,43,39
44,35,39,35
44,36,44,40
44,36,40,36
44,37,44,45
44,37,45,41
44,37,41,37
44,38,44,45
44,38,45,46
44,38,46,42
44,38,42,38
44,39,44,45
44,39,45,46
44,39,46,47
44,39,47,43
44,39,43,39
44,40,44,40
44,41,44,45
44,41,45,41
44,42,44,45
44,42,45,46
44,42,46,42
44,43,44,45
44,43,45,46
44,43,46,47
44,43,47,43
44,45,44,45
44,46,44,45
44,46,45,46
44,47,44,45
44,47,45,46
44,47,46,47
44,48,44,45
44,48,45,74
44,48,74,78
44,48,78,61
44,48,61,57
44,48,57,56
44,48,56,52
44,48,52,48
44,49,44,45
44,49,45,74
44,49,74,78
44,49,78,61
44,49,61,57
44,49,57,53
44,49,53,49
44,50,44,45
44,50,45,74
44,50,74,78
44,50,78,61
44,50,61,62
44,50,62,58
44,50,58,54
44,50,54,50
44,51,44,45
44,51,45,74
44,51,74,78
44,51,78,61
44,51,61,62
44,51,62,63
44,51,63,59
44,51,59,55
44,51,55,51
44,52,44,45
44,52,45,74
44,52,74,78
44,52,78,61
44,52,61,57
44,52,57,56
44,52,56,52
44,53,44,45
44,53,45,74
44,53,74,78
44,53,78,61
44,53,61,57
44,53,57,53
44,54,44,45
44,54,45,74
44,54,74,78
44,54,78,61
44,54,61,62
44,54,62,58
44,54,58,54
44,55,44,45
44,55,45,74
44,55,74,78
44,55,78,61
44,55,61,62
44,55,62,63
44,55,63,59
44,55,59,55
44,56,44,45
44,56,45,74
44,56,74,78
44,56,78,61
44,56,61,57
44,56,57,56
44,57,44,45
44,57,45,74
44,57,74,78
44,57,78,61
44,57,61,57
44,58,44,45
44,58,45,74
44,58,74,78
44,58,78,61
44,58,61,62
44,58,62,58
44,59,44,45
44,59,45,74
44,59,74,78
44,59,78,61
44,59,61,62
44,59,62,63
44,59,63,59
44,60,44,45
44,60,45,74
44,60,74,78
44,60,78,61
44,60,61,57
44,60,57,56
44,60,56,60
44,61,44,45
44,61,45,74
44,61,74,78
44,61,78,61
44,62,44,45
44,62,45,74
44,62,74,78
44,62,78,61
44,62,61,62
44,63,44,45
44,63,45,74
44,63,74,78
44,63,78,61
44,63,61,62
44,63,62,63
45,0,45,46
45,0,46,75
45,0,75,71
45,0,71,67
45,0,67,14
45,0,14,10
45,0,10,9
45,0,9,8
45,0,8,4
45,0,4,0
45,1,45,46
45,1,46,75
45,1,75,71
45,1,71,67
45,1,67,14
45,1,14,10
45,1,10,9
45,1,9,5
45,1,5,1
45,2,45,46
45,2,46,75
45,2,75,71
45,2,71,67
45,2,67,14
45,2,14,10
45,2,10,6
45,2,6,2
45,3,45,46
45,3,46,75
45,3,75,71
45,3,71,67
45,3,67,14
45,3,14,15
45,3,15,11
45,3,11,7
45,3,7,3
45,4,45,46
45,4,46,75
45,4,75,71
45,4,71,67
45,4,67,14
45,4,14,10
45,4,10,9
45,4,9,8
45,4,8,4
45,5,45,46
45,5,46,75
45,5,75,71
45,5,71,67
45,5,67,14
45,5,14,10
45,5,10,9
45,5,9,5
45,6,45,46
45,6,46,75
45,6,75,71
45,6,71,67
45,6,67,14
45,6,14,10
45,6,10,6
45,7,45,46
45,7,46,75
45,7,75,71
45,7,71,67
45,7,67,14
45,7,14,15
45,7,15,11
45,7,11,7
45,8,45,46
45,8,46,75
45,8,75,71
45,8,71,67
45,8,67,14
45,8,14,10
45,8,10,9
45,8,9,8
45,9,45,46
45,9,46,75
45,9,75,71
45,9,71,67
45,9,67,14
45,9,14,10
45,9,10,9
45,10,45,46
45,10,46,75
45,10,75,71
45,10,71,67
45,10,67,14
45,10,14,10
45,11,45,46
45,11,46,75
45,11,75,71
45,11,71,67
45,11,67,14
45,11,14,15
45,11,15,11
45,12,45,46
45,12,46,75
45,12,75,71
45,12,71,67
45,12,67,14
45,12,14,10
45,12,10,9
45,12,9,8
45,12,8,12
45,13,45,46
45,13,46,75
45,13,75,71
45,13,71,67
45,13,67,14
45,13,14,10
45,13,10,9
45,13,9,13
45,14,45,46
45,14,46,75
45,14,75,71
45,14,71,67
45,14,67,14
45,15,45,46
45,15,46,75
45,15,75,71
45,15,71,67
45,15,67,14
45,15,14,15
45,16,45,46
45,16,46,75
45,16,75,71
45,16,71,30
45,16,30,26
45,16,26,25
45,16,25,24
45,16,24,20
45,16,20,16
45,17,45,46
45,17,46,75
45,17,75,71
45,17,71,30
45,17,30,26
45,17,26,25
45,17,25,21
45,17,21,17
45,18,45,46
45,18,46,75
45,18,75,71
45,18,71,30
45,18,30,26
45,18,26,22
45,18,22,18
45,19,45,46
45,19,46,75
45,19,75,71
45,19,71,30
45,19,30,31
45,19,31,27
45,19,27,23
45,19,23,19
45,20,45,46
45,20,46,75
45,20,75,71
45,20,71,30
45,20,30,26
45,20,26,25
45,20,25,24
45,20,24,20
45,21,45,46
45,21,46,75
45,21,75,71
45,21,71,30
45,21,30,26
45,21,26,25
45,21,25,21
45,22,45,46
45,22,46,75
45,22,75,71
45,22,71,30
45,22,30,26
45,22,26,22
45,23,45,46
45,23,46,75
45,23,75,71
45,23,71,30
45,23,30,31
45,23,31,27
45,23,27,23
45,24,45,46
45,24,46,75
45,24,75,71
45,24,71,30
45,24,30,26
45,24,26,25
45,24,25,24
45,25,45,46
45,25,46,75
45,25,75,71
45,25,71,30
45,25,30,26
45,25,26,25
45,26,45,46
45,26,46,75
45,26,75,71
45,26,71,30
45,26,30,26
45,27,45,46
45,27,46,75
45,27,75,71
45,27,71,30
45,27,30,31
45,27,31,27
45,28,45,46
45,28,46,75
45,28,75,71
45,28,71,30
45,28,30,26
45,28,26,25
45,28,25,24
45,28,24,28
45,29,45,46
45,29,46,75
45,29,75,71
45,29,71,30
45,29,30,26
45,29,26,25
45,29,25,29
45,30,45,46
45,30,46,75
45,30,75,71
45,30,71,30
45,31,45,46
45,31,46,75
45,31,75,71
45,31,71,30
45,31,30,31
45,32,45,44
45,32,44,40
45,32,40,36
45,32,36,32
45,33,45,41
45,33,41,37
45,33,37,33
45,34,45,46
45,34,46,42
45,34,42,38
45,34,38,34
45,35,45,46
45,35,46,47
45,35,47,43
45,35,43,39
45,35,39,35
45,36,45,44
45,36,44,40
45,36,40,36
45,37,45,41
45,37,41,37
45,38,45,46
45,38,46,42
45,38,42,38
45,39,45,46
45,39,46,47
45,39,47,43
45,39,43,39
45,40,45,44
45,40,44,40
45,41,45,41
45,42,45,46
45,42,46,42
45,43,45,46
45,43,46,47
45,43,47,43
45,44,45,44
45,46,45,46
45,47,45,46
45,47,46,47
45,48,45,46
45,48,46,75
45,48,75,79
45,48,79,62
45,48,62,58
45,48,58,57
45,48,57,56
45,48,56,52
45,48,52,48
45,49,45,46
45,49,46,75
45,49,75,79
45,49,79,62
45,49,62,58
45,49,58,57
45,49,57,53
45,49,53,49
45,50,45,46
45,50,46,75
45,50,75,79
45,50,79,62
45,50,62,58
45,50,58,54
45,50,54,50
45,51,45,46
45,51,46,75
45,51,75,79
45,51,79,62
45,51,62,63
45,51,63,59
45,51,59,55
45,51,55,51
45,52,45,46
45,52,46,75
45,52,75,79
45,52,79,62
45,52,62,58
45,52,58,57
45,52,57,56
45,52,56,52
45,53,45,46
45,53,46,75
45,53,75,79
45,53,79,62
45,53,62,58
45,53,58,57
45,53,57,53
45,54,45,46
45,54,46,75
45,54,75,79
45,54,79,62
45,54,62,58
45,54,58,54
45,55,45,46
45,55,46,75
45,55,75,79
45,55,79,62
45,55,62,63
45,55,63,59
45,55,59,55
45,56,45,46
45,56,46,75
45,56,75,79
45,56,79,62
45,56,62,58
45,56,58,57
45,56,57,56
45,57,45,46
45,57,46,75
45,57,75,79
45,57,79,62
45,57,62,58
45,57,58,57
45,58,45,46
45,58,46,75
45,58,75,79
45,58,79,62
45,58,62,58
45,59,45,46
45,59,46,75
45,59,75,79
45,59,79,62
45,59,62,63
45,59,63,59
45,60,45,46
45,60,46,75
45,60,75,79
45,60,79,62
45,60,62,58
45,60,58,57
45,60,57,56
45,60,56,60
45,61,45,46
45,61,46,75
45,61,75,79
45,61,79,62
45,61,62,58
45,61,58,57
45,61,57,61
45,62,45,46
45,62,46,75
45,62,75,79
45,62,79,62
45,63,45,46
45,63,46,75
45,63,75,79
45,63,79,62
45,63,62,63
46,0,46,45
46,0,45,74
46,0,74,70
46,0,70,66
46,0,66,13
46,0,13,9
46,0,9,8
46,0,8,4
46,0,4,0
46,1,46,45
46,1,45,74
46,1,74,70
46,1,70,66
46,1,66,13
46,1,13,9
46,1,9,5
46,1,5,1
46,2,46,45
46,2,45,74
46,2,74,70
46,2,70,66
46,2,66,13
46,2,13,14
46,2,14,10
46,2,10,6
46,2,6,2
46,3,46,45
46,3,45,74
46,3,74,70
46,3,70,66
46,3,66,13
46,3,13,14
46,3,14,15
46,3,15,11
46,3,11,7
46,3,7,3
46,4,46,45
46,4,45,74
46,4,74,70
46,4,70,66
46,4,66,13
46,4,13,9
46,4,9,8
46,4,8,4
46,5,46,45
46,5,45,74
46,5,74,70
46,5,70,66
46,5,66,13
46,5,13,9
46,5,9,5
46,6,46,45
46,6,45,74
46,6,74,70
46,6,70,66
46,6,66,13
46,6,13,14
46,6,14,10
46,6,10,6
46,7,46,45
46,7,45,74
46,7,74,70
46,7,70,66
46,7,66,13
46,7,13,14
46,7,14,15
46,7,15,11
46,7,11,7
46,8,46,45
46,8,45,74
46,8,74,70
46,8,70,66
46,8,66,13
46,8,13,9
46,8,9,8
46,9,46,45
46,9,45,74
46,9,74,70
46,9,70,66
46,9,66,13
46,9,13,9
46,10,46,45
46,10,45,74
46,10,74,70
46,10,70,66
46,10,66,13
46,10,13,14
46,10,14,10
46,11,46,45
46,11,45,74
46,11,74,70
46,11,70,66
46,11,66,13
46,11,13,14
46,11,14,15
46,11,15,11
46,12,46,45
46,12,45,74
46,12,74,70
46,12,70,66
46,12,66,13
46,12,13,9
46,12,9,8
46,12,8,12
46,13,46,45
46,13,45,74
46,13,74,70
46,13,70,66
46,13,66,13
46,14,46,45
46,14,45,74
46,14,74,70
46,14,70,66
46,14,66,13
46,14,13,14
46,15,46,45
46,15,45,74
46,15,74,70
46,15,70,66
46,15,66,13
46,15,13,14
46,15,14,15
46,16,46,45
46,16,45,74
46,16,74,70
46,16,70,29
46,16,29,25
46,16,25,24
46,16,24,20
46,16,20,16
46,17,46,45
46,17,45,74
46,17,74,70
46,17,70,29
46,17,29,25
46,17,25,21
46,17,21,17
46,18,46,45
46,18,45,74
46,18,74,70
46,18,70,29
46,18,29,30
46,18,30,26
46,18,26,22
46,18,22,18
46,19,46,45
46,19,45,74
46,19,74,70
46,19,70,29
46,19,29,30
46,19,30,31
46,19,31,27
46,19,27,23
46,19,23,19
46,20,46,45
46,20,45,74
46,20,74,70
46,20,70,29
46,20,29,25
46,20,25,24
46,20,24,20
46,21,46,45
46,21,45,74
46,21,74,70
46,21,70,29
46,21,29,25
46,21,25,21
46,22,46,45
46,22,45,74
46,22,74,70
46,22,70,29
46,22,29,30
46,22,30,26
46,22,26,22
46,23,46,45
46,23,45,74
46,23,74,70
46,23,70,29
46,23,29,30
46,23,30,31
46,23,31,27
46,23,27,23
46,24,46,45
46,24,45,74
46,24,74,70
46,24,70,29
46,24,29,25
46,24,25,24
46,25,46,45
46,25,45,74
46,25,74,70
46,25,70,29
46,25,29,25
46,26,46,45
46,26,45,74
46,26,74,70
46,26,70,29
46,26,29,30
46,26,30,26
46,27,46,45
46,27,45,74
46,27,74,70
46,27,70,29
46,27,29,30
46,27,30,31
46,27,31,27
46,28,46,45
46,28,45,74
46,28,74,70
46,28,70,29
46,28,29,25
46,28,25,24
46,28,24,28
46,29,46,45
46,29,45,74
46,29,74,70
46,29,70,29
46,30,46,45
46,30,45,74
46,30,74,70
46,30,70,29
46,30,29,30
46,31,46,45
46,31,45,74
46,31,74,70
46,31,70,29
46,31,29,30
46,31,30,31
46,32,46,45
46,32,45,44
46,32,44,40
46,32,40,36
46,32,36,32
46,33,46,45
46,33,45,41
46,33,41,37
46,33,37,33
46,34,46,42
46,34,42,38
46,34,38,34
46,35,46,47
46,35,47,43
46,35,43,39
46,35,39,35
46,36,46,45
46,36,45,44
46,36,44,40
46,36,40,36
46,37,46,45
46,37,45,41
46,37,41,37
46,38,46,42
46,38,42,38
46,39,46,47
46,39,47,43
46,39,43,39
46,40,46,45
46,40,45,44
46,40,44,40
46,41,46,45
46,41,45,41
46,42,46,42
46,43,46,47
46,43,47,43
46,44,46,45
46,44,45,44
46,45,46,45
46,47,46,47
46,48,46,45
46,48,45,74
46,48,74,78
46,48,78,61
46,48,61,57
46,48,57,56
46,48,56,52
46,48,52,48
46,49,46,45
46,49,45,74
46,49,74,78
46,49,78,61
46,49,61,57
46,49,57,53
46,49,53,49
46,50,46,45
46,50,45,74
46,50,74,78
46,50,78,61
46,50,61,62
46,50,62,58
46,50,58,54
46,50,54,50
46,51,46,45
46,51,45,74
46,51,74,78
46,51,78,61
46,51,61,62
46,51,62,63
46,51,63,59
46,51,59,55
46,51,55,51
46,52,46,45
46,52,45,74
46,52,74,78
46,52,78,61
46,52,61,57
46,52,57,56
46,52,56,52
46,53,46,45
46,53,45,74
46,53,74,78
46,53,78,61
46,53,61,57
46,53,57,53
46,54,46,45
46,54,45,74
46,54,74,78
46,54,78,61
46,54,61,62
46,54,62,58
46,54,58,54
46,55,46,45
46,55,45,74
46,55,74,78
46,55,78,61
46,55,61,62
46,55,62,63
46,55,63,59
46,55,59,55
46,56,46,45
46,56,45,74
46,56,74,78
46,56,78,61
46,56,61,57
46,56,57,56
46,57,46,45
46,57,45,74
46,57,74,78
46,57,78,61
46,57,61,57
46,58,46,45
46,58,45,74
46,58,74,78
46,58,78,61
46,58,61,62
46,58,62,58
46,59,46,45
46,59,45,74
46,59,74,78
46,59,78,61
46,59,61,62
46,59,62,63
46,59,63,59
46,60,46,45
46,60,45,74
46,60,74,78
46,60,78,61
46,60,61,57
46,60,57,56
46,60,56,60
46,61,46,45
46,61,45,74
46,61,74,78
46,61,78,61
46,62,46,45
46,62,45,74
46,62,74,78
46,62,78,61
46,62,61,62
46,63,46,45
46,63,45,74
46,63,74,78
46,63,78,61
46,63,61,62
46,63,62,63
47,0,47,46
47,0,46,75
47,0,75,71
47,0,71,67
47,0,67,14
47,0,14,10
47,0,10,9
47,0,9,8
47,0,8,4
47,0,4,0
47,1,47,46
47,1,46,75
47,1,75,71
47,1,71,67
47,1,67,14
47,1,14,10
47,1,10,9
47,1,9,5
47,1,5,1
47,2,47,46
47,2,46,75
47,2,75,71
47,2,71,67
47,2,67,14
47,2,14,10
47,2,10,6
47,2,6,2
47,3,47,46
47,3,46,75
47,3,75,71
47,3,71,67
47,3,67,14
47,3,14,15
47,3,15,11
47,3,11,7
47,3,7,3
47,4,47,46
47,4,46,75
47,4,75,71
47,4,71,67
47,4,67,14
47,4,14,10
47,4,10,9
47,4,9,8
47,4,8,4
47,5,47,46
47,5,46,75
47,5,75,71
47,5,71,67
47,5,67,14
47,5,14,10
47,5,10,9
47,5,9,5
47,6,47,46
47,6,46,75
47,6,75,71
47,6,71,67
47,6,67,14
47,6,14,10
47,6,10,6
47,7,47,46
47,7,46,75
47,7,75,71
47,7,71,67
47,7,67,14
47,7,14,15
47,7,15,11
47,7,11,7
47,8,47,46
47,8,46,75
47,8,75,71
47,8,71,67
47,8,67,14
47,8,14,10
47,8,10,9
47,8,9,8
47,9,47,46
47,9,46,75
47,9,75,71
47,9,71,67
47,9,67,14
47,9,14,10
47,9,10,9
47,10,47,46
47,10,46,75
47,10,75,71
47,10,71,67
47,10,67,14
47,10,14,10
47,11,47,46
47,11,46,75
47,11,75,71
47,11,71,67
47,11,67,14
47,11,14,15
47,11,15,11
47,12,47,46
47,12,46,75
47,12,75,71
47,12,71,67
47,12,67,14
47,12,14,10
47,12,10,9
47,12,9,8
47,12,8,12
47,13,47,46
47,13,46,75
47,13,75,71
47,13,71,67
47,13,67,14
47,13,14,10
47,13,10,9
47,13,9,13
47,14,47,46
47,14,46,75
47,14,75,71
47,14,71,67
47,14,67,14
47,15,47,46
47,15,46,75
47,15,75,71
47,15,71,67
47,15,67,14
47,15,14,15
47,16,47,46
47,16,46,75
47,16,75,71
47,16,71,30
47,16,30,26
47,16,26,25
47,16,25,24
47,16,24,20
47,16,20,16
47,17,47,46
47,17,46,75
47,17,75,71
47,17,71,30
47,17,30,26
47,17,26,25
47,17,25,21
47,17,21,17
47,18,47,46
47,18,46,75
47,18,75,71
47,18,71,30
47,18,30,26
47,18,26,22
47,18,22,18
47,19,47,46
47,19,46,75
47,19,75,71
47,19,71,30
47,19,30,31
47,19,31,27
47,19,27,23
47,19,23,19
47,20,47,46
47,20,46,75
47,20,75,71
47,20,71,30
47,20,30,26
47,20,26,25
47,20,25,24
47,20,24,20
47,21,47,46
47,21,46,75
47,21,75,71
47,21,71,30
47,21,30,26
47,21,26,25
47,21,25,21
47,22,47,46
47,22,46,75
47,22,75,71
47,22,71,30
47,22,30,26
47,22,26,22
47,23,47,46
47,23,46,75
47,23,75,71
47,23,71,30
47,23,30,31
47,23,31,27
47,23,27,23
47,24,47,46
47,24,46,75
47,24,75,71
47,24,71,30
47,24,30,26
47,24,26,25
47,24,25,24
47,25,47,46
47,25,46,75
47,25,75,71
47,25,71,30
47,25,30,26
47,25,26,25
47,26,47,46
47,26,46,75
47,26,75,71
47,26,71,30
47,26,30,26
47,27,47,46
47,27,46,75
47,27,75,71
47,27,71,30
47,27,30,31
47,27,31,27
47,28,47,46
47,28,46,75
47,28,75,71
47,28,71,30
47,28,30,26
47,28,26,25
47,28,25,24
47,28,24,28
47,29,47,46
47,29,46,75
47,29,75,71
47,29,71,30
47,29,30,26
47,29,26,25
47,29,25,29
47,30,47,46
47,30,46,75
47,30,75,71
47,30,71,30
47,31,47,46
47,31,46,75
47,31,75,71
47,31,71,30
47,31,30,31
47,32,47,46
47,32,46,45
47,32,45,44
47,32,44,40
47,32,40,36
47,32,36,32
47,33,47,46
47,33,46,45
47,33,45,41
47,33,41,37
47,33,37,33
47,34,47,46
47,34,46,42
47,34,42,38
47,34,38,34
47,35,47,43
47,35,43,39
47,35,39,35
47,36,47,46
47,36,46,45
47,36,45,44
47,36,44,40
47,36,40,36
47,37,47,46
47,37,46,45
47,37,45,41
47,37,41,37
47,38,47,46
47,38,46,42
47,38,42,38
47,39,47,43
47,39,43,39
47,40,47,46
47,40,46,45
47,40,45,44
47,40,44,40
47,41,47,46
47,41,46,45
47,41,45,41
47,42,47,46
47,42,46,42
47,43,47,43
47,44,47,46
47,44,46,45
47,44,45,44
47,45,47,46
47,45,46,45
47,46,47,46
47,48,47,46
47,48,46,75
47,48,75,79
47,48,79,62
47,48,62,58
47,48,58,57
47,48,57,56
47,48,56,52
47,48,52,48
47,49,47,46
47,49,46,75
47,49,75,79
47,49,79,62
47,49,62,58
47,49,58,57
47,49,57,53
47,49,53,49
47,50,47,46
47,50,46,75
47,50,75,79
47,50,79,62
47,50,62,58
47,50,58,54
47,50,54,50
47,51,47,46
47,51,46,75
47,51,75,79
47,51,79,62
47,51,62,63
47,51,63,59
47,51,59,55
47,51,55,51
47,52,47,46
47,52,46,75
47,52,75,79
47,52,79,62
47,52,62,58
47,52,58,57
47,52,57,56
47,52,56,52
47,53,47,46
47,53,46,75
47,53,75,79
47,53,79,62
47,53,62,58
47,53,58,57
47,53,57,53
47,54,47,46
47,54,46,75
47,54,75,79
47,54,79,62
47,54,62,58
47,54,58,54
47,55,47,46
47,55,46,75
47,55,75,79
47,55,79,62
47,55,62,63
47,55,63,59
47,55,59,55
47,56,47,46
47,56,46,75
47,56,75,79
47,56,79,62
47,56,62,58
47,56,58,57
47,56,57,56
47,57,47,46
47,57,46,75
47,57,75,79
47,57,79,62
47,57,62,58
47,57,58,57
47,58,47,46
47,58,46,75
47,58,75,79
47,58,79,62
47,58,62,58
47,59,47,46
47,59,46,75
47,59,75,79
47,59,79,62
47,59,62,63
47,59,63,59
47,60,47,46
47,60,46,75
47,60,75,79
47,60,79,62
47,60,62,58
47,60,58,57
47,60,57,56
47,60,56,60
47,61,47,46
47,61,46,75
47,61,75,79
47,61,79,62
47,61,62,58
47,61,58,57
47,61,57,61
47,62,47,46
47,62,46,75
47,62,75,79
47,62,79,62
47,63,47,46
47,63,46,75
47,63,75,79
47,63,79,62
47,63,62,63
48,0,48,49
48,0,49,76
48,0,76,72
48,0,72,68
48,0,68,64
48,0,64,1
48,0,1,0
48,1,48,49
48,1,49,76
48,1,76,72
48,1,72,68
48,1,68,64
48,1,64,1
48,2,48,49
48,2,49,76
48,2,76,72
48,2,72,68
48,2,68,64
48,2,64,1
48,2,1,5
48,2,5,6
48,2,6,2
48,3,48,49
48,3,49,76
48,3,76,72
48,3,72,68
48,3,68,64
48,3,64,1
48,3,1,5
48,3,5,6
48,3,6,7
48,3,7,3
48,4,48,49
48,4,49,76
48,4,76,72
48,4,72,68
48,4,68,64
48,4,64,1
48,4,1,0
48,4,0,4
48,5,48,49
48,5,49,76
48,5,76,72
48,5,72,68
48,5,68,64
48,5,64,1
48,5,1,5
48,6,48,49
48,6,49,76
48,6,76,72
48,6,72,68
48,6,68,64
48,6,64,1
48,6,1,5
48,6,5,6
48,7,48,49
48,7,49,76
48,7,76,72
48,7,72,68
48,7,68,64
48,7,64,1
48,7,1,5
48,7,5,6
48,7,6,7
48,8,48,49
48,8,49,76
48,8,76,72
48,8,72,68
48,8,68,64
48,8,64,1
48,8,1,0
48,8,0,4
48,8,4,8
48,9,48,49
48,9,49,76
48,9,76,72
48,9,72,68
48,9,68,64
48,9,64,1
48,9,1,5
48,9,5,9
48,10,48,49
48,10,49,76
48,10,76,72
48,10,72,68
48,10,68,64
48,10,64,1
48,10,1,5
48,10,5,6
48,10,6,10
48,11,48,49
48,11,49,76
48,11,76,72
48,11,72,68
48,11,68,64
48,11,64,1
48,11,1,5
48,11,5,6
48,11,6,7
48,11,7,11
48,12,48,49
48,12,49,76
48,12,76,72
48,12,72,68
48,12,68,64
48,12,64,1
48,12,1,0
48,12,0,4
48,12,4,8
48,12,8,12
48,13,48,49
48,13,49,76
48,13,76,72
48,13,72,68
48,13,68,64
48,13,64,1
48,13,1,5
48,13,5,9
48,13,9,13
48,14,48,49
48,14,49,76
48,14,76,72
48,14,72,68
48,14,68,64
48,14,64,1
48,14,1,5
48,14,5,6
48,14,6,10
48,14,10,14
48,15,48,49
48,15,49,76
48,15,76,72
48,15,72,68
48,15,68,64
48,15,64,1
48,15,1,5
48,15,5,6
48,15,6,7
48,15,7,11
48,15,11,15
48,16,48,49
48,16,49,76
48,16,76,72
48,16,72,68
48,16,68,17
48,16,17,16
48,17,48,49
48,17,49,76
48,17,76,72
48,17,72,68
48,17,68,17
48,18,48,49
48,18,49,76
48,18,76,72
48,18,72,68
48,18,68,17
48,18,17,21
48,18,21,22
48,18,22,18
48,19,48,49
48,19,49,76
48,19,76,72
48,19,72,68
48,19,68,17
48,19,17,21
48,19,21,22
48,19,22,23
48,19,23,19
48,20,48,49
48,20,49,76
48,20,76,72
48,20,72,68
48,20,68,17
48,20,17,16
48,20,16,20
48,21,48,49
48,21,49,76
48,21,76,72
48,21,72,68
48,21,68,17
48,21,17,21
48,22,48,49
48,22,49,76
48,22,76,72
48,22,72,68
48,22,68,17
48,22,17,21
48,22,21,22
48,23,48,49
48,23,49,76
48,23,76,72
48,23,72,68
48,23,68,17
48,23,17,21
48,23,21,22
48,23,22,23
48,24,48,49
48,24,49,76
48,24,76,72
48,24,72,68
48,24,68,17
48,24,17,16
48,24,16,20
48,24,20,24
48,25,48,49
48,25,49,76
48,25,76,72
48,25,72,68
48,25,68,17
48,25,17,21
48,25,21,25
48,26,48,49
48,26,49,76
48,26,76,72
48,26,72,68
48,26,68,17
48,26,17,21
48,26,21,22
48,26,22,26
48,27,48,49
48,27,49,76
48,27,76,72
48,27,72,68
48,27,68,17
48,27,17,21
48,27,21,22
48,27,22,23
48,27,23,27
48,28,48,49
48,28,49,76
48,28,76,72
48,28,72,68
48,28,68,17
48,28,17,16
48,28,16,20
48,28,20,24
48,28,24,28
48,29,48,49
48,29,49,76
48,29,76,72
48,29,72,68
48,29,68,17
48,29,17,21
48,29,21,25
48,29,25,29
48,30,48,49
48,30,49,76
48,30,76,72
48,30,72,68
48,30,68,17
48,30,17,21
48,30,21,22
48,30,22,26
48,30,26,30
48,31,48,49
48,31,49,76
48,31,76,72
48,31,72,68
48,31,68,17
48,31,17,21
48,31,21,22
48,31,22,23
48,31,23,27
48,31,27,31
48,32,48,49
48,32,49,76
48,32,76,72
48,32,72,33
48,32,33,32
48,33,48,49
48,33,49,76
48,33,76,72
48,33,72,33
48,34,48,49
48,34,49,76
48,34,76,72
48,34,72,33
48,34,33,37
48,34,37,38
48,34,38,34
48,35,48,49
48,35,49,76
48,35,76,72
48,35,72,33
48,35,33,37
48,35,37,38
48,35,38,39
48,35,39,35
48,36,48,49
48,36,49,76
48,36,76,72
48,36,72,33
48,36,33,32
48,36,32,36
48,37,48,49
48,37,49,76
48,37,76,72
48,37,72,33
48,37,33,37
48,38,48,49
48,38,49,76
48,38,76,72
48,38,72,33
48,38,33,37
48,38,37,38
48,39,48,49
48,39,49,76
48,39,76,72
48,39,72,33
48,39,33,37
48,39,37,38
48,39,38,39
48,40,48,49
48,40,49,76
48,40,76,72
48,40,72,33
48,40,33,32
48,40,32,36
48,40,36,40
48,41,48,49
48,41,49,76
48,41,76,72
48,41,72,33
48,41,33,37
48,41,37,41
48,42,48,49
48,42,49,76
48,42,76,72
48,42,72,33
48,42,33,37
48,42,37,38
48,42,38,42
48,43,48,49
48,43,49,76
48,43,76,72
48,43,72,33
48,43,33,37
48,43,37,38
48,43,38,39
48,43,39,43
48,44,48,49
48,44,49,76
48,44,76,72
48,44,72,33
48,44,33,32
48,44,32,36
48,44,36,40
48,44,40,44
48,45,48,49
48,45,49,76
48,45,76,72
48,45,72,33
48,45,33,37
48,45,37,41
48,45,41,45
48,46,48,49
48,46,49,76
48,46,76,72
48,46,72,33
48,46,33,37
48,46,37,38
48,46,38,42
48,46,42,46
48,47,48,49
48,47,49,76
48,47,76,72
48,47,72,33
48,47,33,37
48,47,37,38
48,47,38,39
48,47,39,43
48,47,43,47
48,49,48,49
48,50,48,49
48,50,49,50
48,51,48,49
48,51,49,50
48,51,50,51
48,52,48,52
48,53,48,49
48,53,49,53
48,54,48,49
48,54,49,50
48,54,50,54
48,55,48,49
48,55,49,50
48,55,50,51
48,55,51,55
48,56,48,52
48,56,52,56
48,57,48,49
48,57,49,53
48,57,53,57
48,58,48,49
48,58,49,50
48,58,50,54
48,58,54,58
48,59,48,49
48,59,49,50
48,59,50,51
48,59,51,55
48,59,55,59
48,60,48,52
48,60,52,56
48,60,56,60
48,61,48,49
48,61,49,53
48,61,53,57
48,61,57,61
48,62,48,49
48,62,49,50
48,62,50,54
48,62,54,58
48,62,58,62
48,63,48,49
48,63,49,50
48,63,50,51
48,63,51,55
48,63,55,59
48,63,59,63
49,0,49,50
49,0,50,51
49,0,51,77
49,0,77,73
49,0,73,69
49,0,69,65
49,0,65,3
49,0,3,2
49,0,2,1
49,0,1,0
49,1,49,50
49,1,50,51
49,1,51,77
49,1,77,73
49,1,73,69
49,1,69,65
49,1,65,3
49,1,3,2
49,1,2,1
49,2,49,50
49,2,50,51
49,2,51,77
49,2,77,73
49,2,73,69
49,2,69,65
49,2,65,3
49,2,3,2
49,3,49,50
49,3,50,51
49,3,51,77
49,3,77,73
49,3,73,69
49,3,69,65
49,3,65,3
49,4,49,50
49,4,50,51
49,4,51,77
49,4,77,73
49,4,73,69
49,4,69,65
49,4,65,3
49,4,3,2
49,4,2,1
49,4,1,0
49,4,0,4
49,5,49,50
49,5,50,51
49,5,51,77
49,5,77,73
49,5,73,69
49,5,69,65
49,5,65,3
49,5,3,2
49,5,2,1
49,5,1,5
49,6,49,50
49,6,50,51
49,6,51,77
49,6,77,73
49,6,73,69
49,6,69,65
49,6,65,3
49,6,3,2
49,6,2,6
49,7,49,50
49,7,50,51
49,7,51,77
49,7,77,73
49,7,73,69
49,7,69,65
49,7,65,3
49,7,3,7
49,8,49,50
49,8,50,51
49,8,51,77
49,8,77,73
49,8,73,69
49,8,69,65
49,8,65,3
49,8,3,2
49,8,2,1
49,8,1,0
49,8,0,4
49,8,4,8
49,9,49,50
49,9,50,51
49,9,51,77
49,9,77,73
49,9,73,69
49,9,69,65
49,9,65,3
49,9,3,2
49,9,2,1
49,9,1,5
49,9,5,9
49,10,49,50
49,10,50,51
49,10,51,77
49,10,77,73
49,10,73,69
49,10,69,65
49,10,65,3
49,10,3,2
49,10,2,6
49,10,6,10
49,11,49,50
49,11,50,51
49,11,51,77
49,11,77,73
49,11,73,69
49,11,69,65
49,11,65,3
49,11,3,7
49,11,7,11
49,12,49,50
49,12,50,51
49,12,51,77
49,12,77,73
49,12,73,69
49,12,69,65
49,12,65,3
49,12,3,2
49,12,2,1
49,12,1,0
49,12,0,4
49,12,4,8
49,12,8,12
49,13,49,50
49,13,50,51
49,13,51,77
49,13,77,73
49,13,73,69
49,13,69,65
49,13,65,3
49,13,3,2
49,13,2,1
49,13,1,5
49,13,5,9
49,13,9,13
49,14,49,50
49,14,50,51
49,14,51,77
49,14,77,73
49,14,73,69
49,14,69,65
49,14,65,3
49,14,3,2
49,14,2,6
49,14,6,10
49,14,10,14
49,15,49,50
49,15,50,51
49,15,51,77
49,15,77,73
49,15,73,69
49,15,69,65
49,15,65,3
49,15,3,7
49,15,7,11
49,15,11,15
49,16,49,50
49,16,50,51
49,16,51,77
49,16,77,73
49,16,73,69
49,16,69,19
49,16,19,18
49,16,18,17
49,16,17,16
49,17,49,50
49,17,50,51
49,17,51,77
49,17,77,73
49,17,73,69
49,17,69,19
49,17,19,18
49,17,18,17
49,18,49,50
49,18,50,51
49,18,51,77
49,18,77,73
49,18,73,69
49,18,69,19
49,18,19,18
49,19,49,50
49,19,50,51
49,19,51,77
49,19,77,73
49,19,73,69
49,19,69,19
49,20,49,50
49,20,50,51
49,20,51,77
49,20,77,73
49,20,73,69
49,20,69,19
49,20,19,18
49,20,18,17
49,20,17,16
49,20,16,20
49,21,49,50
49,21,50,51
49,21,51,77
49,21,77,73
49,21,73,69
49,21,69,19
49,21,19,18
49,21,18,17
49,21,17,21
49,22,49,50
49,22,50,51
49,22,51,77
49,22,77,73
49,22,73,69
49,22,69,19
49,22,19,18
49,22,18,22
49,23,49,50
49,23,50,51
49,23,51,77
49,23,77,73
49,23,73,69
49,23,69,19
49,23,19,23
49,24,49,50
49,24,50,51
49,24,51,77
49,24,77,73
49,24,73,69
49,24,69,19
49,24,19,18
49,24,18,17
49,24,17,16
49,24,16,20
49,24,20,24
49,25,49,50
49,25,50,51
49,25,51,77
49,25,77,73
49,25,73,69
49,25,69,19
49,25,19,18
49,25,18,17
49,25,17,21
49,25,21,25
49,26,49,50
49,26,50,51
49,26,51,77
49,26,77,73
49,26,73,69
49,26,69,19
49,26,19,18
49,26,18,22
49,26,22,26
49,27,49,50
49,27,50,51
49,27,51,77
49,27,77,73
49,27,73,69
49,27,69,19
49,27,19,23
49,27,23,27
49,28,49,50
49,28,50,51
49,28,51,77
49,28,77,73
49,28,73,69
49,28,69,19
49,28,19,18
49,28,18,17
49,28,17,16
49,28,16,20
49,28,20,24
49,28,24,28
49,29,49,50
49,29,50,51
49,29,51,77
49,29,77,73
49,29,73,69
49,29,69,19
49,29,19,18
49,29,18,17
49,29,17,21
49,29,21,25
49,29,25,29
49,30,49,50
49,30,50,51
49,30,51,77
49,30,77,73
49,30,73,69
49,30,69,19
49,30,19,18
49,30,18,22
49,30,22,26
49,30,26,30
49,31,49,50
49,31,50,51
49,31,51,77
49,31,77,73
49,31,73,69
49,31,69,19
49,31,19,23
49,31,23,27
49,31,27,31
49,32,49,50
49,32,50,51
49,32,51,77
49,32,77,73
49,32,73,35
49,32,35,34
49,32,34,33
49,32,33,32
49,33,49,50
49,33,50,51
49,33,51,77
49,33,77,73
49,33,73,35
49,33,35,34
49,33,34,33
49,34,49,50
49,34,50,51
49,34,51,77
49,34,77,73
49,34,73,35
49,34,35,34
49,35,49,50
49,35,50,51
49,35,51,77
49,35,77,73
49,35,73,35
49,36,49,50
49,36,50,51
49,36,51,77
49,36,77,73
49,36,73,35
49,36,35,34
49,36,34,33
49,36,33,32
49,36,32,36
49,37,49,50
49,37,50,51
49,37,51,77
49,37,77,73
49,37,73,35
49,37,35,34
49,37,34,33
49,37,33,37
49,38,49,50
49,38,50,51
49,38,51,77
49,38,77,73
49,38,73,35
49,38,35,34
49,38,34,38
49,39,49,50
49,39,50,51
49,39,51,77
49,39,77,73
49,39,73,35
49,39,35,39
49,40,49,50
49,40,50,51
49,40,51,77
49,40,77,73
49,40,73,35
49,40,35,34
49,40,34,33
49,40,33,32
49,40,32,36
49,40,36,40
49,41,49,50
49,41,50,51
49,41,51,77
49,41,77,73
49,41,73,35
49,41,35,34
49,41,34,33
49,41,33,37
49,41,37,41
49,42,49,50
49,42,50,51
49,42,51,77
49,42,77,73
49,42,73,35
49,42,35,34
49,42,34,38
49,42,38,42
49,43,49,50
49,43,50,51
49,43,51,77
49,43,77,73
49,43,73,35
49,43,35,39
49,43,39,43
49,44,49,50
49,44,50,51
49,44,51,77
49,44,77,73
49,44,73,35
49,44,35,34
49,44,34,33
49,44,33,32
49,44,32,36
49,44,36,40
49,44,40,44
49,45,49,50
49,45,50,51
49,45,51,77
49,45,77,73
49,45,73,35
49,45,35,34
49,45,34,33
49,45,33,37
49,45,37,41
49,45,41,45
49,46,49,50
49,46,50,51
49,46,51,77
49,46,77,73
49,46,73,35
49,46,35,34
49,46,34,38
49,46,38,42
49,46,42,46
49,47,49,50
49,47,50,51
49,47,51,77
49,47,77,73
49,47,73,35
49,47,35,39
49,47,39,43
49,47,43,47
49,48,49,48
49,50,49,50
49,51,49,50
49,51,50,51
49,52,49,48
49,52,48,52
49,53,49,53
49,54,49,50
49,54,50,54
49,55,49,50
49,55,50,51
49,55,51,55
49,56,49,48
49,56,48,52
49,56,52,56
49,57,49,53
49,57,53,57
49,58,49,50
49,58,50,54
49,58,54,58
49,59,49,50
49,59,50,51
49,59,51,55
49,59,55,59
49,60,49,48
49,60,48,52
49,60,52,56
49,60,56,60
49,61,49,53
49,61,53,57
49,61,57,61
49,62,49,50
49,62,50,54
49,62,54,58
49,62,58,62
49,63,49,50
49,63,50,51
49,63,51,55
49,63,55,59
49,63,59,63
50,0,50,49
50,0,49,76
50,0,76,72
50,0,72,68
50,0,68,64
50,0,64,1
50,0,1,0
50,1,50,49
50,1,49,76
50,1,76,72
50,1,72,68
50,1,68,64
50,1,64,1
50,2,50,49
50,2,49,76
50,2,76,72
50,2,72,68
50,2,68,64
50,2,64,1
50,2,1,5
50,2,5,6
50,2,6,2
50,3,50,49
50,3,49,76
50,3,76,72
50,3,72,68
50,3,68,64
50,3,64,1
50,3,1,5
50,3,5,6
50,3,6,7
50,3,7,3
50,4,50,49
50,4,49,76
50,4,76,72
50,4,72,68
50,4,68,64
50,4,64,1
50,4,1,0
50,4,0,4
50,5,50,49
50,5,49,76
50,5,76,72
50,5,72,68
50,5,68,64
50,5,64,1
50,5,1,5
50,6,50,49
50,6,49,76
50,6,76,72
50,6,72,68
50,6,68,64
50,6,64,1
50,6,1,5
50,6,5,6
50,7,50,49
50,7,49,76
50,7,76,72
50,7,72,68
50,7,68,64
50,7,64,1
50,7,1,5
50,7,5,6
50,7,6,7
50,8,50,49
50,8,49,76
50,8,76,72
50,8,72,68
50,8,68,64
50,8,64,1
50,8,1,0
50,8,0,4
50,8,4,8
50,9,50,49
50,9,49,76
50,9,76,72
50,9,72,68
50,9,68,64
50,9,64,1
50,9,1,5
50,9,5,9
50,10,50,49
50,10,49,76
50,10,76,72
50,10,72,68
50,10,68,64
50,10,64,1
50,10,1,5
50,10,5,6
50,10,6,10
50,11,50,49
50,11,49,76
50,11,76,72
50,11,72,68
50,11,68,64
50,11,64,1
50,11,1,5
50,11,5,6
50,11,6,7
50,11,7,11
50,12,50,49
50,12,49,76
50,12,76,72
50,12,72,68
50,12,68,64
50,12,64,1
50,12,1,0
50,12,0,4
50,12,4,8
50,12,8,12
50,13,50,49
50,13,49,76
50,13,76,72
50,13,72,68
50,13,68,64
50,13,64,1
50,13,1,5
50,13,5,9
50,13,9,13
50,14,50,49
50,14,49,76
50,14,76,72
50,14,72,68
50,14,68,64
50,14,64,1
50,14,1,5
50,14,5,6
50,14,6,10
50,14,10,14
50,15,50,49
50,15,49,76
50,15,76,72
50,15,72,68
50,15,68,64
50,15,64,1
50,15,1,5
50,15,5,6
50,15,6,7
50,15,7,11
50,15,11,15
50,16,50,49
50,16,49,76
50,16,76,72
50,16,72,68
50,16,68,17
50,16,17,16
50,17,50,49
50,17,49,76
50,17,76,72
50,17,72,68
50,17,68,17
50,18,50,49
50,18,49,76
50,18,76,72
50,18,72,68
50,18,68,17
50,18,17,21
50,18,21,22
50,18,22,18
50,19,50,49
50,19,49,76
50,19,76,72
50,19,72,68
50,19,68,17
50,19,17,21
50,19,21,22
50,19,22,23
50,19,23,19
50,20,50,49
50,20,49,76
50,20,76,72
50,20,72,68
50,20,68,17
50,20,17,16
50,20,16,20
50,21,50,49
50,21,49,76
50,21,76,72
50,21,72,68
50,21,68,17
50,21,17,21
50,22,50,49
50,22,49,76
50,22,76,72
50,22,72,68
50,22,68,17
50,22,17,21
50,22,21,22
50,23,50,49
50,23,49,76
50,23,76,72
50,23,72,68
50,23,68,17
50,23,17,21
50,23,21,22
50,23,22,23
50,24,50,49
50,24,49,76
50,24,76,72
50,24,72,68
50,24,68,17
50,24,17,16
50,24,16,20
50,24,20,24
50,25,50,49
50,25,49,76
50,25,76,72
50,25,72,68
50,25,68,17
50,25,17,21
50,25,21,25
50,26,50,49
50,26,49,76
50,26,76,72
50,26,72,68
50,26,68,17
50,26,17,21
50,26,21,22
50,26,22,26
50,27,50,49
50,27,49,76
50,27,76,72
50,27,72,68
50,27,68,17
50,27,17,21
50,27,21,22
50,27,22,23
50,27,23,27
50,28,50,49
50,28,49,76
50,28,76,72
50,28,72,68
50,28,68,17
50,28,17,16
50,28,16,20
50,28,20,24
50,28,24,28
50,29,50,49
50,29,49,76
50,29,76,72
50,29,72,68
50,29,68,17
50,29,17,21
50,29,21,25
50,29,25,29
50,30,50,49
50,30,49,76
50,30,76,72
50,30,72,68
50,30,68,17
50,30,17,21
50,30,21,22
50,30,22,26
50,30,26,30
50,31,50,49
50,31,49,76
50,31,76,72
50,31,72,68
50,31,68,17
50,31,17,21
50,31,21,22
50,31,22,23
50,31,23,27
50,31,27,31
50,32,50,49
50,32,49,76
50,32,76,72
50,32,72,33
50,32,33,32
50,33,50,49
50,33,49,76
50,33,76,72
50,33,72,33
50,34,50,49
50,34,49,76
50,34,76,72
50,34,72,33
50,34,33,37
50,34,37,38
50,34,38,34
50,35,50,49
50,35,49,76
50,35,76,72
50,35,72,33
50,35,33,37
50,35,37,38
50,35,38,39
50,35,39,35
50,36,50,49
50,36,49,76
50,36,76,72
50,36,72,33
50,36,33,32
50,36,32,36
50,37,50,49
50,37,49,76
50,37,76,72
50,37,72,33
50,37,33,37
50,38,50,49
50,38,49,76
50,38,76,72
50,38,72,33
50,38,33,37
50,38,37,38
50,39,50,49
50,39,49,76
50,39,76,72
50,39,72,33
50,39,33,37
50,39,37,38
50,39,38,39
50,40,50,49
50,40,49,76
50,40,76,72
50,40,72,33
50,40,33,32
50,40,32,36
50,40,36,40
50,41,50,49
50,41,49,76
50,41,76,72
50,41,72,33
50,41,33,37
50,41,37,41
50,42,50,49
50,42,49,76
50,42,76,72
50,42,72,33
50,42,33,37
50,42,37,38
50,42,38,42
50,43,50,49
50,43,49,76
50,43,76,72
50,43,72,33
50,43,33,37
50,43,37,38
50,43,38,39
50,43,39,43
50,44,50,49
50,44,49,76
50,44,76,72
50,44,72,33
50,44,33,32
50,44,32,36
50,44,36,40
50,44,40,44
50,45,50,49
50,45,49,76
50,45,76,72
50,45,72,33
50,45,33,37
50,45,37,41
50,45,41,45
50,46,50,49
50,46,49,76
50,46,76,72
50,46,72,33
50,46,33,37
50,46,37,38
50,46,38,42
50,46,42,46
50,47,50,49
50,47,49,76
50,47,76,72
50,47,72,33
50,47,33,37
50,47,37,38
50,47,38,39
50,47,39,43
50,47,43,47
50,48,50,49
50,48,49,48
50,49,50,49
50,51,50,51
50,52,50,49
50,52,49,48
50,52,48,52
50,53,50,49
50,53,49,53
50,54,50,54
50,55,50,51
50,55,51,55
50,56,50,49
50,56,49,48
50,56,48,52
50,56,52,56
50,57,50,49
50,57,49,53
50,57,53,57
50,58,50,54
50,58,54,58
50,59,50,51
50,59,51,55
50,59,55,59
50,60,50,49
50,60,49,48
50,60,48,52
50,60,52,56
50,60,56,60
50,61,50,49
50,61,49,53
50,61,53,57
50,61,57,61
50,62,50,54
50,62,54,58
50,62,58,62
50,63,50,51
50,63,51,55
50,63,55,59
50,63,59,63
51,0,51,50
51,0,50,49
51,0,49,76
51,0,76,72
51,0,72,68
51,0,68,64
51,0,64,1
51,0,1,0
51,1,51,50
51,1,50,49
51,1,49,76
51,1,76,72
51,1,72,68
51,1,68,64
51,1,64,1
51,2,51,50
51,2,50,49
51,2,49,76
51,2,76,72
51,2,72,68
51,2,68,64
51,2,64,1
51,2,1,5
51,2,5,6
51,2,6,2
51,3,51,50
51,3,50,49
51,3,49,76
51,3,76,72
51,3,72,68
51,3,68,64
51,3,64,1
51,3,1,5
51,3,5,6
51,3,6,7
51,3,7,3
51,4,51,50
51,4,50,49
51,4,49,76
51,4,76,72
51,4,72,68
51,4,68,64
51,4,64,1
51,4,1,0
51,4,0,4
51,5,51,50
51,5,50,49
51,5,49,76
51,5,76,72
51,5,72,68
51,5,68,64
51,5,64,1
51,5,1,5
51,6,51,50
51,6,50,49
51,6,49,76
51,6,76,72
51,6,72,68
51,6,68,64
51,6,64,1
51,6,1,5
51,6,5,6
51,7,51,50
51,7,50,49
51,7,49,76
51,7,76,72
51,7,72,68
51,7,68,64
51,7,64,1
51,7,1,5
51,7,5,6
51,7,6,7
51,8,51,50
51,8,50,49
51,8,49,76
51,8,76,72
51,8,72,68
51,8,68,64
51,8,64,1
51,8,1,0
51,8,0,4
51,8,4,8
51,9,51,50
51,9,50,49
51,9,49,76
51,9,76,72
51,9,72,68
51,9,68,64
51,9,64,1
51,9,1,5
51,9,5,9
51,10,51,50
51,10,50,49
51,10,49,76
51,10,76,72
51,10,72,68
51,10,68,64
51,10,64,1
51,10,1,5
51,10,5,6
51,10,6,10
51,11,51,50
51,11,50,49
51,11,49,76
51,11,76,72
51,11,72,68
51,11,68,64
51,11,64,1
51,11,1,5
51,11,5,6
51,11,6,7
51,11,7,11
51,12,51,50
51,12,50,49
51,12,49,76
51,12,76,72
51,12,72,68
51,12,68,64
51,12,64,1
51,12,1,0
51,12,0,4
51,12,4,8
51,12,8,12
51,13,51,50
51,13,50,49
51,13,49,76
51,13,76,72
51,13,72,68
51,13,68,64
51,13,64,1
51,13,1,5
51,13,5,9
51,13,9,13
51,14,51,50
51,14,50,49
51,14,49,76
51,14,76,72
51,14,72,68
51,14,68,64
51,14,64,1
51,14,1,5
51,14,5,6
51,14,6,10
51,14,10,14
51,15,51,50
51,15,50,49
51,15,49,76
51,15,76,72
51,15,72,68
51,15,68,64
51,15,64,1
51,15,1,5
51,15,5,6
51,15,6,7
51,15,7,11
51,15,11,15
51,16,51,50
51,16,50,49
51,16,49,76
51,16,76,72
51,16,72,68
51,16,68,17
51,16,17,16
51,17,51,50
51,17,50,49
51,17,49,76
51,17,76,72
51,17,72,68
51,17,68,17
51,18,51,50
51,18,50,49
51,18,49,76
51,18,76,72
51,18,72,68
51,18,68,17
51,18,17,21
51,18,21,22
51,18,22,18
51,19,51,50
51,19,50,49
51,19,49,76
51,19,76,72
51,19,72,68
51,19,68,17
51,19,17,21
51,19,21,22
51,19,22,23
51,19,23,19
51,20,51,50
51,20,50,49
51,20,49,76
51,20,76,72
51,20,72,68
51,20,68,17
51,20,17,16
51,20,16,20
51,21,51,50
51,21,50,49
51,21,49,76
51,21,76,72
51,21,72,68
51,21,68,17
51,21,17,21
51,22,51,50
51,22,50,49
51,22,49,76
51,22,76,72
51,22,72,68
51,22,68,17
51,22,17,21
51,22,21,22
51,23,51,50
51,23,50,49
51,23,49,76
51,23,76,72
51,23,72,68
51,23,68,17
51,23,17,21
51,23,21,22
51,23,22,23
51,24,51,50
51,24,50,49
51,24,49,76
51,24,76,72
51,24,72,68
51,24,68,17
51,24,17,16
51,24,16,20
51,24,20,24
51,25,51,50
51,25,50,49
51,25,49,76
51,25,76,72
51,25,72,68
51,25,68,17
51,25,17,21
51,25,21,25
51,26,51,50
51,26,50,49
51,26,49,76
51,26,76,72
51,26,72,68
51,26,68,17
51,26,17,21
51,26,21,22
51,26,22,26
51,27,51,50
51,27,50,49
51,27,49,76
51,27,76,72
51,27,72,68
51,27,68,17
51,27,17,21
51,27,21,22
51,27,22,23
51,27,23,27
51,28,51,50
51,28,50,49
51,28,49,76
51,28,76,72
51,28,72,68
51,28,68,17
51,28,17,16
51,28,16,20
51,28,20,24
51,28,24,28
51,29,51,50
51,29,50,49
51,29,49,76
51,29,76,72
51,29,72,68
51,29,68,17
51,29,17,21
51,29,21,25
51,29,25,29
51,30,51,50
51,30,50,49
51,30,49,76
51,30,76,72
51,30,72,68
51,30,68,17
51,30,17,21
51,30,21,22
51,30,22,26
51,30,26,30
51,31,51,50
51,31,50,49
51,31,49,76
51,31,76,72
51,31,72,68
51,31,68,17
51,31,17,21
51,31,21,22
51,31,22,23
51,31,23,27
51,31,27,31
51,32,51,50
51,32,50,49
51,32,49,76
51,32,76,72
51,32,72,33
51,32,33,32
51,33,51,50
51,33,50,49
51,33,49,76
51,33,76,72
51,33,72,33
51,34,51,50
51,34,50,49
51,34,49,76
51,34,76,72
51,34,72,33
51,34,33,37
51,34,37,38
51,34,38,34
51,35,51,50
51,35,50,49
51,35,49,76
51,35,76,72
51,35,72,33
51,35,33,37
51,35,37,38
51,35,38,39
51,35,39,35
51,36,51,50
51,36,50,49
51,36,49,76
51,36,76,72
51,36,72,33
51,36,33,32
51,36,32,36
51,37,51,50
51,37,50,49
51,37,49,76
51,37,76,72
51,37,72,33
51,37,33,37
51,38,51,50
51,38,50,49
51,38,49,76
51,38,76,72
51,38,72,33
51,38,33,37
51,38,37,38
51,39,51,50
51,39,50,49
51,39,49,76
51,39,76,72
51,39,72,33
51,39,33,37
51,39,37,38
51,39,38,39
51,40,51,50
51,40,50,49
51,40,49,76
51,40,76,72
51,40,72,33
51,40,33,32
51,40,32,36
51,40,36,40
51,41,51,50
51,41,50,49
51,41,49,76
51,41,76,72
51,41,72,33
51,41,33,37
51,41,37,41
51,42,51,50
51,42,50,49
51,42,49,76
51,42,76,72
51,42,72,33
51,42,33,37
51,42,37,38
51,42,38,42
51,43,51,50
51,43,50,49
51,43,49,76
51,43,76,72
51,43,72,33
51,43,33,37
51,43,37,38
51,43,38,39
51,43,39,43
51,44,51,50
51,44,50,49
51,44,49,76
51,44,76,72
51,44,72,33
51,44,33,32
51,44,32,36
51,44,36,40
51,44,40,44
51,45,51,50
51,45,50,49
51,45,49,76
51,45,76,72
51,45,72,33
51,45,33,37
51,45,37,41
51,45,41,45
51,46,51,50
51,46,50,49
51,46,49,76
51,46,76,72
51,46,72,33
51,46,33,37
51,46,37,38
51,46,38,42
51,46,42,46
51,47,51,50
51,47,50,49
51,47,49,76
51,47,76,72
51,47,72,33
51,47,33,37
51,47,37,38
51,47,38,39
51,47,39,43
51,47,43,47
51,48,51,50
51,48,50,49
51,48,49,48
51,49,51,50
51,49,50,49
51,50,51,50
51,52,51,50
51,52,50,49
51,52,49,48
51,52,48,52
51,53,51,50
51,53,50,49
51,53,49,53
51,54,51,50
51,54,50,54
51,55,51,55
51,56,51,50
51,56,50,49
51,56,49,48
51,56,48,52
51,56,52,56
51,57,51,50
51,57,50,49
51,57,49,53
51,57,53,57
51,58,51,50
51,58,50,54
51,58,54,58
51,59,51,55
51,59,55,59
51,60,51,50
51,60,50,49
51,60,49,48
51,60,48,52
51,60,52,56
51,60,56,60
51,61,51,50
51,61,50,49
51,61,49,53
51,61,53,57
51,61,57,61
51,62,51,50
51,62,50,54
51,62,54,58
51,62,58,62
51,63,51,55
51,63,55,59
51,63,59,63
52,0,52,53
52,0,53,49
52,0,49,76
52,0,76,72
52,0,72,68
52,0,68,64
52,0,64,1
52,0,1,0
52,1,52,53
52,1,53,49
52,1,49,76
52,1,76,72
52,1,72,68
52,1,68,64
52,1,64,1
52,2,52,53
52,2,53,49
52,2,49,76
52,2,76,72
52,2,72,68
52,2,68,64
52,2,64,1
52,2,1,5
52,2,5,6
52,2,6,2
52,3,52,53
52,3,53,49
52,3,49,76
52,3,76,72
52,3,72,68
52,3,68,64
52,3,64,1
52,3,1,5
52,3,5,6
52,3,6,7
52,3,7,3
52,4,52,53
52,4,53,49
52,4,49,76
52,4,76,72
52,4,72,68
52,4,68,64
52,4,64,1
52,4,1,0
52,4,0,4
52,5,52,53
52,5,53,49
52,5,49,76
52,5,76,72
52,5,72,68
52,5,68,64
52,5,64,1
52,5,1,5
52,6,52,53
52,6,53,49
52,6,49,76
52,6,76,72
52,6,72,68
52,6,68,64
52,6,64,1
52,6,1,5
52,6,5,6
52,7,52,53
52,7,53,49
52,7,49,76
52,7,76,72
52,7,72,68
52,7,68,64
52,7,64,1
52,7,1,5
52,7,5,6
52,7,6,7
52,8,52,53
52,8,53,49
52,8,49,76
52,8,76,72
52,8,72,68
52,8,68,64
52,8,64,1
52,8,1,0
52,8,0,4
52,8,4,8
52,9,52,53
52,9,53,49
52,9,49,76
52,9,76,72
52,9,72,68
52,9,68,64
52,9,64,1
52,9,1,5
52,9,5,9
52,10,52,53
52,10,53,49
52,10,49,76
52,10,76,72
52,10,72,68
52,10,68,64
52,10,64,1
52,10,1,5
52,10,5,6
52,10,6,10
52,11,52,53
52,11,53,49
52,11,49,76
52,11,76,72
52,11,72,68
52,11,68,64
52,11,64,1
52,11,1,5
52,11,5,6
52,11,6,7
52,11,7,11
52,12,52,53
52,12,53,49
52,12,49,76
52,12,76,72
52,12,72,68
52,12,68,64
52,12,64,1
52,12,1,0
52,12,0,4
52,12,4,8
52,12,8,12
52,13,52,53
52,13,53,49
52,13,49,76
52,13,76,72
52,13,72,68
52,13,68,64
52,13,64,1
52,13,1,5
52,13,5,9
52,13,9,13
52,14,52,53
52,14,53,49
52,14,49,76
52,14,76,72
52,14,72,68
52,14,68,64
52,14,64,1
52,14,1,5
52,14,5,6
52,14,6,10
52,14,10,14
52,15,52,53
52,15,53,49
52,15,49,76
52,15,76,72
52,15,72,68
52,15,68,64
52,15,64,1
52,15,1,5
52,15,5,6
52,15,6,7
52,15,7,11
52,15,11,15
52,16,52,53
52,16,53,49
52,16,49,76
52,16,76,72
52,16,72,68
52,16,68,17
52,16,17,16
52,17,52,53
52,17,53,49
52,17,49,76
52,17,76,72
52,17,72,68
52,17,68,17
52,18,52,53
52,18,53,49
52,18,49,76
52,18,76,72
52,18,72,68
52,18,68,17
52,18,17,21
52,18,21,22
52,18,22,18
52,19,52,53
52,19,53,49
52,19,49,76
52,19,76,72
52,19,72,68
52,19,68,17
52,19,17,21
52,19,21,22
52,19,22,23
52,19,23,19
52,20,52,53
52,20,53,49
52,20,49,76
52,20,76,72
52,20,72,68
52,20,68,17
52,20,17,16
52,20,16,20
52,21,52,53
52,21,53,49
52,21,49,76
52,21,76,72
52,21,72,68
52,21,68,17
52,21,17,21
52,22,52,53
52,22,53,49
52,22,49,76
52,22,76,72
52,22,72,68
52,22,68,17
52,22,17,21
52,22,21,22
52,23,52,53
52,23,53,49
52,23,49,76
52,23,76,72
52,23,72,68
52,23,68,17
52,23,17,21
52,23,21,22
52,23,22,23
52,24,52,53
52,24,53,49
52,24,49,76
52,24,76,72
52,24,72,68
52,24,68,17
52,24,17,16
52,24,16,20
52,24,20,24
52,25,52,53
52,25,53,49
52,25,49,76
52,25,76,72
52,25,72,68
52,25,68,17
52,25,17,21
52,25,21,25
52,26,52,53
52,26,53,49
52,26,49,76
52,26,76,72
52,26,72,68
52,26,68,17
52,26,17,21
52,26,21,22
52,26,22,26
52,27,52,53
52,27,53,49
52,27,49,76
52,27,76,72
52,27,72,68
52,27,68,17
52,27,17,21
52,27,21,22
52,27,22,23
52,27,23,27
52,28,52,53
52,28,53,49
52,28,49,76
52,28,76,72
52,28,72,68
52,28,68,17
52,28,17,16
52,28,16,20
52,28,20,24
52,28,24,28
52,29,52,53
52,29,53,49
52,29,49,76
52,29,76,72
52,29,72,68
52,29,68,17
52,29,17,21
52,29,21,25
52,29,25,29
52,30,52,53
52,30,53,49
52,30,49,76
52,30,76,72
52,30,72,68
52,30,68,17
52,30,17,21
52,30,21,22
52,30,22,26
52,30,26,30
52,31,52,53
52,31,53,49
52,31,49,76
52,31,76,72
52,31,72,68
52,31,68,17
52,31,17,21
52,31,21,22
52,31,22,23
52,31,23,27
52,31,27,31
52,32,52,53
52,32,53,49
52,32,49,76
52,32,76,72
52,32,72,33
52,32,33,32
52,33,52,53
52,33,53,49
52,33,49,76
52,33,76,72
52,33,72,33
52,34,52,53
52,34,53,49
52,34,49,76
52,34,76,72
52,34,72,33
52,34,33,37
52,34,37,38
52,34,38,34
52,35,52,53
52,35,53,49
52,35,49,76
52,35,76,72
52,35,72,33
52,35,33,37
52,35,37,38
52,35,38,39
52,35,39,35
52,36,52,53
52,36,53,49
52,36,49,76
52,36,76,72
52,36,72,33
52,36,33,32
52,36,32,36
52,37,52,53
52,37,53,49
52,37,49,76
52,37,76,72
52,37,72,33
52,37,33,37
52,38,52,53
52,38,53,49
52,38,49,76
52,38,76,72
52,38,72,33
52,38,33,37
52,38,37,38
52,39,52,53
52,39,53,49
52,39,49,76
52,39,76,72
52,39,72,33
52,39,33,37
52,39,37,38
52,39,38,39
52,40,52,53
52,40,53,49
52,40,49,76
52,40,76,72
52,40,72,33
52,40,33,32
52,40,32,36
52,40,36,40
52,41,52,53
52,41,53,49
52,41,49,76
52,41,76,72
52,41,72,33
52,41,33,37
52,41,37,41
52,42,52,53
52,42,53,49
52,42,49,76
52,42,76,72
52,42,72,33
52,42,33,37
52,42,37,38
52,42,38,42
52,43,52,53
52,43,53,49
52,43,49,76
52,43,76,72
52,43,72,33
52,43,33,37
52,43,37,38
52,43,38,39
52,43,39,43
52,44,52,53
52,44,53,49
52,44,49,76
52,44,76,72
52,44,72,33
52,44,33,32
52,44,32,36
52,44,36,40
52,44,40,44
52,45,52,53
52,45,53,49
52,45,49,76
52,45,76,72
52,45,72,33
52,45,33,37
52,45,37,41
52,45,41,45
52,46,52,53
52,46,53,49
52,46,49,76
52,46,76,72
52,46,72,33
52,46,33,37
52,46,37,38
52,46,38,42
52,46,42,46
52,47,52,53
52,47,53,49
52,47,49,76
52,47,76,72
52,47,72,33
52,47,33,37
52,47,37,38
52,47,38,39
52,47,39,43
52,47,43,47
52,48,52,48
52,49,52,53
52,49,53,49
52,50,52,53
52,50,53,54
52,50,54,50
52,51,52,53
52,51,53,54
52,51,54,55
52,51,55,51
52,53,52,53
52,54,52,53
52,54,53,54
52,55,52,53
52,55,53,54
52,55,54,55
52,56,52,56
52,57,52,53
52,57,53,57
52,58,52,53
52,58,53,54
52,58,54,58
52,59,52,53
52,59,53,54
52,59,54,55
52,59,55,59
52,60,52,56
52,60,56,60
52,61,52,53
52,61,53,57
52,61,57,61
52,62,52,53
52,62,53,54
52,62,54,58
52,62,58,62
52,63,52,53
52,63,53,54
52,63,54,55
52,63,55,59
52,63,59,63
53,0,53,49
53,0,49,76
53,0,76,72
53,0,72,68
53,0,68,64
53,0,64,1
53,0,1,0
53,1,53,49
53,1,49,76
53,1,76,72
53,1,72,68
53,1,68,64
53,1,64,1
53,2,53,49
53,2,49,76
53,2,76,72
53,2,72,68
53,2,68,64
53,2,64,1
53,2,1,5
53,2,5,6
53,2,6,2
53,3,53,49
53,3,49,76
53,3,76,72
53,3,72,68
53,3,68,64
53,3,64,1
53,3,1,5
53,3,5,6
53,3,6,7
53,3,7,3
53,4,53,49
53,4,49,76
53,4,76,72
53,4,72,68
53,4,68,64
53,4,64,1
53,4,1,0
53,4,0,4
53,5,53,49
53,5,49,76
53,5,76,72
53,5,72,68
53,5,68,64
53,5,64,1
53,5,1,5
53,6,53,49
53,6,49,76
53,6,76,72
53,6,72,68
53,6,68,64
53,6,64,1
53,6,1,5
53,6,5,6
53,7,53,49
53,7,49,76
53,7,76,72
53,7,72,68
53,7,68,64
53,7,64,1
53,7,1,5
53,7,5,6
53,7,6,7
53,8,53,49
53,8,49,76
53,8,76,72
53,8,72,68
53,8,68,64
53,8,64,1
53,8,1,0
53,8,0,4
53,8,4,8
53,9,53,49
53,9,49,76
53,9,76,72
53,9,72,68
53,9,68,64
53,9,64,1
53,9,1,5
53,9,5,9
53,10,53,49
53,10,49,76
53,10,76,72
53,10,72,68
53,10,68,64
53,10,64,1
53,10,1,5
53,10,5,6
53,10,6,10
53,11,53,49
53,11,49,76
53,11,76,72
53,11,72,68
53,11,68,64
53,11,64,1
53,11,1,5
53,11,5,6
53,11,6,7
53,11,7,11
53,12,53,49
53,12,49,76
53,12,76,72
53,12,72,68
53,12,68,64
53,12,64,1
53,12,1,0
53,12,0,4
53,12,4,8
53,12,8,12
53,13,53,49
53,13,49,76
53,13,76,72
53,13,72,68
53,13,68,64
53,13,64,1
53,13,1,5
53,13,5,9
53,13,9,13
53,14,53,49
53,14,49,76
53,14,76,72
53,14,72,68
53,14,68,64
53,14,64,1
53,14,1,5
53,14,5,6
53,14,6,10
53,14,10,14
53,15,53,49
53,15,49,76
53,15,76,72
53,15,72,68
53,15,68,64
53,15,64,1
53,15,1,5
53,15,5,6
53,15,6,7
53,15,7,11
53,15,11,15
53,16,53,49
53,16,49,76
53,16,76,72
53,16,72,68
53,16,68,17
53,16,17,16
53,17,53,49
53,17,49,76
53,17,76,72
53,17,72,68
53,17,68,17
53,18,53,49
53,18,49,76
53,18,76,72
53,18,72,68
53,18,68,17
53,18,17,21
53,18,21,22
53,18,22,18
53,19,53,49
53,19,49,76
53,19,76,72
53,19,72,68
53,19,68,17
53,19,17,21
53,19,21,22
53,19,22,23
53,19,23,19
53,20,53,49
53,20,49,76
53,20,76,72
53,20,72,68
53,20,68,17
53,20,17,16
53,20,16,20
53,21,53,49
53,21,49,76
53,21,76,72
53,21,72,68
53,21,68,17
53,21,17,21
53,22,53,49
53,22,49,76
53,22,76,72
53,22,72,68
53,22,68,17
53,22,17,21
53,22,21,22
53,23,53,49
53,23,49,76
53,23,76,72
53,23,72,68
53,23,68,17
53,23,17,21
53,23,21,22
53,23,22,23
53,24,53,49
53,24,49,76
53,24,76,72
53,24,72,68
53,24,68,17
53,24,17,16
53,24,16,20
53,24,20,24
53,25,53,49
53,25,49,76
53,25,76,72
53,25,72,68
53,25,68,17
53,25,17,21
53,25,21,25
53,26,53,49
53,26,49,76
53,26,76,72
53,26,72,68
53,26,68,17
53,26,17,21
53,26,21,22
53,26,22,26
53,27,53,49
53,27,49,76
53,27,76,72
53,27,72,68
53,27,68,17
53,27,17,21
53,27,21,22
53,27,22,23
53,27,23,27
53,28,53,49
53,28,49,76
53,28,76,72
53,28,72,68
53,28,68,17
53,28,17,16
53,28,16,20
53,28,20,24
53,28,24,28
53,29,53,49
53,29,49,76
53,29,76,72
53,29,72,68
53,29,68,17
53,29,17,21
53,29,21,25
53,29,25,29
53,30,53,49
53,30,49,76
53,30,76,72
53,30,72,68
53,30,68,17
53,30,17,21
53,30,21,22
53,30,22,26
53,30,26,30
53,31,53,49
53,31,49,76
53,31,76,72
53,31,72,68
53,31,68,17
53,31,17,21
53,31,21,22
53,31,22,23
53,31,23,27
53,31,27,31
53,32,53,49
53,32,49,76
53,32,76,72
53,32,72,33
53,32,33,32
53,33,53,49
53,33,49,76
53,33,76,72
53,33,72,33
53,34,53,49
53,34,49,76
53,34,76,72
53,34,72,33
53,34,33,37
53,34,37,38
53,34,38,34
53,35,53,49
53,35,49,76
53,35,76,72
53,35,72,33
53,35,33,37
53,35,37,38
53,35,38,39
53,35,39,35
53,36,53,49
53,36,49,76
53,36,76,72
53,36,72,33
53,36,33,32
53,36,32,36
53,37,53,49
53,37,49,76
53,37,76,72
53,37,72,33
53,37,33,37
53,38,53,49
53,38,49,76
53,38,76,72
53,38,72,33
53,38,33,37
53,38,37,38
53,39,53,49
53,39,49,76
53,39,76,72
53,39,72,33
53,39,33,37
53,39,37,38
53,39,38,39
53,40,53,49
53,40,49,76
53,40,76,72
53,40,72,33
53,40,33,32
53,40,32,36
53,40,36,40
53,41,53,49
53,41,49,76
53,41,76,72
53,41,72,33
53,41,33,37
53,41,37,41
53,42,53,49
53,42,49,76
53,42,76,72
53,42,72,33
53,42,33,37
53,42,37,38
53,42,38,42
53,43,53,49
53,43,49,76
53,43,76,72
53,43,72,33
53,43,33,37
53,43,37,38
53,43,38,39
53,43,39,43
53,44,53,49
53,44,49,76
53,44,76,72
53,44,72,33
53,44,33,32
53,44,32,36
53,44,36,40
53,44,40,44
53,45,53,49
53,45,49,76
53,45,76,72
53,45,72,33
53,45,33,37
53,45,37,41
53,45,41,45
53,46,53,49
53,46,49,76
53,46,76,72
53,46,72,33
53,46,33,37
53,46,37,38
53,46,38,42
53,46,42,46
53,47,53,49
53,47,49,76
53,47,76,72
53,47,72,33
53,47,33,37
53,47,37,38
53,47,38,39
53,47,39,43
53,47,43,47
53,48,53,52
53,48,52,48
53,49,53,49
53,50,53,54
53,50,54,50
53,51,53,54
53,51,54,55
53,51,55,51
53,52,53,52
53,54,53,54
53,55,53,54
53,55,54,55
53,56,53,52
53,56,52,56
53,57,53,57
53,58,53,54
53,58,54,58
53,59,53,54
53,59,54,55
53,59,55,59
53,60,53,52
53,60,52,56
53,60,56,60
53,61,53,57
53,61,57,61
53,62,53,54
53,62,54,58
53,62,58,62
53,63,53,54
53,63,54,55
53,63,55,59
53,63,59,63
54,0,54,53
54,0,53,49
54,0,49,76
54,0,76,72
54,0,72,68
54,0,68,64
54,0,64,1
54,0,1,0
54,1,54,53
54,1,53,49
54,1,49,76
54,1,76,72
54,1,72,68
54,1,68,64
54,1,64,1
54,2,54,53
54,2,53,49
54,2,49,76
54,2,76,72
54,2,72,68
54,2,68,64
54,2,64,1
54,2,1,5
54,2,5,6
54,2,6,2
54,3,54,53
54,3,53,49
54,3,49,76
54,3,76,72
54,3,72,68
54,3,68,64
54,3,64,1
54,3,1,5
54,3,5,6
54,3,6,7
54,3,7,3
54,4,54,53
54,4,53,49
54,4,49,76
54,4,76,72
54,4,72,68
54,4,68,64
54,4,64,1
54,4,1,0
54,4,0,4
54,5,54,53
54,5,53,49
54,5,49,76
54,5,76,72
54,5,72,68
54,5,68,64
54,5,64,1
54,5,1,5
54,6,54,53
54,6,53,49
54,6,49,76
54,6,76,72
54,6,72,68
54,6,68,64
54,6,64,1
54,6,1,5
54,6,5,6
54,7,54,53
54,7,53,49
54,7,49,76
54,7,76,72
54,7,72,68
54,7,68,64
54,7,64,1
54,7,1,5
54,7,5,6
54,7,6,7
54,8,54,53
54,8,53,49
54,8,49,76
54,8,76,72
54,8,72,68
54,8,68,64
54,8,64,1
54,8,1,0
54,8,0,4
54,8,4,8
54,9,54,53
54,9,53,49
54,9,49,76
54,9,76,72
54,9,72,68
54,9,68,64
54,9,64,1
54,9,1,5
54,9,5,9
54,10,54,53
54,10,53,49
54,10,49,76
54,10,76,72
54,10,72,68
54,10,68,64
54,10,64,1
54,10,1,5
54,10,5,6
54,10,6,10
54,11,54,53
54,11,53,49
54,11,49,76
54,11,76,72
54,11,72,68
54,11,68,64
54,11,64,1
54,11,1,5
54,11,5,6
54,11,6,7
54,11,7,11
54,12,54,53
54,12,53,49
54,12,49,76
54,12,76,72
54,12,72,68
54,12,68,64
54,12,64,1
54,12,1,0
54,12,0,4
54,12,4,8
54,12,8,12
54,13,54,53
54,13,53,49
54,13,49,76
54,13,76,72
54,13,72,68
54,13,68,64
54,13,64,1
54,13,1,5
54,13,5,9
54,13,9,13
54,14,54,53
54,14,53,49
54,14,49,76
54,14,76,72
54,14,72,68
54,14,68,64
54,14,64,1
54,14,1,5
54,14,5,6
54,14,6,10
54,14,10,14
54,15,54,53
54,15,53,49
54,15,49,76
54,15,76,72
54,15,72,68
54,15,68,64
54,15,64,1
54,15,1,5
54,15,5,6
54,15,6,7
54,15,7,11
54,15,11,15
54,16,54,53
54,16,53,49
54,16,49,76
54,16,76,72
54,16,72,68
54,16,68,17
54,16,17,16
54,17,54,53
54,17,53,49
54,17,49,76
54,17,76,72
54,17,72,68
54,17,68,17
54,18,54,53
54,18,53,49
54,18,49,76
54,18,76,72
54,18,72,68
54,18,68,17
54,18,17,21
54,18,21,22
54,18,22,18
54,19,54,53
54,19,53,49
54,19,49,76
54,19,76,72
54,19,72,68
54,19,68,17
54,19,17,21
54,19,21,22
54,19,22,23
54,19,23,19
54,20,54,53
54,20,53,49
54,20,49,76
54,20,76,72
54,20,72,68
54,20,68,17
54,20,17,16
54,20,16,20
54,21,54,53
54,21,53,49
54,21,49,76
54,21,76,72
54,21,72,68
54,21,68,17
54,21,17,21
54,22,54,53
54,22,53,49
54,22,49,76
54,22,76,72
54,22,72,68
54,22,68,17
54,22,17,21
54,22,21,22
54,23,54,53
54,23,53,49
54,23,49,76
54,23,76,72
54,23,72,68
54,23,68,17
54,23,17,21
54,23,21,22
54,23,22,23
54,24,54,53
54,24,53,49
54,24,49,76
54,24,76,72
54,24,72,68
54,24,68,17
54,24,17,16
54,24,16,20
54,24,20,24
54,25,54,53
54,25,53,49
54,25,49,76
54,25,76,72
54,25,72,68
54,25,68,17
54,25,17,21
54,25,21,25
54,26,54,53
54,26,53,49
54,26,49,76
54,26,76,72
54,26,72,68
54,26,68,17
54,26,17,21
54,26,21,22
54,26,22,26
54,27,54,53
54,27,53,49
54,27,49,76
54,27,76,72
54,27,72,68
54,27,68,17
54,27,17,21
54,27,21,22
54,27,22,23
54,27,23,27
54,28,54,53
54,28,53,49
54,28,49,76
54,28,76,72
54,28,72,68
54,28,68,17
54,28,17,16
54,28,16,20
54,28,20,24
54,28,24,28
54,29,54,53
54,29,53,49
54,29,49,76
54,29,76,72
54,29,72,68
54,29,68,17
54,29,17,21
54,29,21,25
54,29,25,29
54,30,54,53
54,30,53,49
54,30,49,76
54,30,76,72
54,30,72,68
54,30,68,17
54,30,17,21
54,30,21,22
54,30,22,26
54,30,26,30
54,31,54,53
54,31,53,49
54,31,49,76
54,31,76,72
54,31,72,68
54,31,68,17
54,31,17,21
54,31,21,22
54,31,22,23
54,31,23,27
54,31,27,31
54,32,54,53
54,32,53,49
54,32,49,76
54,32,76,72
54,32,72,33
54,32,33,32
54,33,54,53
54,33,53,49
54,33,49,76
54,33,76,72
54,33,72,33
54,34,54,53
54,34,53,49
54,34,49,76
54,34,76,72
54,34,72,33
54,34,33,37
54,34,37,38
54,34,38,34
54,35,54,53
54,35,53,49
54,35,49,76
54,35,76,72
54,35,72,33
54,35,33,37
54,35,37,38
54,35,38,39
54,35,39,35
54,36,54,53
54,36,53,49
54,36,49,76
54,36,76,72
54,36,72,33
54,36,33,32
54,36,32,36
54,37,54,53
54,37,53,49
54,37,49,76
54,37,76,72
54,37,72,33
54,37,33,37
54,38,54,53
54,38,53,49
54,38,49,76
54,38,76,72
54,38,72,33
54,38,33,37
54,38,37,38
54,39,54,53
54,39,53,49
54,39,49,76
54,39,76,72
54,39,72,33
54,39,33,37
54,39,37,38
54,39,38,39
54,40,54,53
54,40,53,49
54,40,49,76
54,40,76,72
54,40,72,33
54,40,33,32
54,40,32,36
54,40,36,40
54,41,54,53
54,41,53,49
54,41,49,76
54,41,76,72
54,41,72,33
54,41,33,37
54,41,37,41
54,42,54,53
54,42,53,49
54,42,49,76
54,42,76,72
54,42,72,33
54,42,33,37
54,42,37,38
54,42,38,42
54,43,54,53
54,43,53,49
54,43,49,76
54,43,76,72
54,43,72,33
54,43,33,37
54,43,37,38
54,43,38,39
54,43,39,43
54,44,54,53
54,44,53,49
54,44,49,76
54,44,76,72
54,44,72,33
54,44,33,32
54,44,32,36
54,44,36,40
54,44,40,44
54,45,54,53
54,45,53,49
54,45,49,76
54,45,76,72
54,45,72,33
54,45,33,37
54,45,37,41
54,45,41,45
54,46,54,53
54,46,53,49
54,46,49,76
54,46,76,72
54,46,72,33
54,46,33,37
54,46,37,38
54,46,38,42
54,46,42,46
54,47,54,53
54,47,53,49
54,47,49,76
54,47,76,72
54,47,72,33
54,47,33,37
54,47,37,38
54,47,38,39
54,47,39,43
54,47,43,47
54,48,54,53
54,48,53,52
54,48,52,48
54,49,54,53
54,49,53,49
54,50,54,50
54,51,54,55
54,51,55,51
54,52,54,53
54,52,53,52
54,53,54,53
54,55,54,55
54,56,54,53
54,56,53,52
54,56,52,56
54,57,54,53
54,57,53,57
54,58,54,58
54,59,54,55
54,59,55,59
54,60,54,53
54,60,53,52
54,60,52,56
54,60,56,60
54,61,54,53
54,61,53,57
54,61,57,61
54,62,54,58
54,62,58,62
54,63,54,55
54,63,55,59
54,63,59,63
55,0,55,54
55,0,54,53
55,0,53,49
55,0,49,76
55,0,76,72
55,0,72,68
55,0,68,64
55,0,64,1
55,0,1,0
55,1,55,54
55,1,54,53
55,1,53,49
55,1,49,76
55,1,76,72
55,1,72,68
55,1,68,64
55,1,64,1
55,2,55,54
55,2,54,53
55,2,53,49
55,2,49,76
55,2,76,72
55,2,72,68
55,2,68,64
55,2,64,1
55,2,1,5
55,2,5,6
55,2,6,2
55,3,55,54
55,3,54,53
55,3,53,49
55,3,49,76
55,3,76,72
55,3,72,68
55,3,68,64
55,3,64,1
55,3,1,5
55,3,5,6
55,3,6,7
55,3,7,3
55,4,55,54
55,4,54,53
55,4,53,49
55,4,49,76
55,4,76,72
55,4,72,68
55,4,68,64
55,4,64,1
55,4,1,0
55,4,0,4
55,5,55,54
55,5,54,53
55,5,53,49
55,5,49,76
55,5,76,72
55,5,72,68
55,5,68,64
55,5,64,1
55,5,1,5
55,6,55,54
55,6,54,53
55,6,53,49
55,6,49,76
55,6,76,72
55,6,72,68
55,6,68,64
55,6,64,1
55,6,1,5
55,6,5,6
55,7,55,54
55,7,54,53
55,7,53,49
55,7,49,76
55,7,76,72
55,7,72,68
55,7,68,64
55,7,64,1
55,7,1,5
55,7,5,6
55,7,6,7
55,8,55,54
55,8,54,53
55,8,53,49
55,8,49,76
55,8,76,72
55,8,72,68
55,8,68,64
55,8,64,1
55,8,1,0
55,8,0,4
55,8,4,8
55,9,55,54
55,9,54,53
55,9,53,49
55,9,49,76
55,9,76,72
55,9,72,68
55,9,68,64
55,9,64,1
55,9,1,5
55,9,5,9
55,10,55,54
55,10,54,53
55,10,53,49
55,10,49,76
55,10,76,72
55,10,72,68
55,10,68,64
55,10,64,1
55,10,1,5
55,10,5,6
55,10,6,10
55,11,55,54
55,11,54,53
55,11,53,49
55,11,49,76
55,11,76,72
55,11,72,68
55,11,68,64
55,11,64,1
55,11,1,5
55,11,5,6
55,11,6,7
55,11,7,11
55,12,55,54
55,12,54,53
55,12,53,49
55,12,49,76
55,12,76,72
55,12,72,68
55,12,68,64
55,12,64,1
55,12,1,0
55,12,0,4
55,12,4,8
55,12,8,12
55,13,55,54
55,13,54,53
55,13,53,49
55,13,49,76
55,13,76,72
55,13,72,68
55,13,68,64
55,13,64,1
55,13,1,5
55,13,5,9
55,13,9,13
55,14,55,54
55,14,54,53
55,14,53,49
55,14,49,76
55,14,76,72
55,14,72,68
55,14,68,64
55,14,64,1
55,14,1,5
55,14,5,6
55,14,6,10
55,14,10,14
55,15,55,54
55,15,54,53
55,15,53,49
55,15,49,76
55,15,76,72
55,15,72,68
55,15,68,64
55,15,64,1
55,15,1,5
55,15,5,6
55,15,6,7
55,15,7,11
55,15,11,15
55,16,55,54
55,16,54,53
55,16,53,49
55,16,49,76
55,16,76,72
55,16,72,68
55,16,68,17
55,16,17,16
55,17,55,54
55,17,54,53
55,17,53,49
55,17,49,76
55,17,76,72
55,17,72,68
55,17,68,17
55,18,55,54
55,18,54,53
55,18,53,49
55,18,49,76
55,18,76,72
55,18,72,68
55,18,68,17
55,18,17,21
55,18,21,22
55,18,22,18
55,19,55,54
55,19,54,53
55,19,53,49
55,19,49,76
55,19,76,72
55,19,72,68
55,19,68,17
55,19,17,21
55,19,21,22
55,19,22,23
55,19,23,19
55,20,55,54
55,20,54,53
55,20,53,49
55,20,49,76
55,20,76,72
55,20,72,68
55,20,68,17
55,20,17,16
55,20,16,20
55,21,55,54
55,21,54,53
55,21,53,49
55,21,49,76
55,21,76,72
55,21,72,68
55,21,68,17
55,21,17,21
55,22,55,54
55,22,54,53
55,22,53,49
55,22,49,76
55,22,76,72
55,22,72,68
55,22,68,17
55,22,17,21
55,22,21,22
55,23,55,54
55,23,54,53
55,23,53,49
55,23,49,76
55,23,76,72
55,23,72,68
55,23,68,17
55,23,17,21
55,23,21,22
55,23,22,23
55,24,55,54
55,24,54,53
55,24,53,49
55,24,49,76
55,24,76,72
55,24,72,68
55,24,68,17
55,24,17,16
55,24,16,20
55,24,20,24
55,25,55,54
55,25,54,53
55,25,53,49
55,25,49,76
55,25,76,72
55,25,72,68
55,25,68,17
55,25,17,21
55,25,21,25
55,26,55,54
55,26,54,53
55,26,53,49
55,26,49,76
55,26,76,72
55,26,72,68
55,26,68,17
55,26,17,21
55,26,21,22
55,26,22,26
55,27,55,54
55,27,54,53
55,27,53,49
55,27,49,76
55,27,76,72
55,27,72,68
55,27,68,17
55,27,17,21
55,27,21,22
55,27,22,23
55,27,23,27
55,28,55,54
55,28,54,53
55,28,53,49
55,28,49,76
55,28,76,72
55,28,72,68
55,28,68,17
55,28,17,16
55,28,16,20
55,28,20,24
55,28,24,28
55,29,55,54
55,29,54,53
55,29,53,49
55,29,49,76
55,29,76,72
55,29,72,68
55,29,68,17
55,29,17,21
55,29,21,25
55,29,25,29
55,30,55,54
55,30,54,53
55,30,53,49
55,30,49,76
55,30,76,72
55,30,72,68
55,30,68,17
55,30,17,21
55,30,21,22
55,30,22,26
55,30,26,30
55,31,55,54
55,31,54,53
55,31,53,49
55,31,49,76
55,31,76,72
55,31,72,68
55,31,68,17
55,31,17,21
55,31,21,22
55,31,22,23
55,31,23,27
55,31,27,31
55,32,55,54
55,32,54,53
55,32,53,49
55,32,49,76
55,32,76,72
55,32,72,33
55,32,33,32
55,33,55,54
55,33,54,53
55,33,53,49
55,33,49,76
55,33,76,72
55,33,72,33
55,34,55,54
55,34,54,53
55,34,53,49
55,34,49,76
55,34,76,72
55,34,72,33
55,34,33,37
55,34,37,38
55,34,38,34
55,35,55,54
55,35,54,53
55,35,53,49
55,35,49,76
55,35,76,72
55,35,72,33
55,35,33,37
55,35,37,38
55,35,38,39
55,35,39,35
55,36,55,54
55,36,54,53
55,36,53,49
55,36,49,76
55,36,76,72
55,36,72,33
55,36,33,32
55,36,32,36
55,37,55,54
55,37,54,53
55,37,53,49
55,37,49,76
55,37,76,72
55,37,72,33
55,37,33,37
55,38,55,54
55,38,54,53
55,38,53,49
55,38,49,76
55,38,76,72
55,38,72,33
55,38,33,37
55,38,37,38
55,39,55,54
55,39,54,53
55,39,53,49
55,39,49,76
55,39,76,72
55,39,72,33
55,39,33,37
55,39,37,38
55,39,38,39
55,40,55,54
55,40,54,53
55,40,53,49
55,40,49,76
55,40,76,72
55,40,72,33
55,40,33,32
55,40,32,36
55,40,36,40
55,41,55,54
55,41,54,53
55,41,53,49
55,41,49,76
55,41,76,72
55,41,72,33
55,41,33,37
55,41,37,41
55,42,55,54
55,42,54,53
55,42,53,49
55,42,49,76
55,42,76,72
55,42,72,33
55,42,33,37
55,42,37,38
55,42,38,42
55,43,55,54
55,43,54,53
55,43,53,49
55,43,49,76
55,43,76,72
55,43,72,33
55,43,33,37
55,43,37,38
55,43,38,39
55,43,39,43
55,44,55,54
55,44,54,53
55,44,53,49
55,44,49,76
55,44,76,72
55,44,72,33
55,44,33,32
55,44,32,36
55,44,36,40
55,44,40,44
55,45,55,54
55,45,54,53
55,45,53,49
55,45,49,76
55,45,76,72
55,45,72,33
55,45,33,37
55,45,37,41
55,45,41,45
55,46,55,54
55,46,54,53
55,46,53,49
55,46,49,76
55,46,76,72
55,46,72,33
55,46,33,37
55,46,37,38
55,46,38,42
55,46,42,46
55,47,55,54
55,47,54,53
55,47,53,49
55,47,49,76
55,47,76,72
55,47,72,33
55,47,33,37
55,47,37,38
55,47,38,39
55,47,39,43
55,47,43,47
55,48,55,54
55,48,54,53
55,48,53,52
55,48,52,48
55,49,55,54
55,49,54,53
55,49,53,49
55,50,55,54
55,50,54,50
55,51,55,51
55,52,55,54
55,52,54,53
55,52,53,52
55,53,55,54
55,53,54,53
55,54,55,54
55,56,55,54
55,56,54,53
55,56,53,52
55,56,52,56
55,57,55,54
55,57,54,53
55,57,53,57
55,58,55,54
55,58,54,58
55,59,55,59
55,60,55,54
55,60,54,53
55,60,53,52
55,60,52,56
55,60,56,60
55,61,55,54
55,61,54,53
55,61,53,57
55,61,57,61
55,62,55,54
55,62,54,58
55,62,58,62
55,63,55,59
55,63,59,63
56,0,56,57
56,0,57,53
56,0,53,49
56,0,49,76
56,0,76,72
56,0,72,68
56,0,68,64
56,0,64,1
56,0,1,0
56,1,56,57
56,1,57,53
56,1,53,49
56,1,49,76
56,1,76,72
56,1,72,68
56,1,68,64
56,1,64,1
56,2,56,57
56,2,57,53
56,2,53,49
56,2,49,76
56,2,76,72
56,2,72,68
56,2,68,64
56,2,64,1
56,2,1,5
56,2,5,6
56,2,6,2
56,3,56,57
56,3,57,53
56,3,53,49
56,3,49,76
56,3,76,72
56,3,72,68
56,3,68,64
56,3,64,1
56,3,1,5
56,3,5,6
56,3,6,7
56,3,7,3
56,4,56,57
56,4,57,53
56,4,53,49
56,4,49,76
56,4,76,72
56,4,72,68
56,4,68,64
56,4,64,1
56,4,1,0
56,4,0,4
56,5,56,57
56,5,57,53
56,5,53,49
56,5,49,76
56,5,76,72
56,5,72,68
56,5,68,64
56,5,64,1
56,5,1,5
56,6,56,57
56,6,57,53
56,6,53,49
56,6,49,76
56,6,76,72
56,6,72,68
56,6,68,64
56,6,64,1
56,6,1,5
56,6,5,6
56,7,56,57
56,7,57,53
56,7,53,49
56,7,49,76
56,7,76,72
56,7,72,68
56,7,68,64
56,7,64,1
56,7,1,5
56,7,5,6
56,7,6,7
56,8,56,57
56,8,57,53
56,8,53,49
56,8,49,76
56,8,76,72
56,8,72,68
56,8,68,64
56,8,64,1
56,8,1,0
56,8,0,4
56,8,4,8
56,9,56,57
56,9,57,53
56,9,53,49
56,9,49,76
56,9,76,72
56,9,72,68
56,9,68,64
56,9,64,1
56,9,1,5
56,9,5,9
56,10,56,57
56,10,57,53
56,10,53,49
56,10,49,76
56,10,76,72
56,10,72,68
56,10,68,64
56,10,64,1
56,10,1,5
56,10,5,6
56,10,6,10
56,11,56,57
56,11,57,53
56,11,53,49
56,11,49,76
56,11,76,72
56,11,72,68
56,11,68,64
56,11,64,1
56,11,1,5
56,11,5,6
56,11,6,7
56,11,7,11
56,12,56,57
56,12,57,53
56,12,53,49
56,12,49,76
56,12,76,72
56,12,72,68
56,12,68,64
56,12,64,1
56,12,1,0
56,12,0,4
56,12,4,8
56,12,8,12
56,13,56,57
56,13,57,53
56,13,53,49
56,13,49,76
56,13,76,72
56,13,72,68
56,13,68,64
56,13,64,1
56,13,1,5
56,13,5,9
56,13,9,13
56,14,56,57
56,14,57,53
56,14,53,49
56,14,49,76
56,14,76,72
56,14,72,68
56,14,68,64
56,14,64,1
56,14,1,5
56,14,5,6
56,14,6,10
56,14,10,14
56,15,56,57
56,15,57,53
56,15,53,49
56,15,49,76
56,15,76,72
56,15,72,68
56,15,68,64
56,15,64,1
56,15,1,5
56,15,5,6
56,15,6,7
56,15,7,11
56,15,11,15
56,16,56,57
56,16,57,53
56,16,53,49
56,16,49,76
56,16,76,72
56,16,72,68
56,16,68,17
56,16,17,16
56,17,56,57
56,17,57,53
56,17,53,49
56,17,49,76
56,17,76,72
56,17,72,68
56,17,68,17
56,18,56,57
56,18,57,53
56,18,53,49
56,18,49,76
56,18,76,72
56,18,72,68
56,18,68,17
56,18,17,21
56,18,21,22
56,18,22,18
56,19,56,57
56,19,57,53
56,19,53,49
56,19,49,76
56,19,76,72
56,19,72,68
56,19,68,17
56,19,17,21
56,19,21,22
56,19,22,23
56,19,23,19
56,20,56,57
56,20,57,53
56,20,53,49
56,20,49,76
56,20,76,72
56,20,72,68
56,20,68,17
56,20,17,16
56,20,16,20
56,21,56,57
56,21,57,53
56,21,53,49
56,21,49,76
56,21,76,72
56,21,72,68
56,21,68,17
56,21,17,21
56,22,56,57
56,22,57,53
56,22,53,49
56,22,49,76
56,22,76,72
56,22,72,68
56,22,68,17
56,22,17,21
56,22,21,22
56,23,56,57
56,23,57,53
56,23,53,49
56,23,49,76
56,23,76,72
56,23,72,68
56,23,68,17
56,23,17,21
56,23,21,22
56,23,22,23
56,24,56,57
56,24,57,53
56,24,53,49
56,24,49,76
56,24,76,72
56,24,72,68
56,24,68,17
56,24,17,16
56,24,16,20
56,24,20,24
56,25,56,57
56,25,57,53
56,25,53,49
56,25,49,76
56,25,76,72
56,25,72,68
56,25,68,17
56,25,17,21
56,25,21,25
56,26,56,57
56,26,57,53
56,26,53,49
56,26,49,76
56,26,76,72
56,26,72,68
56,26,68,17
56,26,17,21
56,26,21,22
56,26,22,26
56,27,56,57
56,27,57,53
56,27,53,49
56,27,49,76
56,27,76,72
56,27,72,68
56,27,68,17
56,27,17,21
56,27,21,22
56,27,22,23
56,27,23,27
56,28,56,57
56,28,57,53
56,28,53,49
56,28,49,76
56,28,76,72
56,28,72,68
56,28,68,17
56,28,17,16
56,28,16,20
56,28,20,24
56,28,24,28
56,29,56,57
56,29,57,53
56,29,53,49
56,29,49,76
56,29,76,72
56,29,72,68
56,29,68,17
56,29,17,21
56,29,21,25
56,29,25,29
56,30,56,57
56,30,57,53
56,30,53,49
56,30,49,76
56,30,76,72
56,30,72,68
56,30,68,17
56,30,17,21
56,30,21,22
56,30,22,26
56,30,26,30
56,31,56,57
56,31,57,53
56,31,53,49
56,31,49,76
56,31,76,72
56,31,72,68
56,31,68,17
56,31,17,21
56,31,21,22
56,31,22,23
56,31,23,27
56,31,27,31
56,32,56,57
56,32,57,53
56,32,53,49
56,32,49,76
56,32,76,72
56,32,72,33
56,32,33,32
56,33,56,57
56,33,57,53
56,33,53,49
56,33,49,76
56,33,76,72
56,33,72,33
56,34,56,57
56,34,57,53
56,34,53,49
56,34,49,76
56,34,76,72
56,34,72,33
56,34,33,37
56,34,37,38
56,34,38,34
56,35,56,57
56,35,57,53
56,35,53,49
56,35,49,76
56,35,76,72
56,35,72,33
56,35,33,37
56,35,37,38
56,35,38,39
56,35,39,35
56,36,56,57
56,36,57,53
56,36,53,49
56,36,49,76
56,36,76,72
56,36,72,33
56,36,33,32
56,36,32,36
56,37,56,57
56,37,57,53
56,37,53,49
56,37,49,76
56,37,76,72
56,37,72,33
56,37,33,37
56,38,56,57
56,38,57,53
56,38,53,49
56,38,49,76
56,38,76,72
56,38,72,33
56,38,33,37
56,38,37,38
56,39,56,57
56,39,57,53
56,39,53,49
56,39,49,76
56,39,76,72
56,39,72,33
56,39,33,37
56,39,37,38
56,39,38,39
56,40,56,57
56,40,57,53
56,40,53,49
56,40,49,76
56,40,76,72
56,40,72,33
56,40,33,32
56,40,32,36
56,40,36,40
56,41,56,57
56,41,57,53
56,41,53,49
56,41,49,76
56,41,76,72
56,41,72,33
56,41,33,37
56,41,37,41
56,42,56,57
56,42,57,53
56,42,53,49
56,42,49,76
56,42,76,72
56,42,72,33
56,42,33,37
56,42,37,38
56,42,38,42
56,43,56,57
56,43,57,53
56,43,53,49
56,43,49,76
56,43,76,72
56,43,72,33
56,43,33,37
56,43,37,38
56,43,38,39
56,43,39,43
56,44,56,57
56,44,57,53
56,44,53,49
56,44,49,76
56,44,76,72
56,44,72,33
56,44,33,32
56,44,32,36
56,44,36,40
56,44,40,44
56,45,56,57
56,45,57,53
56,45,53,49
56,45,49,76
56,45,76,72
56,45,72,33
56,45,33,37
56,45,37,41
56,45,41,45
56,46,56,57
56,46,57,53
56,46,53,49
56,46,49,76
56,46,76,72
56,46,72,33
56,46,33,37
56,46,37,38
56,46,38,42
56,46,42,46
56,47,56,57
56,47,57,53
56,47,53,49
56,47,49,76
56,47,76,72
56,47,72,33
56,47,33,37
56,47,37,38
56,47,38,39
56,47,39,43
56,47,43,47
56,48,56,52
56,48,52,48
56,49,56,57
56,49,57,53
56,49,53,49
56,50,56,57
56,50,57,58
56,50,58,54
56,50,54,50
56,51,56,57
56,51,57,58
56,51,58,59
56,51,59,55
56,51,55,51
56,52,56,52
56,53,56,57
56,53,57,53
56,54,56,57
56,54,57,58
56,54,58,54
56,55,56,57
56,55,57,58
56,55,58,59
56,55,59,55
56,57,56,57
56,58,56,57
56,58,57,58
56,59,56,57
56,59,57,58
56,59,58,59
56,60,56,60
56,61,56,57
56,61,57,61
56,62,56,57
56,62,57,58
56,62,58,62
56,63,56,57
56,63,57,58
56,63,58,59
56,63,59,63
57,0,57,53
57,0,53,49
57,0,49,76
57,0,76,72
57,0,72,68
57,0,68,64
57,0,64,1
57,0,1,0
57,1,57,53
57,1,53,49
57,1,49,76
57,1,76,72
57,1,72,68
57,1,68,64
57,1,64,1
57,2,57,53
57,2,53,49
57,2,49,76
57,2,76,72
57,2,72,68
57,2,68,64
57,2,64,1
57,2,1,5
57,2,5,6
57,2,6,2
57,3,57,53
57,3,53,49
57,3,49,76
57,3,76,72
57,3,72,68
57,3,68,64
57,3,64,1
57,3,1,5
57,3,5,6
57,3,6,7
57,3,7,3
57,4,57,53
57,4,53,49
57,4,49,76
57,4,76,72
57,4,72,68
57,4,68,64
57,4,64,1
57,4,1,0
57,4,0,4
57,5,57,53
57,5,53,49
57,5,49,76
57,5,76,72
57,5,72,68
57,5,68,64
57,5,64,1
57,5,1,5
57,6,57,53
57,6,53,49
57,6,49,76
57,6,76,72
57,6,72,68
57,6,68,64
57,6,64,1
57,6,1,5
57,6,5,6
57,7,57,53
57,7,53,49
57,7,49,76
57,7,76,72
57,7,72,68
57,7,68,64
57,7,64,1
57,7,1,5
57,7,5,6
57,7,6,7
57,8,57,53
57,8,53,49
57,8,49,76
57,8,76,72
57,8,72,68
57,8,68,64
57,8,64,1
57,8,1,0
57,8,0,4
57,8,4,8
57,9,57,53
57,9,53,49
57,9,49,76
57,9,76,72
57,9,72,68
57,9,68,64
57,9,64,1
57,9,1,5
57,9,5,9
57,10,57,53
57,10,53,49
57,10,49,76
57,10,76,72
57,10,72,68
57,10,68,64
57,10,64,1
57,10,1,5
57,10,5,6
57,10,6,10
57,11,57,53
57,11,53,49
57,11,49,76
57,11,76,72
57,11,72,68
57,11,68,64
57,11,64,1
57,11,1,5
57,11,5,6
57,11,6,7
57,11,7,11
57,12,57,53
57,12,53,49
57,12,49,76
57,12,76,72
57,12,72,68
57,12,68,64
57,12,64,1
57,12,1,0
57,12,0,4
57,12,4,8
57,12,8,12
57,13,57,53
57,13,53,49
57,13,49,76
57,13,76,72
57,13,72,68
57,13,68,64
57,13,64,1
57,13,1,5
57,13,5,9
57,13,9,13
57,14,57,53
57,14,53,49
57,14,49,76
57,14,76,72
57,14,72,68
57,14,68,64
57,14,64,1
57,14,1,5
57,14,5,6
57,14,6,10
57,14,10,14
57,15,57,53
57,15,53,49
57,15,49,76
57,15,76,72
57,15,72,68
57,15,68,64
57,15,64,1
57,15,1,5
57,15,5,6
57,15,6,7
57,15,7,11
57,15,11,15
57,16,57,53
57,16,53,49
57,16,49,76
57,16,76,72
57,16,72,68
57,16,68,17
57,16,17,16
57,17,57,53
57,17,53,49
57,17,49,76
57,17,76,72
57,17,72,68
57,17,68,17
57,18,57,53
57,18,53,49
57,18,49,76
57,18,76,72
57,18,72,68
57,18,68,17
57,18,17,21
57,18,21,22
57,18,22,18
57,19,57,53
57,19,53,49
57,19,49,76
57,19,76,72
57,19,72,68
57,19,68,17
57,19,17,21
57,19,21,22
57,19,22,23
57,19,23,19
57,20,57,53
57,20,53,49
57,20,49,76
57,20,76,72
57,20,72,68
57,20,68,17
57,20,17,16
57,20,16,20
57,21,57,53
57,21,53,49
57,21,49,76
57,21,76,72
57,21,72,68
57,21,68,17
57,21,17,21
57,22,57,53
57,22,53,49
57,22,49,76
57,22,76,72
57,22,72,68
57,22,68,17
57,22,17,21
57,22,21,22
57,23,57,53
57,23,53,49
57,23,49,76
57,23,76,72
57,23,72,68
57,23,68,17
57,23,17,21
57,23,21,22
57,23,22,23
57,24,57,53
57,24,53,49
57,24,49,76
57,24,76,72
57,24,72,68
57,24,68,17
57,24,17,16
57,24,16,20
57,24,20,24
57,25,57,53
57,25,53,49
57,25,49,76
57,25,76,72
57,25,72,68
57,25,68,17
57,25,17,21
57,25,21,25
57,26,57,53
57,26,53,49
57,26,49,76
57,26,76,72
57,26,72,68
57,26,68,17
57,26,17,21
57,26,21,22
57,26,22,26
57,27,57,53
57,27,53,49
57,27,49,76
57,27,76,72
57,27,72,68
57,27,68,17
57,27,17,21
57,27,21,22
57,27,22,23
57,27,23,27
57,28,57,53
57,28,53,49
57,28,49,76
57,28,76,72
57,28,72,68
57,28,68,17
57,28,17,16
57,28,16,20
57,28,20,24
57,28,24,28
57,29,57,53
57,29,53,49
57,29,49,76
57,29,76,72
57,29,72,68
57,29,68,17
57,29,17,21
57,29,21,25
57,29,25,29
57,30,57,53
57,30,53,49
57,30,49,76
57,30,76,72
57,30,72,68
57,30,68,17
57,30,17,21
57,30,21,22
57,30,22,26
57,30,26,30
57,31,57,53
57,31,53,49
57,31,49,76
57,31,76,72
57,31,72,68
57,31,68,17
57,31,17,21
57,31,21,22
57,31,22,23
57,31,23,27
57,31,27,31
57,32,57,53
57,32,53,49
57,32,49,76
57,32,76,72
57,32,72,33
57,32,33,32
57,33,57,53
57,33,53,49
57,33,49,76
57,33,76,72
57,33,72,33
57,34,57,53
57,34,53,49
57,34,49,76
57,34,76,72
57,34,72,33
57,34,33,37
57,34,37,38
57,34,38,34
57,35,57,53
57,35,53,49
57,35,49,76
57,35,76,72
57,35,72,33
57,35,33,37
57,35,37,38
57,35,38,39
57,35,39,35
57,36,57,53
57,36,53,49
57,36,49,76
57,36,76,72
57,36,72,33
57,36,33,32
57,36,32,36
57,37,57,53
57,37,53,49
57,37,49,76
57,37,76,72
57,37,72,33
57,37,33,37
57,38,57,53
57,38,53,49
57,38,49,76
57,38,76,72
57,38,72,33
57,38,33,37
57,38,37,38
57,39,57,53
57,39,53,49
57,39,49,76
57,39,76,72
57,39,72,33
57,39,33,37
57,39,37,38
57,39,38,39
57,40,57,53
57,40,53,49
57,40,49,76
57,40,76,72
57,40,72,33
57,40,33,32
57,40,32,36
57,40,36,40
57,41,57,53
57,41,53,49
57,41,49,76
57,41,76,72
57,41,72,33
57,41,33,37
57,41,37,41
57,42,57,53
57,42,53,49
57,42,49,76
57,42,76,72
57,42,72,33
57,42,33,37
57,42,37,38
57,42,38,42
57,43,57,53
57,43,53,49
57,43,49,76
57,43,76,72
57,43,72,33
57,43,33,37
57,43,37,38
57,43,38,39
57,43,39,43
57,44,57,53
57,44,53,49
57,44,49,76
57,44,76,72
57,44,72,33
57,44,33,32
57,44,32,36
57,44,36,40
57,44,40,44
57,45,57,53
57,45,53,49
57,45,49,76
57,45,76,72
57,45,72,33
57,45,33,37
57,45,37,41
57,45,41,45
57,46,57,53
57,46,53,49
57,46,49,76
57,46,76,72
57,46,72,33
57,46,33,37
57,46,37,38
57,46,38,42
57,46,42,46
57,47,57,53
57,47,53,49
57,47,49,76
57,47,76,72
57,47,72,33
57,47,33,37
57,47,37,38
57,47,38,39
57,47,39,43
57,47,43,47
57,48,57,56
57,48,56,52
57,48,52,48
57,49,57,53
57,49,53,49
57,50,57,58
57,50,58,54
57,50,54,50
57,51,57,58
57,51,58,59
57,51,59,55
57,51,55,51
57,52,57,56
57,52,56,52
57,53,57,53
57,54,57,58
57,54,58,54
57,55,57,58
57,55,58,59
57,55,59,55
57,56,57,56
57,58,57,58
57,59,57,58
57,59,58,59
57,60,57,56
57,60,56,60
57,61,57,61
57,62,57,58
57,62,58,62
57,63,57,58
57,63,58,59
57,63,59,63
58,0,58,57
58,0,57,53
58,0,53,49
58,0,49,76
58,0,76,72
58,0,72,68
58,0,68,64
58,0,64,1
58,0,1,0
58,1,58,57
58,1,57,53
58,1,53,49
58,1,49,76
58,1,76,72
58,1,72,68
58,1,68,64
58,1,64,1
58,2,58,57
58,2,57,53
58,2,53,49
58,2,49,76
58,2,76,72
58,2,72,68
58,2,68,64
58,2,64,1
58,2,1,5
58,2,5,6
58,2,6,2
58,3,58,57
58,3,57,53
58,3,53,49
58,3,49,76
58,3,76,72
58,3,72,68
58,3,68,64
58,3,64,1
58,3,1,5
58,3,5,6
58,3,6,7
58,3,7,3
58,4,58,57
58,4,57,53
58,4,53,49
58,4,49,76
58,4,76,72
58,4,72,68
58,4,68,64
58,4,64,1
58,4,1,0
58,4,0,4
58,5,58,57
58,5,57,53
58,5,53,49
58,5,49,76
58,5,76,72
58,5,72,68
58,5,68,64
58,5,64,1
58,5,1,5
58,6,58,57
58,6,57,53
58,6,53,49
58,6,49,76
58,6,76,72
58,6,72,68
58,6,68,64
58,6,64,1
58,6,1,5
58,6,5,6
58,7,58,57
58,7,57,53
58,7,53,49
58,7,49,76
58,7,76,72
58,7,72,68
58,7,68,64
58,7,64,1
58,7,1,5
58,7,5,6
58,7,6,7
58,8,58,57
58,8,57,53
58,8,53,49
58,8,49,76
58,8,76,72
58,8,72,68
58,8,68,64
58,8,64,1
58,8,1,0
58,8,0,4
58,8,4,8
58,9,58,57
58,9,57,53
58,9,53,49
58,9,49,76
58,9,76,72
58,9,72,68
58,9,68,64
58,9,64,1
58,9,1,5
58,9,5,9
58,10,58,57
58,10,57,53
58,10,53,49
58,10,49,76
58,10,76,72
58,10,72,68
58,10,68,64
58,10,64,1
58,10,1,5
58,10,5,6
58,10,6,10
58,11,58,57
58,11,57,53
58,11,53,49
58,11,49,76
58,11,76,72
58,11,72,68
58,11,68,64
58,11,64,1
58,11,1,5
58,11,5,6
58,11,6,7
58,11,7,11
58,12,58,57
58,12,57,53
58,12,53,49
58,12,49,76
58,12,76,72
58,12,72,68
58,12,68,64
58,12,64,1
58,12,1,0
58,12,0,4
58,12,4,8
58,12,8,12
58,13,58,57
58,13,57,53
58,13,53,49
58,13,49,76
58,13,76,72
58,13,72,68
58,13,68,64
58,13,64,1
58,13,1,5
58,13,5,9
58,13,9,13
58,14,58,57
58,14,57,53
58,14,53,49
58,14,49,76
58,14,76,72
58,14,72,68
58,14,68,64
58,14,64,1
58,14,1,5
58,14,5,6
58,14,6,10
58,14,10,14
58,15,58,57
58,15,57,53
58,15,53,49
58,15,49,76
58,15,76,72
58,15,72,68
58,15,68,64
58,15,64,1
58,15,1,5
58,15,5,6
58,15,6,7
58,15,7,11
58,15,11,15
58,16,58,57
58,16,57,53
58,16,53,49
58,16,49,76
58,16,76,72
58,16,72,68
58,16,68,17
58,16,17,16
58,17,58,57
58,17,57,53
58,17,53,49
58,17,49,76
58,17,76,72
58,17,72,68
58,17,68,17
58,18,58,57
58,18,57,53
58,18,53,49
58,18,49,76
58,18,76,72
58,18,72,68
58,18,68,17
58,18,17,21
58,18,21,22
58,18,22,18
58,19,58,57
58,19,57,53
58,19,53,49
58,19,49,76
58,19,76,72
58,19,72,68
58,19,68,17
58,19,17,21
58,19,21,22
58,19,22,23
58,19,23,19
58,20,58,57
58,20,57,53
58,20,53,49
58,20,49,76
58,20,76,72
58,20,72,68
58,20,68,17
58,20,17,16
58,20,16,20
58,21,58,57
58,21,57,53
58,21,53,49
58,21,49,76
58,21,76,72
58,21,72,68
58,21,68,17
58,21,17,21
58,22,58,57
58,22,57,53
58,22,53,49
58,22,49,76
58,22,76,72
58,22,72,68
58,22,68,17
58,22,17,21
58,22,21,22
58,23,58,57
58,23,57,53
58,23,53,49
58,23,49,76
58,23,76,72
58,23,72,68
58,23,68,17
58,23,17,21
58,23,21,22
58,23,22,23
58,24,58,57
58,24,57,53
58,24,53,49
58,24,49,76
58,24,76,72
58,24,72,68
58,24,68,17
58,24,17,16
58,24,16,20
58,24,20,24
58,25,58,57
58,25,57,53
58,25,53,49
58,25,49,76
58,25,76,72
58,25,72,68
58,25,68,17
58,25,17,21
58,25,21,25
58,26,58,57
58,26,57,53
58,26,53,49
58,26,49,76
58,26,76,72
58,26,72,68
58,26,68,17
58,26,17,21
58,26,21,22
58,26,22,26
58,27,58,57
58,27,57,53
58,27,53,49
58,27,49,76
58,27,76,72
58,27,72,68
58,27,68,17
58,27,17,21
58,27,21,22
58,27,22,23
58,27,23,27
58,28,58,57
58,28,57,53
58,28,53,49
58,28,49,76
58,28,76,72
58,28,72,68
58,28,68,17
58,28,17,16
58,28,16,20
58,28,20,24
58,28,24,28
58,29,58,57
58,29,57,53
58,29,53,49
58,29,49,76
58,29,76,72
58,29,72,68
58,29,68,17
58,29,17,21
58,29,21,25
58,29,25,29
58,30,58,57
58,30,57,53
58,30,53,49
58,30,49,76
58,30,76,72
58,30,72,68
58,30,68,17
58,30,17,21
58,30,21,22
58,30,22,26
58,30,26,30
58,31,58,57
58,31,57,53
58,31,53,49
58,31,49,76
58,31,76,72
58,31,72,68
58,31,68,17
58,31,17,21
58,31,21,22
58,31,22,23
58,31,23,27
58,31,27,31
58,32,58,57
58,32,57,53
58,32,53,49
58,32,49,76
58,32,76,72
58,32,72,33
58,32,33,32
58,33,58,57
58,33,57,53
58,33,53,49
58,33,49,76
58,33,76,72
58,33,72,33
58,34,58,57
58,34,57,53
58,34,53,49
58,34,49,76
58,34,76,72
58,34,72,33
58,34,33,37
58,34,37,38
58,34,38,34
58,35,58,57
58,35,57,53
58,35,53,49
58,35,49,76
58,35,76,72
58,35,72,33
58,35,33,37
58,35,37,38
58,35,38,39
58,35,39,35
58,36,58,57
58,36,57,53
58,36,53,49
58,36,49,76
58,36,76,72
58,36,72,33
58,36,33,32
58,36,32,36
58,37,58,57
58,37,57,53
58,37,53,49
58,37,49,76
58,37,76,72
58,37,72,33
58,37,33,37
58,38,58,57
58,38,57,53
58,38,53,49
58,38,49,76
58,38,76,72
58,38,72,33
58,38,33,37
58,38,37,38
58,39,58,57
58,39,57,53
58,39,53,49
58,39,49,76
58,39,76,72
58,39,72,33
58,39,33,37
58,39,37,38
58,39,38,39
58,40,58,57
58,40,57,53
58,40,53,49
58,40,49,76
58,40,76,72
58,40,72,33
58,40,33,32
58,40,32,36
58,40,36,40
58,41,58,57
58,41,57,53
58,41,53,49
58,41,49,76
58,41,76,72
58,41,72,33
58,41,33,37
58,41,37,41
58,42,58,57
58,42,57,53
58,42,53,49
58,42,49,76
58,42,76,72
58,42,72,33
58,42,33,37
58,42,37,38
58,42,38,42
58,43,58,57
58,43,57,53
58,43,53,49
58,43,49,76
58,43,76,72
58,43,72,33
58,43,33,37
58,43,37,38
58,43,38,39
58,43,39,43
58,44,58,57
58,44,57,53
58,44,53,49
58,44,49,76
58,44,76,72
58,44,72,33
58,44,33,32
58,44,32,36
58,44,36,40
58,44,40,44
58,45,58,57
58,45,57,53
58,45,53,49
58,45,49,76
58,45,76,72
58,45,72,33
58,45,33,37
58,45,37,41
58,45,41,45
58,46,58,57
58,46,57,53
58,46,53,49
58,46,49,76
58,46,76,72
58,46,72,33
58,46,33,37
58,46,37,38
58,46,38,42
58,46,42,46
58,47,58,57
58,47,57,53
58,47,53,49
58,47,49,76
58,47,76,72
58,47,72,33
58,47,33,37
58,47,37,38
58,47,38,39
58,47,39,43
58,47,43,47
58,48,58,57
58,48,57,56
58,48,56,52
58,48,52,48
58,49,58,57
58,49,57,53
58,49,53,49
58,50,58,54
58,50,54,50
58,51,58,59
58,51,59,55
58,51,55,51
58,52,58,57
58,52,57,56
58,52,56,52
58,53,58,57
58,53,57,53
58,54,58,54
58,55,58,59
58,55,59,55
58,56,58,57
58,56,57,56
58,57,58,57
58,59,58,59
58,60,58,57
58,60,57,56
58,60,56,60
58,61,58,57
58,61,57,61
58,62,58,62
58,63,58,59
58,63,59,63
59,0,59,58
59,0,58,57
59,0,57,53
59,0,53,49
59,0,49,76
59,0,76,72
59,0,72,68
59,0,68,64
59,0,64,1
59,0,1,0
59,1,59,58
59,1,58,57
59,1,57,53
59,1,53,49
59,1,49,76
59,1,76,72
59,1,72,68
59,1,68,64
59,1,64,1
59,2,59,58
59,2,58,57
59,2,57,53
59,2,53,49
59,2,49,76
59,2,76,72
59,2,72,68
59,2,68,64
59,2,64,1
59,2,1,5
59,2,5,6
59,2,6,2
59,3,59,58
59,3,58,57
59,3,57,53
59,3,53,49
59,3,49,76
59,3,76,72
59,3,72,68
59,3,68,64
59,3,64,1
59,3,1,5
59,3,5,6
59,3,6,7
59,3,7,3
59,4,59,58
59,4,58,57
59,4,57,53
59,4,53,49
59,4,49,76
59,4,76,72
59,4,72,68
59,4,68,64
59,4,64,1
59,4,1,0
59,4,0,4
59,5,59,58
59,5,58,57
59,5,57,53
59,5,53,49
59,5,49,76
59,5,76,72
59,5,72,68
59,5,68,64
59,5,64,1
59,5,1,5
59,6,59,58
59,6,58,57
59,6,57,53
59,6,53,49
59,6,49,76
59,6,76,72
59,6,72,68
59,6,68,64
59,6,64,1
59,6,1,5
59,6,5,6
59,7,59,58
59,7,58,57
59,7,57,53
59,7,53,49
59,7,49,76
59,7,76,72
59,7,72,68
59,7,68,64
59,7,64,1
59,7,1,5
59,7,5,6
59,7,6,7
59,8,59,58
59,8,58,57
59,8,57,53
59,8,53,49
59,8,49,76
59,8,76,72
59,8,72,68
59,8,68,64
59,8,64,1
59,8,1,0
59,8,0,4
59,8,4,8
59,9,59,58
59,9,58,57
59,9,57,53
59,9,53,49
59,9,49,76
59,9,76,72
59,9,72,68
59,9,68,64
59,9,64,1
59,9,1,5
59,9,5,9
59,10,59,58
59,10,58,57
59,10,57,53
59,10,53,49
59,10,49,76
59,10,76,72
59,10,72,68
59,10,68,64
59,10,64,1
59,10,1,5
59,10,5,6
59,10,6,10
59,11,59,58
59,11,58,57
59,11,57,53
59,11,53,49
59,11,49,76
59,11,76,72
59,11,72,68
59,11,68,64
59,11,64,1
59,11,1,5
59,11,5,6
59,11,6,7
59,11,7,11
59,12,59,58
59,12,58,57
59,12,57,53
59,12,53,49
59,12,49,76
59,12,76,72
59,12,72,68
59,12,68,64
59,12,64,1
59,12,1,0
59,12,0,4
59,12,4,8
59,12,8,12
59,13,59,58
59,13,58,57
59,13,57,53
59,13,53,49
59,13,49,76
59,13,76,72
59,13,72,68
59,13,68,64
59,13,64,1
59,13,1,5
59,13,5,9
59,13,9,13
59,14,59,58
59,14,58,57
59,14,57,53
59,14,53,49
59,14,49,76
59,14,76,72
59,14,72,68
59,14,68,64
59,14,64,1
59,14,1,5
59,14,5,6
59,14,6,10
59,14,10,14
59,15,59,58
59,15,58,57
59,15,57,53
59,15,53,49
59,15,49,76
59,15,76,72
59,15,72,68
59,15,68,64
59,15,64,1
59,15,1,5
59,15,5,6
59,15,6,7
59,15,7,11
59,15,11,15
59,16,59,58
59,16,58,57
59,16,57,53
59,16,53,49
59,16,49,76
59,16,76,72
59,16,72,68
59,16,68,17
59,16,17,16
59,17,59,58
59,17,58,57
59,17,57,53
59,17,53,49
59,17,49,76
59,17,76,72
59,17,72,68
59,17,68,17
59,18,59,58
59,18,58,57
59,18,57,53
59,18,53,49
59,18,49,76
59,18,76,72
59,18,72,68
59,18,68,17
59,18,17,21
59,18,21,22
59,18,22,18
59,19,59,58
59,19,58,57
59,19,57,53
59,19,53,49
59,19,49,76
59,19,76,72
59,19,72,68
59,19,68,17
59,19,17,21
59,19,21,22
59,19,22,23
59,19,23,19
59,20,59,58
59,20,58,57
59,20,57,53
59,20,53,49
59,20,49,76
59,20,76,72
59,20,72,68
59,20,68,17
59,20,17,16
59,20,16,20
59,21,59,58
59,21,58,57
59,21,57,53
59,21,53,49
59,21,49,76
59,21,76,72
59,21,72,68
59,21,68,17
59,21,17,21
59,22,59,58
59,22,58,57
59,22,57,53
59,22,53,49
59,22,49,76
59,22,76,72
59,22,72,68
59,22,68,17
59,22,17,21
59,22,21,22
59,23,59,58
59,23,58,57
59,23,57,53
59,23,53,49
59,23,49,76
59,23,76,72
59,23,72,68
59,23,68,17
59,23,17,21
59,23,21,22
59,23,22,23
59,24,59,58
59,24,58,57
59,24,57,53
59,24,53,49
59,24,49,76
59,24,76,72
59,24,72,68
59,24,68,17
59,24,17,16
59,24,16,20
59,24,20,24
59,25,59,58
59,25,58,57
59,25,57,53
59,25,53,49
59,25,49,76
59,25,76,72
59,25,72,68
59,25,68,17
59,25,17,21
59,25,21,25
59,26,59,58
59,26,58,57
59,26,57,53
59,26,53,49
59,26,49,76
59,26,76,72
59,26,72,68
59,26,68,17
59,26,17,21
59,26,21,22
59,26,22,26
59,27,59,58
59,27,58,57
59,27,57,53
59,27,53,49
59,27,49,76
59,27,76,72
59,27,72,68
59,27,68,17
59,27,17,21
59,27,21,22
59,27,22,23
59,27,23,27
59,28,59,58
59,28,58,57
59,28,57,53
59,28,53,49
59,28,49,76
59,28,76,72
59,28,72,68
59,28,68,17
59,28,17,16
59,28,16,20
59,28,20,24
59,28,24,28
59,29,59,58
59,29,58,57
59,29,57,53
59,29,53,49
59,29,49,76
59,29,76,72
59,29,72,68
59,29,68,17
59,29,17,21
59,29,21,25
59,29,25,29
59,30,59,58
59,30,58,57
59,30,57,53
59,30,53,49
59,30,49,76
59,30,76,72
59,30,72,68
59,30,68,17
59,30,17,21
59,30,21,22
59,30,22,26
59,30,26,30
59,31,59,58
59,31,58,57
59,31,57,53
59,31,53,49
59,31,49,76
59,31,76,72
59,31,72,68
59,31,68,17
59,31,17,21
59,31,21,22
59,31,22,23
59,31,23,27
59,31,27,31
59,32,59,58
59,32,58,57
59,32,57,53
59,32,53,49
59,32,49,76
59,32,76,72
59,32,72,33
59,32,33,32
59,33,59,58
59,33,58,57
59,33,57,53
59,33,53,49
59,33,49,76
59,33,76,72
59,33,72,33
59,34,59,58
59,34,58,57
59,34,57,53
59,34,53,49
59,34,49,76
59,34,76,72
59,34,72,33
59,34,33,37
59,34,37,38
59,34,38,34
59,35,59,58
59,35,58,57
59,35,57,53
59,35,53,49
59,35,49,76
59,35,76,72
59,35,72,33
59,35,33,37
59,35,37,38
59,35,38,39
59,35,39,35
59,36,59,58
59,36,58,57
59,36,57,53
59,36,53,49
59,36,49,76
59,36,76,72
59,36,72,33
59,36,33,32
59,36,32,36
59,37,59,58
59,37,58,57
59,37,57,53
59,37,53,49
59,37,49,76
59,37,76,72
59,37,72,33
59,37,33,37
59,38,59,58
59,38,58,57
59,38,57,53
59,38,53,49
59,38,49,76
59,38,76,72
59,38,72,33
59,38,33,37
59,38,37,38
59,39,59,58
59,39,58,57
59,39,57,53
59,39,53,49
59,39,49,76
59,39,76,72
59,39,72,33
59,39,33,37
59,39,37,38
59,39,38,39
59,40,59,58
59,40,58,57
59,40,57,53
59,40,53,49
59,40,49,76
59,40,76,72
59,40,72,33
59,40,33,32
59,40,32,36
59,40,36,40
59,41,59,58
59,41,58,57
59,41,57,53
59,41,53,49
59,41,49,76
59,41,76,72
59,41,72,33
59,41,33,37
59,41,37,41
59,42,59,58
59,42,58,57
59,42,57,53
59,42,53,49
59,42,49,76
59,42,76,72
59,42,72,33
59,42,33,37
59,42,37,38
59,42,38,42
59,43,59,58
59,43,58,57
59,43,57,53
59,43,53,49
59,43,49,76
59,43,76,72
59,43,72,33
59,43,33,37
59,43,37,38
59,43,38,39
59,43,39,43
59,44,59,58
59,44,58,57
59,44,57,53
59,44,53,49
59,44,49,76
59,44,76,72
59,44,72,33
59,44,33,32
59,44,32,36
59,44,36,40
59,44,40,44
59,45,59,58
59,45,58,57
59,45,57,53
59,45,53,49
59,45,49,76
59,45,76,72
59,45,72,33
59,45,33,37
59,45,37,41
59,45,41,45
59,46,59,58
59,46,58,57
59,46,57,53
59,46,53,49
59,46,49,76
59,46,76,72
59,46,72,33
59,46,33,37
59,46,37,38
59,46,38,42
59,46,42,46
59,47,59,58
59,47,58,57
59,47,57,53
59,47,53,49
59,47,49,76
59,47,76,72
59,47,72,33
59,47,33,37
59,47,37,38
59,47,38,39
59,47,39,43
59,47,43,47
59,48,59,58
59,48,58,57
59,48,57,56
59,48,56,52
59,48,52,48
59,49,59,58
59,49,58,57
59,49,57,53
59,49,53,49
59,50,59,58
59,50,58,54
59,50,54,50
59,51,59,55
59,51,55,51
59,52,59,58
59,52,58,57
59,52,57,56
59,52,56,52
59,53,59,58
59,53,58,57
59,53,57,53
59,54,59,58
59,54,58,54
59,55,59,55
59,56,59,58
59,56,58,57
59,56,57,56
59,57,59,58
59,57,58,57
59,58,59,58
59,60,59,58
59,60,58,57
59,60,57,56
59,60,56,60
59,61,59,58
59,61,58,57
59,61,57,61
59,62,59,58
59,62,58,62
59,63,59,63
60,0,60,61
60,0,61,78
60,0,78,74
60,0,74,70
60,0,70,66
60,0,66,13
60,0,13,9
60,0,9,8
60,0,8,4
60,0,4,0
60,1,60,61
60,1,61,78
60,1,78,74
60,1,74,70
60,1,70,66
60,1,66,13
60,1,13,9
60,1,9,5
60,1,5,1
60,2,60,61
60,2,61,78
60,2,78,74
60,2,74,70
60,2,70,66
60,2,66,13
60,2,13,14
60,2,14,10
60,2,10,6
60,2,6,2
60,3,60,61
60,3,61,78
60,3,78,74
60,3,74,70
60,3,70,66
60,3,66,13
60,3,13,14
60,3,14,15
60,3,15,11
60,3,11,7
60,3,7,3
60,4,60,61
60,4,61,78
60,4,78,74
60,4,74,70
60,4,70,66
60,4,66,13
60,4,13,9
60,4,9,8
60,4,8,4
60,5,60,61
60,5,61,78
60,5,78,74
60,5,74,70
60,5,70,66
60,5,66,13
60,5,13,9
60,5,9,5
60,6,60,61
60,6,61,78
60,6,78,74
60,6,74,70
60,6,70,66
60,6,66,13
60,6,13,14
60,6,14,10
60,6,10,6
60,7,60,61
60,7,61,78
60,7,78,74
60,7,74,70
60,7,70,66
60,7,66,13
60,7,13,14
60,7,14,15
60,7,15,11
60,7,11,7
60,8,60,61
60,8,61,78
60,8,78,74
60,8,74,70
60,8,70,66
60,8,66,13
60,8,13,9
60,8,9,8
60,9,60,61
60,9,61,78
60,9,78,74
60,9,74,70
60,9,70,66
60,9,66,13
60,9,13,9
60,10,60,61
60,10,61,78
60,10,78,74
60,10,74,70
60,10,70,66
60,10,66,13
60,10,13,14
60,10,14,10
60,11,60,61
60,11,61,78
60,11,78,74
60,11,74,70
60,11,70,66
60,11,66,13
60,11,13,14
60,11,14,15
60,11,15,11
60,12,60,61
60,12,61,78
60,12,78,74
60,12,74,70
60,12,70,66
60,12,66,13
60,12,13,9
60,12,9,8
60,12,8,12
60,13,60,61
60,13,61,78
60,13,78,74
60,13,74,70
60,13,70,66
60,13,66,13
60,14,60,61
60,14,61,78
60,14,78,74
60,14,74,70
60,14,70,66
60,14,66,13
60,14,13,14
60,15,60,61
60,15,61,78
60,15,78,74
60,15,74,70
60,15,70,66
60,15,66,13
60,15,13,14
60,15,14,15
60,16,60,61
60,16,61,78
60,16,78,74
60,16,74,70
60,16,70,29
60,16,29,25
60,16,25,24
60,16,24,20
60,16,20,16
60,17,60,61
60,17,61,78
60,17,78,74
60,17,74,70
60,17,70,29
60,17,29,25
60,17,25,21
60,17,21,17
60,18,60,61
60,18,61,78
60,18,78,74
60,18,74,70
60,18,70,29
60,18,29,30
60,18,30,26
60,18,26,22
60,18,22,18
60,19,60,61
60,19,61,78
60,19,78,74
60,19,74,70
60,19,70,29
60,19,29,30
60,19,30,31
60,19,31,27
60,19,27,23
60,19,23,19
60,20,60,61
60,20,61,78
60,20,78,74
60,20,74,70
60,20,70,29
60,20,29,25
60,20,25,24
60,20,24,20
60,21,60,61
60,21,61,78
60,21,78,74
60,21,74,70
60,21,70,29
60,21,29,25
60,21,25,21
60,22,60,61
60,22,61,78
60,22,78,74
60,22,74,70
60,22,70,29
60,22,29,30
60,22,30,26
60,22,26,22
60,23,60,61
60,23,61,78
60,23,78,74
60,23,74,70
60,23,70,29
60,23,29,30
60,23,30,31
60,23,31,27
60,23,27,23
60,24,60,61
60,24,61,78
60,24,78,74
60,24,74,70
60,24,70,29
60,24,29,25
60,24,25,24
60,25,60,61
60,25,61,78
60,25,78,74
60,25,74,70
60,25,70,29
60,25,29,25
60,26,60,61
60,26,61,78
60,26,78,74
60,26,74,70
60,26,70,29
60,26,29,30
60,26,30,26
60,27,60,61
60,27,61,78
60,27,78,74
60,27,74,70
60,27,70,29
60,27,29,30
60,27,30,31
60,27,31,27
60,28,60,61
60,28,61,78
60,28,78,74
60,28,74,70
60,28,70,29
60,28,29,25
60,28,25,24
60,28,24,28
60,29,60,61
60,29,61,78
60,29,78,74
60,29,74,70
60,29,70,29
60,30,60,61
60,30,61,78
60,30,78,74
60,30,74,70
60,30,70,29
60,30,29,30
60,31,60,61
60,31,61,78
60,31,78,74
60,31,74,70
60,31,70,29
60,31,29,30
60,31,30,31
60,32,60,61
60,32,61,78
60,32,78,74
60,32,74,45
60,32,45,41
60,32,41,40
60,32,40,36
60,32,36,32
60,33,60,61
60,33,61,78
60,33,78,74
60,33,74,45
60,33,45,41
60,33,41,37
60,33,37,33
60,34,60,61
60,34,61,78
60,34,78,74
60,34,74,45
60,34,45,46
60,34,46,42
60,34,42,38
60,34,38,34
60,35,60,61
60,35,61,78
60,35,78,74
60,35,74,45
60,35,45,46
60,35,46,47
60,35,47,43
60,35,43,39
60,35,39,35
60,36,60,61
60,36,61,78
60,36,78,74
60,36,74,45
60,36,45,41
60,36,41,40
60,36,40,36
60,37,60,61
60,37,61,78
60,37,78,74
60,37,74,45
60,37,45,41
60,37,41,37
60,38,60,61
60,38,61,78
60,38,78,74
60,38,74,45
60,38,45,46
60,38,46,42
60,38,42,38
60,39,60,61
60,39,61,78
60,39,78,74
60,39,74,45
60,39,45,46
60,39,46,47
60,39,47,43
60,39,43,39
60,40,60,61
60,40,61,78
60,40,78,74
60,40,74,45
60,40,45,41
60,40,41,40
60,41,60,61
60,41,61,78
60,41,78,74
60,41,74,45
60,41,45,41
60,42,60,61
60,42,61,78
60,42,78,74
60,42,74,45
60,42,45,46
60,42,46,42
60,43,60,61
60,43,61,78
60,43,78,74
60,43,74,45
60,43,45,46
60,43,46,47
60,43,47,43
60,44,60,61
60,44,61,78
60,44,78,74
60,44,74,45
60,44,45,41
60,44,41,40
60,44,40,44
60,45,60,61
60,45,61,78
60,45,78,74
60,45,74,45
60,46,60,61
60,46,61,78
60,46,78,74
60,46,74,45
60,46,45,46
60,47,60,61
60,47,61,78
60,47,78,74
60,47,74,45
60,47,45,46
60,47,46,47
60,48,60,56
60,48,56,52
60,48,52,48
60,49,60,61
60,49,61,57
60,49,57,53
60,49,53,49
60,50,60,61
60,50,61,62
60,50,62,58
60,50,58,54
60,50,54,50
60,51,60,61
60,51,61,62
60,51,62,63
60,51,63,59
60,51,59,55
60,51,55,51
60,52,60,56
60,52,56,52
60,53,60,61
60,53,61,57
60,53,57,53
60,54,60,61
60,54,61,62
60,54,62,58
60,54,58,54
60,55,60,61
60,55,61,62
60,55,62,63
60,55,63,59
60,55,59,55
60,56,60,56
60,57,60,61
60,57,61,57
60,58,60,61
60,58,61,62
60,58,62,58
60,59,60,61
60,59,61,62
60,59,62,63
60,59,63,59
60,61,60,61
60,62,60,61
60,62,61,62
60,63,60,61
60,63,61,62
60,63,62,63
61,0,61,62
61,0,62,79
61,0,79,75
61,0,75,71
61,0,71,67
61,0,67,14
61,0,14,10
61,0,10,9
61,0,9,8
61,0,8,4
61,0,4,0
61,1,61,62
61,1,62,79
61,1,79,75
61,1,75,71
61,1,71,67
61,1,67,14
61,1,14,10
61,1,10,9
61,1,9,5
61,1,5,1
61,2,61,62
61,2,62,79
61,2,79,75
61,2,75,71
61,2,71,67
61,2,67,14
61,2,14,10
61,2,10,6
61,2,6,2
61,3,61,62
61,3,62,79
61,3,79,75
61,3,75,71
61,3,71,67
61,3,67,14
61,3,14,15
61,3,15,11
61,3,11,7
61,3,7,3
61,4,61,62
61,4,62,79
61,4,79,75
61,4,75,71
61,4,71,67
61,4,67,14
61,4,14,10
61,4,10,9
61,4,9,8
61,4,8,4
61,5,61,62
61,5,62,79
61,5,79,75
61,5,75,71
61,5,71,67
61,5,67,14
61,5,14,10
61,5,10,9
61,5,9,5
61,6,61,62
61,6,62,79
61,6,79,75
61,6,75,71
61,6,71,67
61,6,67,14
61,6,14,10
61,6,10,6
61,7,61,62
61,7,62,79
61,7,79,75
61,7,75,71
61,7,71,67
61,7,67,14
61,7,14,15
61,7,15,11
61,7,11,7
61,8,61,62
61,8,62,79
61,8,79,75
61,8,75,71
61,8,71,67
61,8,67,14
61,8,14,10
61,8,10,9
61,8,9,8
61,9,61,62
61,9,62,79
61,9,79,75
61,9,75,71
61,9,71,67
61,9,67,14
61,9,14,10
61,9,10,9
61,10,61,62
61,10,62,79
61,10,79,75
61,10,75,71
61,10,71,67
61,10,67,14
61,10,14,10
61,11,61,62
61,11,62,79
61,11,79,75
61,11,75,71
61,11,71,67
61,11,67,14
61,11,14,15
61,11,15,11
61,12,61,62
61,12,62,79
61,12,79,75
61,12,75,71
61,12,71,67
61,12,67,14
61,12,14,10
61,12,10,9
61,12,9,8
61,12,8,12
61,13,61,62
61,13,62,79
61,13,79,75
61,13,75,71
61,13,71,67
61,13,67,14
61,13,14,10
61,13,10,9
61,13,9,13
61,14,61,62
61,14,62,79
61,14,79,75
61,14,75,71
61,14,71,67
61,14,67,14
61,15,61,62
61,15,62,79
61,15,79,75
61,15,75,71
61,15,71,67
61,15,67,14
61,15,14,15
61,16,61,62
61,16,62,79
61,16,79,75
61,16,75,71
61,16,71,30
61,16,30,26
61,16,26,25
61,16,25,24
61,16,24,20
61,16,20,16
61,17,61,62
61,17,62,79
61,17,79,75
61,17,75,71
61,17,71,30
61,17,30,26
61,17,26,25
61,17,25,21
61,17,21,17
61,18,61,62
61,18,62,79
61,18,79,75
61,18,75,71
61,18,71,30
61,18,30,26
61,18,26,22
61,18,22,18
61,19,61,62
61,19,62,79
61,19,79,75
61,19,75,71
61,19,71,30
61,19,30,31
61,19,31,27
61,19,27,23
61,19,23,19
61,20,61,62
61,20,62,79
61,20,79,75
61,20,75,71
61,20,71,30
61,20,30,26
61,20,26,25
61,20,25,24
61,20,24,20
61,21,61,62
61,21,62,79
61,21,79,75
61,21,75,71
61,21,71,30
61,21,30,26
61,21,26,25
61,21,25,21
61,22,61,62
61,22,62,79
61,22,79,75
61,22,75,71
61,22,71,30
61,22,30,26
61,22,26,22
61,23,61,62
61,23,62,79
61,23,79,75
61,23,75,71
61,23,71,30
61,23,30,31
61,23,31,27
61,23,27,23
61,24,61,62
61,24,62,79
61,24,79,75
61,24,75,71
61,24,71,30
61,24,30,26
61,24,26,25
61,24,25,24
61,25,61,62
61,25,62,79
61,25,79,75
61,25,75,71
61,25,71,30
61,25,30,26
61,25,26,25
61,26,61,62
61,26,62,79
61,26,79,75
61,26,75,71
61,26,71,30
61,26,30,26
61,27,61,62
61,27,62,79
61,27,79,75
61,27,75,71
61,27,71,30
61,27,30,31
61,27,31,27
61,28,61,62
61,28,62,79
61,28,79,75
61,28,75,71
61,28,71,30
61,28,30,26
61,28,26,25
61,28,25,24
61,28,24,28
61,29,61,62
61,29,62,79
61,29,79,75
61,29,75,71
61,29,71,30
61,29,30,26
61,29,26,25
61,29,25,29
61,30,61,62
61,30,62,79
61,30,79,75
61,30,75,71
61,30,71,30
61,31,61,62
61,31,62,79
61,31,79,75
61,31,75,71
61,31,71,30
61,31,30,31
61,32,61,62
61,32,62,79
61,32,79,75
61,32,75,46
61,32,46,42
61,32,42,41
61,32,41,40
61,32,40,36
61,32,36,32
61,33,61,62
61,33,62,79
61,33,79,75
61,33,75,46
61,33,46,42
61,33,42,41
61,33,41,37
61,33,37,33
61,34,61,62
61,34,62,79
61,34,79,75
61,34,75,46
61,34,46,42
61,34,42,38
61,34,38,34
61,35,61,62
61,35,62,79
61,35,79,75
61,35,75,46
61,35,46,47
61,35,47,43
61,35,43,39
61,35,39,35
61,36,61,62
61,36,62,79
61,36,79,75
61,36,75,46
61,36,46,42
61,36,42,41
61,36,41,40
61,36,40,36
61,37,61,62
61,37,62,79
61,37,79,75
61,37,75,46
61,37,46,42
61,37,42,41
61,37,41,37
61,38,61,62
61,38,62,79
61,38,79,75
61,38,75,46
61,38,46,42
61,38,42,38
61,39,61,62
61,39,62,79
61,39,79,75
61,39,75,46
61,39,46,47
61,39,47,43
61,39,43,39
61,40,61,62
61,40,62,79
61,40,79,75
61,40,75,46
61,40,46,42
61,40,42,41
61,40,41,40
61,41,61,62
61,41,62,79
61,41,79,75
61,41,75,46
61,41,46,42
61,41,42,41
61,42,61,62
61,42,62,79
61,42,79,75
61,42,75,46
61,42,46,42
61,43,61,62
61,43,62,79
61,43,79,75
61,43,75,46
61,43,46,47
61,43,47,43
61,44,61,62
61,44,62,79
61,44,79,75
61,44,75,46
61,44,46,42
61,44,42,41
61,44,41,40
61,44,40,44
61,45,61,62
61,45,62,79
61,45,79,75
61,45,75,46
61,45,46,42
61,45,42,41
61,45,41,45
61,46,61,62
61,46,62,79
61,46,79,75
61,46,75,46
61,47,61,62
61,47,62,79
61,47,79,75
61,47,75,46
61,47,46,47
61,48,61,60
61,48,60,56
61,48,56,52
61,48,52,48
61,49,61,57
61,49,57,53
61,49,53,49
61,50,61,62
61,50,62,58
61,50,58,54
61,50,54,50
61,51,61,62
61,51,62,63
61,51,63,59
61,51,59,55
61,51,55,51
61,52,61,60
61,52,60,56
61,52,56,52
61,53,61,57
61,53,57,53
61,54,61,62
61,54,62,58
61,54,58,54
61,55,61,62
61,55,62,63
61,55,63,59
61,55,59,55
61,56,61,60
61,56,60,56
61,57,61,57
61,58,61,62
61,58,62,58
61,59,61,62
61,59,62,63
61,59,63,59
61,60,61,60
61,62,61,62
61,63,61,62
61,63,62,63
62,0,62,61
62,0,61,78
62,0,78,74
62,0,74,70
62,0,70,66
62,0,66,13
62,0,13,9
62,0,9,8
62,0,8,4
62,0,4,0
62,1,62,61
62,1,61,78
62,1,78,74
62,1,74,70
62,1,70,66
62,1,66,13
62,1,13,9
62,1,9,5
62,1,5,1
62,2,62,61
62,2,61,78
62,2,78,74
62,2,74,70
62,2,70,66
62,2,66,13
62,2,13,14
62,2,14,10
62,2,10,6
62,2,6,2
62,3,62,61
62,3,61,78
62,3,78,74
62,3,74,70
62,3,70,66
62,3,66,13
62,3,13,14
62,3,14,15
62,3,15,11
62,3,11,7
62,3,7,3
62,4,62,61
62,4,61,78
62,4,78,74
62,4,74,70
62,4,70,66
62,4,66,13
62,4,13,9
62,4,9,8
62,4,8,4
62,5,62,61
62,5,61,78
62,5,78,74
62,5,74,70
62,5,70,66
62,5,66,13
62,5,13,9
62,5,9,5
62,6,62,61
62,6,61,78
62,6,78,74
62,6,74,70
62,6,70,66
62,6,66,13
62,6,13,14
62,6,14,10
62,6,10,6
62,7,62,61
62,7,61,78
62,7,78,74
62,7,74,70
62,7,70,66
62,7,66,13
62,7,13,14
62,7,14,15
62,7,15,11
62,7,11,7
62,8,62,61
62,8,61,78
62,8,78,74
62,8,74,70
62,8,70,66
62,8,66,13
62,8,13,9
62,8,9,8
62,9,62,61
62,9,61,78
62,9,78,74
62,9,74,70
62,9,70,66
62,9,66,13
62,9,13,9
62,10,62,61
62,10,61,78
62,10,78,74
62,10,74,70
62,10,70,66
62,10,66,13
62,10,13,14
62,10,14,10
62,11,62,61
62,11,61,78
62,11,78,74
62,11,74,70
62,11,70,66
62,11,66,13
62,11,13,14
62,11,14,15
62,11,15,11
62,12,62,61
62,12,61,78
62,12,78,74
62,12,74,70
62,12,70,66
62,12,66,13
62,12,13,9
62,12,9,8
62,12,8,12
62,13,62,61
62,13,61,78
62,13,78,74
62,13,74,70
62,13,70,66
62,13,66,13
62,14,62,61
62,14,61,78
62,14,78,74
62,14,74,70
62,14,70,66
62,14,66,13
62,14,13,14
62,15,62,61
62,15,61,78
62,15,78,74
62,15,74,70
62,15,70,66
62,15,66,13
62,15,13,14
62,15,14,15
62,16,62,61
62,16,61,78
62,16,78,74
62,16,74,70
62,16,70,29
62,16,29,25
62,16,25,24
62,16,24,20
62,16,20,16
62,17,62,61
62,17,61,78
62,17,78,74
62,17,74,70
62,17,70,29
62,17,29,25
62,17,25,21
62,17,21,17
62,18,62,61
62,18,61,78
62,18,78,74
62,18,74,70
62,18,70,29
62,18,29,30
62,18,30,26
62,18,26,22
62,18,22,18
62,19,62,61
62,19,61,78
62,19,78,74
62,19,74,70
62,19,70,29
62,19,29,30
62,19,30,31
62,19,31,27
62,19,27,23
62,19,23,19
62,20,62,61
62,20,61,78
62,20,78,74
62,20,74,70
62,20,70,29
62,20,29,25
62,20,25,24
62,20,24,20
62,21,62,61
62,21,61,78
62,21,78,74
62,21,74,70
62,21,70,29
62,21,29,25
62,21,25,21
62,22,62,61
62,22,61,78
62,22,78,74
62,22,74,70
62,22,70,29
62,22,29,30
62,22,30,26
62,22,26,22
62,23,62,61
62,23,61,78
62,23,78,74
62,23,74,70
62,23,70,29
62,23,29,30
62,23,30,31
62,23,31,27
62,23,27,23
62,24,62,61
62,24,61,78
62,24,78,74
62,24,74,70
62,24,70,29
62,24,29,25
62,24,25,24
62,25,62,61
62,25,61,78
62,25,78,74
62,25,74,70
62,25,70,29
62,25,29,25
62,26,62,61
62,26,61,78
62,26,78,74
62,26,74,70
62,26,70,29
62,26,29,30
62,26,30,26
62,27,62,61
62,27,61,78
62,27,78,74
62,27,74,70
62,27,70,29
62,27,29,30
62,27,30,31
62,27,31,27
62,28,62,61
62,28,61,78
62,28,78,74
62,28,74,70
62,28,70,29
62,28,29,25
62,28,25,24
62,28,24,28
62,29,62,61
62,29,61,78
62,29,78,74
62,29,74,70
62,29,70,29
62,30,62,61
62,30,61,78
62,30,78,74
62,30,74,70
62,30,70,29
62,30,29,30
62,31,62,61
62,31,61,78
62,31,78,74
62,31,74,70
62,31,70,29
62,31,29,30
62,31,30,31
62,32,62,61
62,32,61,78
62,32,78,74
62,32,74,45
62,32,45,41
62,32,41,40
62,32,40,36
62,32,36,32
62,33,62,61
62,33,61,78
62,33,78,74
62,33,74,45
62,33,45,41
62,33,41,37
62,33,37,33
62,34,62,61
62,34,61,78
62,34,78,74
62,34,74,45
62,34,45,46
62,34,46,42
62,34,42,38
62,34,38,34
62,35,62,61
62,35,61,78
62,35,78,74
62,35,74,45
62,35,45,46
62,35,46,47
62,35,47,43
62,35,43,39
62,35,39,35
62,36,62,61
62,36,61,78
62,36,78,74
62,36,74,45
62,36,45,41
62,36,41,40
62,36,40,36
62,37,62,61
62,37,61,78
62,37,78,74
62,37,74,45
62,37,45,41
62,37,41,37
62,38,62,61
62,38,61,78
62,38,78,74
62,38,74,45
62,38,45,46
62,38,46,42
62,38,42,38
62,39,62,61
62,39,61,78
62,39,78,74
62,39,74,45
62,39,45,46
62,39,46,47
62,39,47,43
62,39,43,39
62,40,62,61
62,40,61,78
62,40,78,74
62,40,74,45
62,40,45,41
62,40,41,40
62,41,62,61
62,41,61,78
62,41,78,74
62,41,74,45
62,41,45,41
62,42,62,61
62,42,61,78
62,42,78,74
62,42,74,45
62,42,45,46
62,42,46,42
62,43,62,61
62,43,61,78
62,43,78,74
62,43,74,45
62,43,45,46
62,43,46,47
62,43,47,43
62,44,62,61
62,44,61,78
62,44,78,74
62,44,74,45
62,44,45,41
62,44,41,40
62,44,40,44
62,45,62,61
62,45,61,78
62,45,78,74
62,45,74,45
62,46,62,61
62,46,61,78
62,46,78,74
62,46,74,45
62,46,45,46
62,47,62,61
62,47,61,78
62,47,78,74
62,47,74,45
62,47,45,46
62,47,46,47
62,48,62,61
62,48,61,60
62,48,60,56
62,48,56,52
62,48,52,48
62,49,62,61
62,49,61,57
62,49,57,53
62,49,53,49
62,50,62,58
62,50,58,54
62,50,54,50
62,51,62,63
62,51,63,59
62,51,59,55
62,51,55,51
62,52,62,61
62,52,61,60
62,52,60,56
62,52,56,52
62,53,62,61
62,53,61,57
62,53,57,53
62,54,62,58
62,54,58,54
62,55,62,63
62,55,63,59
62,55,59,55
62,56,62,61
62,56,61,60
62,56,60,56
62,57,62,61
62,57,61,57
62,58,62,58
62,59,62,63
62,59,63,59
62,60,62,61
62,60,61,60
62,61,62,61
62,63,62,63
63,0,63,62
63,0,62,79
63,0,79,75
63,0,75,71
63,0,71,67
63,0,67,14
63,0,14,10
63,0,10,9
63,0,9,8
63,0,8,4
63,0,4,0
63,1,63,62
63,1,62,79
63,1,79,75
63,1,75,71
63,1,71,67
63,1,67,14
63,1,14,10
63,1,10,9
63,1,9,5
63,1,5,1
63,2,63,62
63,2,62,79
63,2,79,75
63,2,75,71
63,2,71,67
63,2,67,14
63,2,14,10
63,2,10,6
63,2,6,2
63,3,63,62
63,3,62,79
63,3,79,75
63,3,75,71
63,3,71,67
63,3,67,14
63,3,14,15
63,3,15,11
63,3,11,7
63,3,7,3
63,4,63,62
63,4,62,79
63,4,79,75
63,4,75,71
63,4,71,67
63,4,67,14
63,4,14,10
63,4,10,9
63,4,9,8
63,4,8,4
63,5,63,62
63,5,62,79
63,5,79,75
63,5,75,71
63,5,71,67
63,5,67,14
63,5,14,10
63,5,10,9
63,5,9,5
63,6,63,62
63,6,62,79
63,6,79,75
63,6,75,71
63,6,71,67
63,6,67,14
63,6,14,10
63,6,10,6
63,7,63,62
63,7,62,79
63,7,79,75
63,7,75,71
63,7,71,67
63,7,67,14
63,7,14,15
63,7,15,11
63,7,11,7
63,8,63,62
63,8,62,79
63,8,79,75
63,8,75,71
63,8,71,67
63,8,67,14
63,8,14,10
63,8,10,9
63,8,9,8
63,9,63,62
63,9,62,79
63,9,79,75
63,9,75,71
63,9,71,67
63,9,67,14
63,9,14,10
63,9,10,9
63,10,63,62
63,10,62,79
63,10,79,75
63,10,75,71
63,10,71,67
63,10,67,14
63,10,14,10
63,11,63,62
63,11,62,79
63,11,79,75
63,11,75,71
63,11,71,67
63,11,67,14
63,11,14,15
63,11,15,11
63,12,63,62
63,12,62,79
63,12,79,75
63,12,75,71
63,12,71,67
63,12,67,14
63,12,14,10
63,12,10,9
63,12,9,8
63,12,8,12
63,13,63,62
63,13,62,79
63,13,79,75
63,13,75,71
63,13,71,67
63,13,67,14
63,13,14,10
63,13,10,9
63,13,9,13
63,14,63,62
63,14,62,79
63,14,79,75
63,14,75,71
63,14,71,67
63,14,67,14
63,15,63,62
63,15,62,79
63,15,79,75
63,15,75,71
63,15,71,67
63,15,67,14
63,15,14,15
63,16,63,62
63,16,62,79
63,16,79,75
63,16,75,71
63,16,71,30
63,16,30,26
63,16,26,25
63,16,25,24
63,16,24,20
63,16,20,16
63,17,63,62
63,17,62,79
63,17,79,75
63,17,75,71
63,17,71,30
63,17,30,26
63,17,26,25
63,17,25,21
63,17,21,17
63,18,63,62
63,18,62,79
63,18,79,75
63,18,75,71
63,18,71,30
63,18,30,26
63,18,26,22
63,18,22,18
63,19,63,62
63,19,62,79
63,19,79,75
63,19,75,71
63,19,71,30
63,19,30,31
63,19,31,27
63,19,27,23
63,19,23,19
63,20,63,62
63,20,62,79
63,20,79,75
63,20,75,71
63,20,71,30
63,20,30,26
63,20,26,25
63,20,25,24
63,20,24,20
63,21,63,62
63,21,62,79
63,21,79,75
63,21,75,71
63,21,71,30
63,21,30,26
63,21,26,25
63,21,25,21
63,22,63,62
63,22,62,79
63,22,79,75
63,22,75,71
63,22,71,30
63,22,30,26
63,22,26,22
63,23,63,62
63,23,62,79
63,23,79,75
63,23,75,71
63,23,71,30
63,23,30,31
63,23,31,27
63,23,27,23
63,24,63,62
63,24,62,79
63,24,79,75
63,24,75,71
63,24,71,30
63,24,30,26
63,24,26,25
63,24,25,24
63,25,63,62
63,25,62,79
63,25,79,75
63,25,75,71
63,25,71,30
63,25,30,26
63,25,26,25
63,26,63,62
63,26,62,79
63,26,79,75
63,26,75,71
63,26,71,30
63,26,30,26
63,27,63,62
63,27,62,79
63,27,79,75
63,27,75,71
63,27,71,30
63,27,30,31
63,27,31,27
63,28,63,62
63,28,62,79
63,28,79,75
63,28,75,71
63,28,71,30
63,28,30,26
63,28,26,25
63,28,25,24
63,28,24,28
63,29,63,62
63,29,62,79
63,29,79,75
63,29,75,71
63,29,71,30
63,29,30,26
63,29,26,25
63,29,25,29
63,30,63,62
63,30,62,79
63,30,79,75
63,30,75,71
63,30,71,30
63,31,63,62
63,31,62,79
63,31,79,75
63,31,75,71
63,31,71,30
63,31,30,31
63,32,63,62
63,32,62,79
63,32,79,75
63,32,75,46
63,32,46,42
63,32,42,41
63,32,41,40
63,32,40,36
63,32,36,32
63,33,63,62
63,33,62,79
63,33,79,75
63,33,75,46
63,33,46,42
63,33,42,41
63,33,41,37
63,33,37,33
63,34,63,62
63,34,62,79
63,34,79,75
63,34,75,46
63,34,46,42
63,34,42,38
63,34,38,34
63,35,63,62
63,35,62,79
63,35,79,75
63,35,75,46
63,35,46,47
63,35,47,43
63,35,43,39
63,35,39,35
63,36,63,62
63,36,62,79
63,36,79,75
63,36,75,46
63,36,46,42
63,36,42,41
63,36,41,40
63,36,40,36
63,37,63,62
63,37,62,79
63,37,79,75
63,37,75,46
63,37,46,42
63,37,42,41
63,37,41,37
63,38,63,62
63,38,62,79
63,38,79,75
63,38,75,46
63,38,46,42
63,38,42,38
63,39,63,62
63,39,62,79
63,39,79,75
63,39,75,46
63,39,46,47
63,39,47,43
63,39,43,39
63,40,63,62
63,40,62,79
63,40,79,75
63,40,75,46
63,40,46,42
63,40,42,41
63,40,41,40
63,41,63,62
63,41,62,79
63,41,79,75
63,41,75,46
63,41,46,42
63,41,42,41
63,42,63,62
63,42,62,79
63,42,79,75
63,42,75,46
63,42,46,42
63,43,63,62
63,43,62,79
63,43,79,75
63,43,75,46
63,43,46,47
63,43,47,43
63,44,63,62
63,44,62,79
63,44,79,75
63,44,75,46
63,44,46,42
63,44,42,41
63,44,41,40
63,44,40,44
63,45,63,62
63,45,62,79
63,45,79,75
63,45,75,46
63,45,46,42
63,45,42,41
63,45,41,45
63,46,63,62
63,46,62,79
63,46,79,75
63,46,75,46
63,47,63,62
63,47,62,79
63,47,79,75
63,47,75,46
63,47,46,47
63,48,63,62
63,48,62,61
63,48,61,60
63,48,60,56
63,48,56,52
63,48,52,48
63,49,63,62
63,49,62,61
63,49,61,57
63,49,57,53
63,49,53,49
63,50,63,62
63,50,62,58
63,50,58,54
63,50,54,50
63,51,63,59
63,51,59,55
63,51,55,51
63,52,63,62
63,52,62,61
63,52,61,60
63,52,60,56
63,52,56,52
63,53,63,62
63,53,62,61
63,53,61,57
63,53,57,53
63,54,63,62
63,54,62,58
63,54,58,54
63,55,63,59
63,55,59,55
63,56,63,62
63,56,62,61
63,56,61,60
63,56,60,56
63,57,63,62
63,57,62,61
63,57,61,57
63,58,63,62
63,58,62,58
63,59,63,59
63,60,63,62
63,60,62,61
63,60,61,60
63,61,63,62
63,61,62,61
63,62,63,62
